ID,extensive,Sky,High rise building,Low rise building,Grass,Hard ground,Tree,Water,Railing,Road,Barren land,Building interior,Floor,Hue_Mean,Hue_Std,Saturation_Mean,Saturation_Std,Brightness_Mean,Brightness_Std,EdgePixelRatio,Entropy,Colorfulness,Contrast,Sharpness,Image_Variance
104104481434,2.178714859437751,0.0906,0.0432,0.0005,0.095,0.0172,0.0179,0.0,0.0284,0.0,0.0,0.7072,1,19.97001201923077,33.481925947353844,18.613040865384615,43.687020858308614,104.24732572115384,113.99343579042156,14.688551682692308,4.287160681342568,18.788781324664836,112.21572297500585,1389.5036681189904,12592.368482803253
104105588631,4.608433734939759,0.1422,0.1169,0.0257,0.0,0.0143,0.0359,0.0,0.1679,0.0031,0.0,0.4939,3,67.01965144230769,53.1251864102942,43.09239783653846,76.65132697992928,100.40991586538462,98.36295436341209,38.59480168269231,5.123425516513082,7.640045915253103,96.73121348459262,2296.542066119493,9356.927662201831
104105683403,2.208835341365462,0.1007,0.1304,0.0106,0.0048,0.0187,0.0419,0.0,0.1101,0.0,0.0,0.5828,2,39.927794471153845,52.022512546031344,24.21607572115385,56.89487163403993,89.09666466346154,94.22249969094509,46.93134014423077,5.248435672817058,11.105825672723553,92.08263726863426,3591.361027621658,8479.21208634687
104105980871,4.267068273092369,0.0936,0.0,0.004,0.001,0.0029,0.0266,0.0006,0.0518,0.0062,0.0,0.8133,3,45.16334134615385,49.91963074329521,43.762650240384616,75.51357815654792,75.09984975961538,99.9905138528368,28.434645432692307,5.022904031659402,20.467077294511412,97.54229956855364,3519.3962673354295,9514.50020512146
104106057649,3.2931726907630523,0.1024,0.0406,0.0012,0.0,0.0266,0.1319,0.0,0.1144,0.0,0.0,0.583,1,71.80757211538462,42.76925444002241,56.522025240384615,62.94030860729151,121.5408653846154,89.970407531936,48.87755408653846,5.387450344160523,24.616959467270696,87.84284000888701,2796.9826192099663,7716.364540826921
104106690875,4.738955823293173,0.1768,0.0719,0.0241,0.0015,0.0053,0.0237,0.0075,0.0441,0.0,0.0001,0.6449,2,57.31493389423077,47.44380284527275,53.64705528846154,75.2719189884493,119.46688701923075,96.33621568033188,32.970703125,5.02492899683812,20.25222156852142,93.48958517929036,2531.8806489806766,8740.30253699579
104106709500,0.7429718875502008,0.0177,0.0625,0.0002,0.0303,0.0049,0.0895,0.0,0.0886,0.0004,0.0,0.7058,1,53.84690504807692,46.36118618814918,46.947085336538464,70.84270602477994,82.37806490384615,77.4444041412539,53.13777043269231,5.290661979924866,16.949018642227315,73.81505071492512,2596.3086075741016,5448.661712046968
104106715634,4.748995983935743,0.216,0.0139,0.0039,0.0163,0.006,0.0448,0.0651,0.0935,0.0032,0.001,0.5362,3,77.90252403846154,55.00724487575739,31.33446514423077,57.4317733994666,132.326953125,99.9857371774278,24.657151442307693,5.081056766810659,10.82716359650537,98.35617015557162,1950.0403724661376,9673.936207671755
104106715943,0.9939759036144579,0.0247,0.04,0.0,0.0155,0.0002,0.2164,0.0,0.1381,0.0,0.0,0.5651,1,30.76856971153846,41.28759487427612,70.60171274038461,85.59372212667944,60.53897235576923,68.44338081794398,50.50961538461539,5.0811136617323305,15.952405914797849,64.81015720297458,2886.0251897642593,4200.3564766742775
104106729605,3.0220883534136544,0.123,0.1094,0.0015,0.0035,0.0038,0.0543,0.0057,0.0401,0.0017,0.0,0.657,2,77.08004807692308,52.173905055570536,44.50357572115384,64.712995155702,111.4561298076923,88.7155258662944,37.22325721153846,5.203186185667284,18.353098321014272,86.51313676795928,1965.985365791095,7484.522833431628
104106734438,3.8152610441767068,0.193,0.1231,0.0204,0.0033,0.0074,0.0177,0.0,0.1098,0.0106,0.0028,0.5118,2,57.50486778846154,56.6010618687496,40.00760216346154,70.31594715410057,112.61003605769233,100.63429768439482,43.41436298076923,5.143334237560247,11.7603625411086,99.28950750702175,4455.413089025374,9858.406300986928
104106746366,3.7951807228915664,0.0881,0.0666,0.0008,0.0027,0.0045,0.0399,0.0001,0.0726,0.0014,0.0,0.7234,2,74.02578125,48.46612859910353,49.33016826923077,71.70040753605986,100.37025240384617,94.51035469157164,43.78981370192308,5.288831316998188,14.838033129649682,92.42434708392923,3608.5026995226626,8542.25993389062
104106750365,0.12048192771084337,0.0322,0.0536,0.0031,0.0086,0.0001,0.1711,0.0,0.039,0.0,0.0,0.6923,1,52.02701322115384,43.48823293374134,51.044381009615385,67.87751922148101,65.3889423076923,70.348094736218,41.02373798076923,5.174143580147451,15.619335963893263,67.13574482087031,1528.1807237216567,4507.208232653014
104106756808,2.9116465863453813,0.1837,0.101,0.0262,0.0048,0.0086,0.0161,0.0,0.1177,0.0052,0.0005,0.5361,2,69.76000600961538,51.77898730839235,41.22647235576923,69.28324191687668,117.55459735576925,100.4851672339385,44.02734375,5.10138962375696,13.855611839128017,99.05266915659368,4654.927942801029,9811.431267045602
104106769963,0.08032128514056225,0.0497,0.0773,0.003,0.0015,0.0,0.1706,0.0,0.0326,0.0,0.0,0.6653,1,39.89894831730769,41.67489544020064,47.04113581730769,70.90076028539086,90.29350961538462,87.05034342037759,36.357421875,5.145520897028756,15.175026737645466,84.48806420801824,2353.779972490841,7138.232993618214
104106802049,1.4859437751004017,0.0787,0.2021,0.0087,0.0049,0.0073,0.1262,0.0055,0.1138,0.0006,0.0,0.4524,1,67.06853966346154,46.8489185970046,46.465655048076925,62.95688789867091,116.85450721153846,87.10973915910743,52.66271033653846,5.374632008316181,17.984480953255883,84.98148306495796,4154.936869333482,7221.852463919736
104106813033,4.116465863453815,0.1534,0.0702,0.0008,0.0408,0.0102,0.0914,0.0,0.1167,0.0,0.0,0.5166,1,64.20826322115384,42.627782846649424,56.48740985576923,71.9171341227567,113.99426081730768,93.06662340141403,45.85862379807692,5.163107838299261,19.542435025361343,91.06275155175348,3441.7455590928653,8292.424720176381
104106820573,1.8473895582329318,0.0974,0.1187,0.0006,0.0209,0.0178,0.0362,0.0038,0.0991,0.0048,0.0,0.6008,1,81.06090745192307,50.032028666103095,51.43197115384616,69.91640311801449,136.91346153846155,94.52955168042618,53.55919471153846,5.216161061995214,19.0203949404708,92.75396672488776,4597.719805781799,8603.298343201586
104106837135,4.708835341365462,0.0793,0.0245,0.0028,0.003,0.0022,0.0197,0.008,0.0414,0.0006,0.0,0.8185,3,68.51856971153846,57.859311745358525,42.47506009615385,73.91280947470138,104.34654447115383,107.41056547845128,31.323317307692307,4.933386516597823,15.538215230888342,105.8847820568609,2569.6173891652124,11211.58707122893
104106852409,4.759036144578313,0.144,0.0569,0.0087,0.0219,0.007,0.0397,0.0003,0.0295,0.0093,0.0106,0.6721,3,46.09152644230769,50.16738664716862,58.73227163461539,76.00893532609823,166.24254807692307,92.22633278457904,38.50285456730769,4.872592928248187,25.05518370772288,91.17629940225486,2778.5970970659428,8313.11757268962
104106881654,3.283132530120482,0.125,0.0794,0.0375,0.0086,0.0074,0.0427,0.0,0.1207,0.0,0.0,0.5786,1,57.61986177884615,52.92425416410749,36.35363581730769,62.16297909007376,103.1416766826923,97.1527848886063,44.18825120192308,5.232028818980565,14.082802437572283,95.26906392173458,3966.534952988484,9076.194540523553
104106894431,1.6566265060240963,0.0189,0.0937,0.0011,0.0286,0.0126,0.0223,0.0,0.0723,0.0,0.0,0.7506,1,65.62518028846154,58.47792680700454,41.85706129807692,70.3478511646192,102.82848557692309,98.01310943574951,49.62079326923077,5.274528987320138,18.202476474130805,95.17574332107937,4627.346224791398,9058.422116719985
104106931220,2.5301204819277108,0.1575,0.2133,0.0063,0.0048,0.0173,0.029,0.0,0.1125,0.0009,0.0,0.4584,3,84.86186899038462,34.388684344271624,51.994681490384615,68.01413881454803,136.88137019230768,86.73550810868967,54.04191706730769,5.33355304018456,17.04529805240432,85.27259455294093,4616.363052639031,7271.415381790252
104106936543,4.628514056224899,0.1585,0.0093,0.0038,0.0175,0.0072,0.0317,0.0969,0.1278,0.0,0.0118,0.5354,3,65.16670673076923,48.02800136999962,57.71213942307692,64.53666926296619,147.7982872596154,98.10127207331747,31.76006610576923,5.042888297918498,25.462205374748184,96.45210873437412,2052.536098588571,9303.00927930753
104106945388,4.036144578313253,0.2227,0.0196,0.0229,0.026,0.0095,0.0731,0.0001,0.0839,0.0306,0.0027,0.5089,3,61.42433894230769,54.93950111364215,36.60504807692307,64.24889177806281,125.5959735576923,101.13178097517536,35.30769230769231,5.209494803546681,13.037619911341253,99.493026020378,2747.753422027227,9898.862226691614
104107001320,4.146586345381526,0.1415,0.0663,0.0248,0.0042,0.012,0.0667,0.0172,0.0468,0.0004,0.0,0.6202,3,70.02286658653846,47.598035092504574,42.42911658653846,65.34258342547203,131.82025240384615,96.49509732929512,38.76337139423077,5.136592580866861,16.976862858474206,95.0745280014658,3235.1563531999755,9039.165874701506
104107057634,4.016064257028113,0.1259,0.0872,0.003,0.0038,0.0012,0.0353,0.0061,0.0672,0.0014,0.001,0.6678,3,53.21484375,47.03406085619893,52.28296274038462,76.96058953739455,134.37503004807692,98.89186594122916,43.72085336538461,5.060963035391323,14.245535041154364,97.50529691791192,4594.53302491679,9507.282927050168
104107083244,3.7248995983935744,0.1687,0.168,0.0307,0.0,0.0087,0.0419,0.0,0.1215,0.0,0.0004,0.46,2,55.11508413461539,51.31957438226251,25.649549278846155,56.185948493285395,120.85417668269233,94.24959691166885,51.85051081730769,5.242661463889573,8.761704514480826,93.08496474902944,4727.646883321006,8664.810662328055
104107086323,0.1706827309236948,0.0226,0.0344,0.0,0.0,0.0013,0.1808,0.0,0.0406,0.0,0.0,0.7202,1,25.648106971153847,35.16198777140783,34.10252403846154,63.4626693598928,55.41481370192308,78.68132966292187,31.783052884615383,5.232900926802158,16.536320743088343,75.30519842827239,1631.0212993183925,5670.872910321479
104107090377,3.1224899598393576,0.1871,0.0943,0.0328,0.0012,0.0107,0.0214,0.0,0.0446,0.0242,0.0002,0.5834,3,60.9421875,53.109073056191825,28.486868990384615,58.57970876933124,119.6108173076923,105.28766702561792,30.69501201923077,5.0260959077219365,10.72177265084806,103.48367651001172,2047.887505141941,10708.871304028751
104107096406,4.969879518072289,0.164,0.0988,0.0108,0.0007,0.0143,0.0608,0.0,0.0947,0.0007,0.0001,0.5552,1,54.541195913461536,52.73503123392331,26.630859375,56.31486914129249,124.47151442307693,100.5101059600992,45.20733173076923,5.120584685148449,9.23894091632196,99.37604243973064,4743.754546447394,9875.597810983149
104107110878,0.24096385542168675,0.0458,0.2008,0.0,0.0001,0.0026,0.0295,0.0,0.0743,0.0,0.0,0.6469,2,67.27737379807692,59.25694756067707,43.550240384615385,75.42550212053297,88.715234375,93.46230315835268,41.17698317307692,5.248816147202809,12.492018557049,90.90949510888132,3102.0378022423015,8264.536300951715
104107110887,2.9718875502008033,0.0841,0.1142,0.006,0.0074,0.0172,0.0329,0.0,0.0299,0.0,0.0,0.7084,2,71.40880408653847,43.9311029169275,63.18828125,76.86156430230795,121.47496995192309,97.50283020269286,38.80168269230769,5.015818747731026,24.32296353298622,94.6727425439736,2543.7876402643874,8962.92818079751
104107112373,0.7530120481927711,0.0476,0.1997,0.039,0.0114,0.0102,0.034,0.0,0.052,0.0007,0.0021,0.6032,1,47.68972355769231,31.493625387811583,37.69378004807693,61.586222077456064,136.06105769230768,90.69271341817112,52.25661057692308,5.217411937414882,15.34922578553138,88.81119429335203,4264.016098242765,7887.428231811524
104107134966,3.9759036144578315,0.1572,0.1232,0.0078,0.005,0.0096,0.0145,0.0001,0.0589,0.0028,0.0025,0.6183,3,53.90772235576923,47.2851624402395,51.458203125,70.42276095292472,120.94266826923077,97.91647561184853,39.50661057692308,5.283261266227022,19.552211636350016,95.86275878632372,3284.698278511544,9189.668522124884
104107144403,2.3092369477911645,0.1864,0.1415,0.0134,0.0059,0.009,0.0207,0.0033,0.0701,0.0049,0.0005,0.5441,3,44.48807091346154,47.0597925669769,36.74909855769231,66.5937311556837,105.51433293269233,99.09620561678416,34.265625,5.209149113747878,13.988542763798186,96.90133791365308,2905.193225364008,9389.86928945598
104107156101,4.196787148594377,0.1385,0.0883,0.0792,0.0024,0.0055,0.0333,0.0,0.0361,0.001,0.0,0.6157,1,62.627974759615384,50.543319361477295,50.04212740384615,72.80102190344371,118.8153545673077,97.60684301779628,36.64092548076923,5.215847366754057,20.589292659360456,95.48075427176948,2705.0565225129435,9116.574436306024
104107181532,4.508032128514056,0.2369,0.0179,0.0574,0.0,0.0007,0.0374,0.0004,0.079,0.0088,0.0,0.5616,3,55.85135216346154,47.1430788237696,38.75135216346154,64.93049710499267,128.3856971153846,106.18539427098806,29.576322115384617,4.97052590905062,16.70585293918541,104.34944449388736,2614.183380501651,10888.806566182877
104107184967,2.0481927710843375,0.054,0.1126,0.0,0.0023,0.0109,0.0787,0.0,0.0774,0.0,0.0,0.664,1,65.13209134615384,52.24825670123912,48.01685697115385,60.38048319364704,116.55685096153846,81.5523255586612,62.79987980769231,5.370836483407707,17.270003312627985,79.52814458789477,4363.551488791923,6324.725781593096
104107185014,1.5160642570281124,0.0358,0.1292,0.0003,0.0076,0.0129,0.0526,0.0,0.0863,0.0,0.0,0.6754,1,65.11180889423076,58.53768380670577,52.88683894230769,80.0377029236007,80.05402644230769,85.53603865077343,49.55949519230769,5.316800237537368,15.069299642797382,82.97968647489087,4466.549065113857,6885.628367471188
104107196040,4.849397590361446,0.173,0.0166,0.0392,0.0223,0.0049,0.0343,0.0001,0.094,0.0158,0.0,0.5998,2,37.17355769230769,44.430838220080645,46.99275841346154,77.96545579498039,101.977734375,105.74627091834572,24.128455528846153,4.976499499921367,17.048763218172816,103.90443343914828,1975.6114145710055,10796.131288310396
104107238512,3.112449799196787,0.1792,0.1504,0.0454,0.0238,0.0325,0.1134,0.0,0.1187,0.0,0.0,0.3366,1,76.23353365384615,47.82907800091004,33.59411057692308,49.00388562819126,132.12974759615383,86.62090326190005,41.59074519230769,5.262413213425444,13.12183632054407,85.48438932208072,2435.9867721431215,7307.580817769067
104107239815,0.4919678714859438,0.0949,0.1447,0.0196,0.0094,0.0344,0.0428,0.0,0.2077,0.001,0.0024,0.443,2,34.147265625,39.73616839179003,72.81736778846154,83.43918500917025,101.63094951923075,95.41247268344723,48.03470552884615,5.147868834742467,23.60102070714165,92.74734958450756,3004.5607536352036,8602.070854950854
104107250587,0.7329317269076305,0.0119,0.126,0.0,0.0547,0.0205,0.0968,0.0,0.0911,0.0,0.0331,0.566,1,33.01944110576923,31.6513811473337,79.75423677884615,86.50376563728028,91.6725060096154,88.94681583376162,46.02719350961539,5.219710023055194,29.04466717838128,85.06296923662293,3419.647248758169,7235.70873535066
104107252612,0.7730923694779116,0.0265,0.1162,0.0,0.0009,0.0014,0.0546,0.0,0.0653,0.0,0.0,0.735,1,65.24981971153846,51.871212500437785,57.80120192307693,71.22216830573726,117.55907451923076,85.45872468967573,61.82677283653846,5.345386668160055,18.535592346633457,83.44241235703373,4979.384276830007,6962.636179961255
104107258151,2.429718875502008,0.1141,0.1232,0.0029,0.0,0.0012,0.0116,0.0,0.0712,0.0,0.0012,0.6745,3,62.18837139423077,53.89294166818627,54.26141826923077,71.92073872037652,131.06790865384616,92.1095267584452,48.09600360576923,5.111972072490793,16.209898779451,91.0948770378355,3630.83808846468,8298.27662253837
104107277214,3.6244979919678717,0.1676,0.0846,0.0232,0.0029,0.0093,0.0194,0.0124,0.024,0.0063,0.0037,0.6468,2,39.006520432692305,26.638754564423103,39.512109375,62.754800115191614,158.276171875,102.62203756152064,33.58368389423077,4.5208517650573405,18.41615977526952,101.55071197022616,2693.2495033535024,10312.547101659831
104107286515,3.1927710843373496,0.1618,0.1907,0.0043,0.0161,0.0105,0.0436,0.0,0.1131,0.0011,0.0,0.4587,2,39.40474759615385,39.23120417864439,28.978876201923075,56.34471090363319,121.3448016826923,99.2464272270214,43.38371394230769,5.254897609710384,12.871100877726832,97.76604441426662,3418.793083755222,9558.199440412352
104107289175,0.7630522088353414,0.0876,0.1004,0.0081,0.0009,0.0144,0.0662,0.0,0.0718,0.0,0.0,0.6507,1,69.7204326923077,45.32301764731615,74.6006610576923,80.50947051939295,104.55703125,89.24189014454556,45.33759014423077,5.25357947818692,30.05966196624907,85.63781317989228,3399.320513807669,7333.835046234131
104107305834,3.3634538152610443,0.1477,0.2289,0.0175,0.0872,0.0,0.0591,0.0084,0.1033,0.0,0.0,0.3479,1,45.53518629807692,36.47340508852102,52.217728365384616,66.04393577408894,136.80591947115386,86.72892142944953,48.75495793269231,5.239076484813786,22.725634337593203,84.73850888876969,3605.0917096191047,7180.614888692099
104107340288,3.4437751004016066,0.1492,0.0505,0.0108,0.0002,0.0113,0.0579,0.0,0.08,0.0,0.0,0.6401,2,68.12016225961538,52.58439715592942,38.15297475961538,61.90766042774014,129.95904447115385,100.73628628417543,41.85892427884615,5.046009087227812,14.383987660906604,99.70500599265084,3866.6391650354512,9941.08821999454
104107350098,3.0120481927710845,0.1447,0.1331,0.0073,0.0,0.0056,0.048,0.0,0.0963,0.001,0.0,0.564,2,62.50366586538462,53.53695410939468,52.161177884615384,75.00611181864481,115.5564903846154,90.6847945638432,41.63671875,5.067534092331911,15.034032514298064,89.1450306112274,2404.382689241488,7946.83648267667
104107403238,0.642570281124498,0.1154,0.1138,0.0195,0.0021,0.0168,0.0526,0.0,0.1584,0.0058,0.0039,0.5117,1,84.478515625,49.348927098056784,55.228335336538464,74.54065139459043,92.33428485576924,84.00401956403067,53.57451923076923,5.248322886981093,12.120256202808871,81.91133032843382,3059.3697500294343,6709.466036173802
104107408279,0.050200803212851405,0.0173,0.0078,0.0,0.0301,0.0156,0.2728,0.0,0.1228,0.0,0.0,0.5337,1,42.13290264423077,40.2157093732881,52.87977764423077,70.59210857439663,81.44299879807693,78.7173443947094,54.92307692307692,5.283460581368034,18.538804078080343,74.71914108101026,3666.616073582215,5582.950043883915
104107427714,0.7831325301204819,0.059,0.1647,0.0012,0.0154,0.0045,0.086,0.0,0.1078,0.0,0.0,0.5615,1,68.71787860576923,49.71472952554166,45.04825721153846,68.36877795196708,101.30150240384616,92.6028382869579,52.43284254807692,5.367557679406929,13.416263240676823,90.37778308546416,4809.525627773669,8168.14367544321
104107445277,0.41164658634538154,0.0708,0.0028,0.0007,0.0789,0.0,0.1709,0.0,0.1112,0.0,0.0001,0.5646,1,39.1640625,43.731759322029795,40.64393028846154,64.7288590779538,85.94350961538461,85.9199576147984,44.55603966346154,5.158905858965603,14.6410223770843,83.61565169730362,3167.1435214034764,6991.577208764794
104107455173,1.5863453815261044,0.0891,0.0777,0.0091,0.0039,0.0178,0.0325,0.0018,0.0553,0.0247,0.0,0.688,1,48.093930288461536,54.07938997334725,30.07893629807692,68.00894702928433,77.71670673076923,96.76320769131246,28.465294471153847,5.014128110920428,7.222739198054731,94.6598664930747,2426.0577181627623,8960.490324486727
104107479776,3.4136546184738954,0.1722,0.1042,0.0002,0.0012,0.0024,0.0168,0.0004,0.0866,0.0,0.0,0.6161,3,66.89059495192308,50.41319792004709,46.932181490384615,67.80886952653805,132.1853966346154,91.32087179656152,44.77058293269231,5.204206065530014,14.668110083310154,90.16004606957316,3484.6323760363334,8128.8339072675535
104107503214,4.367469879518072,0.172,0.1495,0.0232,0.0058,0.0215,0.0355,0.0002,0.1065,0.0003,0.0002,0.4853,2,80.0239483173077,46.961524603281745,47.02208533653846,73.23571310841129,119.02385817307692,96.60479423781145,43.63656850961539,5.12295605021146,13.289432219451944,94.84254866365052,3553.113604944894,8995.109037016919
104107512304,3.995983935742972,0.1249,0.103,0.0014,0.0015,0.0085,0.016,0.0058,0.0845,0.0051,0.005,0.6444,2,49.38407451923077,50.27719938132057,51.52971754807693,78.56127695665114,95.06793870192308,89.89291629465461,32.84044471153846,5.171140089326103,17.016236891621084,87.2551617816608,2142.2272339363776,7613.4632575438
104107524436,4.457831325301205,0.1311,0.0106,0.0183,0.0015,0.0002,0.0535,0.0003,0.0202,0.0347,0.0053,0.7243,2,88.53043870192307,36.49217149878812,40.982602163461536,62.90596493559848,168.21971153846152,89.26268720916599,28.57256610576923,4.764567067959912,15.192290891192073,88.20622580974113,2095.058362747283,7780.338271599043
104107525811,0.3313253012048193,0.0533,0.2069,0.0033,0.0,0.006,0.0291,0.0,0.0825,0.0,0.0,0.619,2,66.16129807692307,56.70703912050951,35.71583533653846,65.99717852879279,106.959375,85.92357423446,59.31355168269231,5.361467007421545,18.785022062719285,83.8903814426271,5694.608797137921,7037.5960985894735
104107526523,3.2329317269076303,0.1502,0.052,0.0225,0.0022,0.0172,0.0238,0.0,0.0583,0.0045,0.0018,0.6675,3,57.69308894230769,47.04639281854967,52.60081129807692,79.09081314603746,100.4541766826923,103.43344927570456,24.442608173076923,4.957755507336522,21.25780307188693,100.60853725266708,2138.660531272211,10122.077768121302
104107540001,0.07028112449799197,0.0274,0.0402,0.0,0.0267,0.0003,0.1405,0.0,0.0366,0.0,0.0,0.7283,1,48.27518028846154,43.64543613621453,42.32887620192308,65.10659100741853,103.57548076923077,86.5290181693158,46.19576322115385,5.207586109183523,15.13137658565354,83.61946272517777,2746.62485105887,6992.214546447393
104107550926,3.0421686746987953,0.1215,0.0722,0.0085,0.0272,0.0243,0.0497,0.0,0.0598,0.0101,0.0019,0.6248,2,54.22578125,53.084417610250334,43.05417668269231,67.66730008789422,99.73167067307692,97.66982772058354,35.82106370192308,5.266657133291426,24.19410218609468,95.1664350188981,2819.3009161738105,9056.650354206156
104107552461,1.6465863453815262,0.0937,0.1981,0.0004,0.0219,0.0241,0.0938,0.0,0.1032,0.0,0.0,0.4646,1,72.33978365384615,53.51971456901978,32.94576322115385,53.21736458815261,140.31484375,87.48895415636551,42.533203125,5.268527876307996,13.327035673037054,85.88641393071433,3235.761452810073,7376.476097877999
104107560265,0.30120481927710846,0.0801,0.2062,0.0125,0.002,0.0122,0.0066,0.0,0.0521,0.0012,0.0009,0.6262,2,59.95688100961539,37.28717617813404,28.691736778846153,51.60822929298813,139.67052283653845,89.18265448990664,39.63686899038461,5.119136383294769,10.451768084238452,87.89779831490888,3563.819844443417,7726.022948608398
104107563575,1.3755020080321285,0.0898,0.1676,0.0091,0.0003,0.011,0.0202,0.0,0.1091,0.0053,0.0,0.5875,2,70.4782451923077,55.7630121956498,35.25661057692308,61.875443506975266,89.51514423076924,85.81869241469283,49.89663461538461,5.308420458766526,10.675390997462491,83.7916521819107,3867.507339798064,7021.040975374301
104107566104,2.8514056224899598,0.1825,0.1513,0.0537,0.0044,0.0322,0.0549,0.0,0.1417,0.0082,0.0,0.3712,2,46.31884014423077,38.052578514306056,30.064723557692307,58.374655787121576,126.3233173076923,97.91812113540465,44.70162259615385,5.1421856373048165,9.872626299223937,96.68177980297804,4047.0769525029104,9347.366545871531
104107573578,2.1586345381526106,0.0946,0.0978,0.004,0.0032,0.0116,0.0454,0.0069,0.1415,0.0043,0.0,0.5906,2,63.994921875,56.427990867114744,56.85877403846154,82.36272492256491,87.56024639423077,86.32465191951734,40.31114783653846,5.1698752330861435,12.964357951355789,84.13927480176167,2944.018521893744,7079.417564166368
104107671918,0.8032128514056225,0.159,0.2935,0.0041,0.015,0.0372,0.1034,0.0011,0.0726,0.0,0.0,0.3141,2,52.42857572115385,46.183928320475864,38.90685096153846,62.64979530774852,108.63404447115384,84.69725213996331,40.92412860576923,5.254233991479454,15.161870836487845,82.22281123534245,2637.762008540588,6760.590687442757
104107707060,1.6867469879518073,0.093,0.0423,0.0087,0.0395,0.0067,0.1154,0.0,0.0845,0.0043,0.0001,0.6056,1,46.83560697115384,42.750904457136585,40.26147836538462,71.23762557338408,94.66436298076924,93.48870685451683,35.00886418269231,5.188453409699607,13.532269652602428,91.30194114185448,2800.035192140658,8336.04445627066
104107722079,3.3433734939759034,0.1762,0.0273,0.0643,0.0028,0.035,0.0159,0.0,0.0536,0.0031,0.0,0.6218,1,69.00297475961538,51.70221534595641,55.09753605769231,75.70453093140709,106.47689302884616,94.24149150387836,32.43434495192308,4.989494938284645,27.864207146862356,91.23392523164628,2267.684896968864,8323.629113173625
104107777564,0.8734939759036144,0.099,0.0778,0.0375,0.0212,0.0136,0.1257,0.0,0.0822,0.0004,0.0,0.5425,1,54.788671875,51.55456661850297,55.879086538461536,68.80863876983686,100.38494591346154,86.86321057559108,42.34930889423077,5.2693144725019305,23.948139265165988,83.29080513615708,1905.6486436615892,6937.35822022929
104107785618,1.5261044176706828,0.1292,0.1711,0.0078,0.0045,0.0117,0.0195,0.0047,0.1301,0.0035,0.0,0.5178,2,60.41893028846154,53.82281831576521,40.52785456730769,67.60033456824355,118.97142427884616,100.02372432287524,49.29131610576923,5.129406100502704,13.100862439659538,98.57237313732396,5944.283829994878,9716.512745923828
104107795179,4.447791164658635,0.202,0.0547,0.0142,0.0027,0.0082,0.048,0.0123,0.1042,0.0029,0.0002,0.5504,3,73.22689302884615,43.16484284431735,36.07019230769231,58.69575186486879,143.32430889423077,104.0686445307244,27.32361778846154,4.899175103644158,14.21753128313293,102.90688275433426,1840.6736467882863,10589.8265182143
104107796270,1.3253012048192772,0.1225,0.1712,0.0106,0.0001,0.0106,0.0459,0.0,0.1122,0.0001,0.0,0.5268,1,41.13798076923077,49.627868908154966,68.78350360576923,80.08317437522821,94.06120793269233,89.5350443583541,43.29176682692308,5.330592991901394,26.08729838849897,86.94392304537986,3715.776904986681,7559.245754520935
104107819138,3.0622489959839356,0.1864,0.2837,0.0104,0.0351,0.0314,0.0587,0.0,0.1401,0.0025,0.0002,0.2515,2,79.07881610576923,52.48629579189375,29.386748798076923,50.78917679440892,150.2762019230769,77.63207711760546,53.16841947115385,5.283961618313077,11.924323426884849,77.0963840931344,4169.192265567216,5943.852440236108
104107836185,3.323293172690763,0.1321,0.1134,0.0087,0.0008,0.0132,0.056,0.0,0.1281,0.001,0.0035,0.5432,1,63.60886418269231,56.49054272903116,43.46727764423077,66.165340584267,124.323046875,93.076197512365,52.095703125,5.30067137423756,19.95796359570428,91.77471832996928,4590.4535247224885,8422.598924545198
104107844041,4.909638554216867,0.1885,0.0174,0.0743,0.0075,0.0081,0.0411,0.0182,0.0705,0.0,0.0,0.5744,2,54.58713942307692,54.69449661168445,28.726472355769232,66.7155650423941,109.22463942307692,107.47019384915872,26.158954326923077,4.7701955392539155,7.192183707470127,105.8966950283474,2531.771619294296,11214.11001792682
104107850200,1.1746987951807228,0.0461,0.1408,0.0036,0.0018,0.0018,0.0157,0.0,0.0942,0.0023,0.0,0.6937,2,72.3897235576923,58.96631088914671,44.42022235576923,67.37775794232971,93.48623798076925,85.99361169827976,55.88852163461539,5.2759579269231835,13.332322917461488,83.79698526741382,4990.105486590143,7021.934739907169
104107858772,3.9457831325301207,0.1869,0.0594,0.0019,0.0001,0.0028,0.0091,0.0388,0.0462,0.0001,0.0068,0.6479,3,51.46198918269231,44.13714010794692,33.68272235576923,68.00996746831086,123.59693509615384,111.34578030211622,26.31219951923077,4.555246614958217,10.453707852212617,109.92141952231913,2549.4704410701956,12082.71846980168
104107890258,2.6907630522088355,0.1286,0.1365,0.0179,0.0103,0.0142,0.0563,0.0,0.0662,0.0,0.0,0.5699,2,54.79759615384615,53.403392344803926,29.353155048076925,60.08671527405605,117.30354567307693,99.34971702770922,34.97821514423077,4.9671780015938864,9.948340777185836,97.5859622317044,2867.758534801415,9523.02002468764
104107931630,3.3333333333333335,0.1326,0.0983,0.0023,0.0227,0.025,0.0174,0.0,0.0804,0.0,0.0,0.6213,2,40.923287259615385,57.86283960974901,30.967578125,65.07328570560999,104.18305288461538,104.12936013960588,39.79777644230769,4.79725828376726,11.71276378359424,102.91557052905992,4327.9083607473885,10591.614657321908
104107973752,4.216867469879518,0.118,0.0076,0.0629,0.0002,0.0032,0.0059,0.0007,0.066,0.0,0.0023,0.7332,3,61.10549879807692,46.42699390475815,54.59140625,70.49138312174539,141.08350360576924,102.17595926119756,36.73287259615385,4.949787127908185,23.557401313056992,100.20865994830876,3548.045005301752,10041.77552863578
104107985531,2.6305220883534135,0.1759,0.1709,0.0324,0.0117,0.0259,0.0325,0.0,0.0686,0.0166,0.0466,0.4188,2,35.350150240384615,44.29052722943228,39.528155048076925,68.34283618473876,122.03248197115384,100.2754598352056,38.75570913461539,5.052121272504832,13.595086990274602,98.38828112002018,2664.4915300213515,9680.25386175212
104108004071,1.2248995983935742,0.0411,0.0567,0.0,0.1299,0.0,0.0844,0.0,0.1623,0.0,0.0,0.5255,1,39.32409855769231,42.1608763117526,66.401171875,80.86724953839816,76.7182391826923,79.54341440688407,44.64798677884615,5.255806176509859,20.403497209233485,75.85511859122549,2868.41571077787,5753.999016488882
104108004256,3.9859437751004014,0.22,0.1884,0.0124,0.0,0.0003,0.0073,0.0,0.0715,0.0029,0.0001,0.4971,3,68.84690504807692,46.48287816149168,30.209405048076924,58.84608132872565,124.80081129807692,100.04900911104224,33.55303485576923,5.113221551398221,12.352973169642008,98.50632550185864,2446.300990141919,9703.49616387813
104108006544,3.504016064257028,0.1171,0.0573,0.0311,0.0017,0.0019,0.0355,0.0189,0.0503,0.0016,0.0,0.6845,2,64.34972956730769,54.24497232151975,34.159344951923075,66.8470947336571,112.29828725961538,105.18253449109488,33.10096153846154,4.7910480100842765,12.95493305546679,103.55863957435122,2638.9386769952716,10724.391830490382
104108024282,1.9377510040160641,0.0685,0.1205,0.0257,0.0016,0.0142,0.0195,0.0,0.0817,0.0013,0.0,0.6671,2,42.344891826923075,50.549460300253976,49.23765024038462,77.93103680256577,84.5903545673077,94.36882594167344,39.98167067307692,5.142674960713522,15.972006568196132,92.08122272531703,3978.553953661496,8478.951578589445
104108037471,1.9879518072289157,0.0581,0.0708,0.0001,0.0008,0.0067,0.0556,0.0,0.0907,0.0005,0.0001,0.7166,2,36.34702524038462,48.95165921671168,26.943569711538466,61.17468289776233,61.99338942307692,86.7654107047377,33.26953125,5.2107032676910725,8.36462027946016,84.65217655675902,3378.5803872653582,7165.9909957967
104108041370,0.7931726907630522,0.0851,0.1712,0.0037,0.0,0.0057,0.0131,0.0,0.086,0.0,0.0,0.6353,2,75.44483173076924,61.52821348795821,27.59657451923077,53.39854113172804,118.11475360576924,94.88662623162222,51.68194110576923,5.116195323198875,10.487736730127258,93.71437700227403,4391.929300557876,8782.384456924348
104108045572,2.1686746987951806,0.1368,0.1482,0.0261,0.0,0.0128,0.0101,0.0,0.061,0.0147,0.0,0.5903,2,62.41120793269231,50.714872037465256,34.508353365384615,65.90660907773312,124.15411658653846,98.41835597361352,33.44576322115385,4.8434352922365855,10.776315988815927,97.1203419840256,2304.7897749716853,9432.360827094084
104108048695,2.9819277108433737,0.0844,0.0904,0.0068,0.0139,0.0206,0.0382,0.0066,0.056,0.0011,0.0,0.6819,1,52.40736177884615,51.62625848146074,67.77307692307693,90.20794558031464,104.4005408653846,93.4526066367732,37.33052884615385,5.0992595281058595,16.473748123409834,90.98781037287384,2554.7600551185383,8278.78163645005
104108050876,3.57429718875502,0.1033,0.1694,0.0247,0.0017,0.0021,0.0118,0.0,0.0481,0.0126,0.0052,0.6211,3,67.9045673076923,39.431286427556586,45.00973557692308,71.47426472653854,136.52920673076923,99.2851340780177,45.91225961538461,5.121318070804318,15.55990541341432,97.52808052173792,3514.846687542616,9511.7264902546
104108079090,0.13052208835341367,0.0276,0.2411,0.0013,0.0009,0.0098,0.0128,0.0,0.0438,0.0,0.0,0.6628,2,58.60483774038462,61.24702460912912,31.519471153846155,63.978950062990485,123.35730168269232,89.44675749098889,52.79296875,5.173239424463599,7.958594020130239,87.17284094682886,3776.5306742750545,7599.104198741123
104108086956,1.857429718875502,0.0962,0.1853,0.0028,0.0238,0.0414,0.0353,0.0,0.0797,0.0004,0.0,0.5351,1,56.508834134615384,59.17357163981157,36.34591346153846,59.53917228333645,124.68548677884615,89.73456500788798,52.79296875,5.282039685605554,13.291319715817126,88.17699025209875,4434.123426430606,7775.181609918718
104108097531,3.4939759036144578,0.2183,0.1453,0.0337,0.0006,0.0128,0.0243,0.0108,0.0888,0.0026,0.0003,0.4625,3,62.02737379807692,48.96497474600699,29.905078125,57.487938519085766,149.41388221153846,97.1470156197434,38.24233774038461,5.008220433083257,9.381968289230851,95.95553886263843,2958.331342307548,9207.465438419318
104108097533,4.377510040160643,0.1789,0.0086,0.0064,0.001,0.0537,0.0692,0.0,0.1001,0.0487,0.0014,0.532,1,71.88359375,45.01777328037697,50.11547475961538,72.61468739473895,130.93121995192308,101.08486705452002,32.08188100961539,5.140976187223339,15.483757791268962,99.68291220055906,2182.2457729714297,9936.682984784367
104108105366,0.44176706827309237,0.0188,0.15,0.0043,0.0215,0.0118,0.0302,0.0,0.0804,0.0001,0.0,0.6829,1,70.98647836538461,58.82805267138889,31.574008413461534,62.826028421936456,109.83927283653846,92.9160338211752,56.31760817307692,5.285598383089473,9.32339153088774,90.57222987769576,4647.585377562032,8203.328825018165
104108114295,0.9036144578313253,0.019,0.0838,0.0104,0.0545,0.0,0.0975,0.0,0.0417,0.0,0.0,0.693,1,70.66673677884616,49.53142479877376,33.49149639423077,58.37361934041976,129.93978365384615,82.84222930198356,42.16541466346154,5.154026925121333,11.788047508186123,80.36047736831193,2011.5703006459976,6457.806322862975
104108125521,1.3453815261044177,0.0342,0.1355,0.0029,0.0036,0.0132,0.0704,0.0,0.1354,0.0,0.0001,0.6048,1,57.82737379807692,61.551204367490975,43.94308894230769,76.10261808822028,85.33494591346154,85.15694351480172,49.84299879807692,5.274293797791478,10.13052032124793,82.68613282336348,2851.0647939603004,6836.996561282908
104108136936,3.9357429718875503,0.1107,0.0672,0.0184,0.0,0.0055,0.0198,0.0,0.1054,0.002,0.0017,0.6691,2,76.3890625,40.88161423885975,64.88134014423076,79.2039534262542,118.9497295673077,103.74566587587084,34.34990985576923,5.087249387811758,18.955668192947233,101.59162680293336,2321.9936316414555,10320.858636466484
104108140332,0.3112449799196787,0.0743,0.1529,0.0016,0.0031,0.0108,0.035,0.0,0.0814,0.0,0.0,0.641,1,64.10399639423076,63.18923927371156,26.774459134615384,55.68776576877583,130.07662259615384,96.87318028879932,51.72791466346154,5.116009468558714,9.676844558000338,95.43444928223325,5040.605128798626,9107.73410980315
104108142104,3.9056224899598395,0.1473,0.0524,0.0145,0.0236,0.0011,0.0534,0.0,0.055,0.0007,0.0181,0.6339,1,37.78329326923077,47.36312805094025,21.873106971153845,53.80965080311766,88.55826322115385,102.37777906490471,24.68780048076923,5.002221845772035,9.547328092874826,100.40801014155002,2068.004672345946,10081.768500585613
104108149725,1.9678714859437751,0.085,0.1739,0.0014,0.0,0.0036,0.0177,0.0019,0.0479,0.0034,0.0,0.6652,1,69.11739783653846,52.548515337183474,24.915865384615383,46.692362281265616,116.34876802884617,90.05890948133795,47.513671875,5.2685411889738,11.704594995454688,88.50629016657834,2906.0662257304,7833.36339905056
104108163803,2.2289156626506026,0.1234,0.1421,0.0279,0.0071,0.0069,0.0139,0.0,0.0909,0.0011,0.0002,0.5865,2,71.70510817307692,56.01439652569094,27.693569711538466,48.99458706854029,137.39597355769232,91.08527707667092,53.71243990384615,5.091027987760142,11.215791030447583,90.5188122154474,4726.471443050768,8193.65536489543
104108198082,2.038152610441767,0.1294,0.1258,0.007,0.0069,0.0114,0.0474,0.0,0.0694,0.0108,0.0,0.592,2,74.33299278846154,55.37642160820574,31.939603365384617,63.14763270074395,128.16457331730768,100.9760815214242,37.66766826923077,5.072116704616876,10.37592090003687,99.24666743470338,2851.973649894218,9849.900996894612
104108219831,0.8634538152610441,0.0412,0.2446,0.0023,0.0,0.0022,0.0118,0.0004,0.0488,0.0008,0.0,0.648,2,75.9321514423077,52.91588787729494,34.27355769230769,60.65733463906819,101.44837740384617,84.9870039754488,45.62875600961539,5.230066581348807,10.70616034320091,82.3555561296756,2374.981255235841,6782.43762542815
104108225562,4.257028112449799,0.3039,0.0564,0.0229,0.0085,0.0054,0.0879,0.03,0.0766,0.0874,0.0004,0.3206,2,72.40841346153846,45.58510994749495,46.91147836538462,62.18942382394951,152.55423677884616,88.75372454647648,27.60712139423077,5.092469505014309,27.963369276354207,86.80292004376906,1936.5767059181712,7534.746928124964
104108231125,1.997991967871486,0.0781,0.131,0.0039,0.0424,0.0176,0.0472,0.0,0.1115,0.0,0.0,0.5684,1,55.41673677884615,55.76131020944957,34.64110576923077,60.84083342820686,105.03942307692309,96.40470089406872,49.61313100961539,5.2492348486088,14.74334351884004,94.26394445590532,4983.9804859328415,8885.691224386002
104108251388,4.206827309236948,0.1282,0.0221,0.0168,0.004,0.0219,0.0161,0.0001,0.0782,0.0081,0.0001,0.7043,2,76.80522836538462,58.71696685134449,43.26983173076923,74.25998923332284,129.29314903846154,102.3815333276752,40.15790264423077,5.0146447008411466,11.37443982326076,101.44496452834304,3817.356222659681,10291.08082815678
104108253740,4.27710843373494,0.153,0.1488,0.0268,0.0011,0.0007,0.0245,0.0054,0.0643,0.0009,0.0,0.5746,3,54.84296875,47.73362125795676,26.804477163461534,58.96824814126021,136.88771033653848,101.450296211337,36.74053485576923,4.615219606774099,9.36106147098086,100.39773351570672,3387.7624015311517,10079.70489509086
104108257061,4.176706827309237,0.1297,0.0025,0.0042,0.0144,0.0056,0.0381,0.0001,0.0612,0.0122,0.0,0.7319,1,77.81439302884615,47.10774159393661,45.23179086538462,71.35796685761456,149.9610877403846,97.92261260379728,38.95492788461539,4.936722652730659,13.42075328357981,97.2688399984741,3737.2455874976886,9461.227234648755
104108259525,3.8654618473895583,0.1409,0.0331,0.0394,0.0019,0.0022,0.0241,0.023,0.0544,0.0047,0.0,0.6764,2,56.07079326923077,53.7094259905662,36.43131009615384,72.26547590418711,111.84717548076924,107.64796122418674,29.484375,4.844838764515293,10.17645958325179,106.11004796136382,2642.461889539188,11259.342278362928
104108272389,0.6827309236947792,0.0585,0.0197,0.0001,0.0067,0.0,0.1327,0.0,0.0704,0.0,0.0,0.7118,1,47.012379807692305,48.31011752121328,49.039873798076925,71.28199899015284,110.90685096153848,89.28448907353403,52.41751802884615,4.9948491473485275,18.499750926574137,88.02347891012512,2838.9936665551904,7748.132839441242
104108281868,1.0240963855421688,0.0886,0.1767,0.0028,0.0003,0.018,0.0367,0.0,0.1042,0.0,0.0,0.5726,2,66.47457932692308,63.96550830586623,35.63521634615385,61.310481208051286,124.38395432692307,94.35346574103184,52.66271033653846,5.281964258631636,11.619207426217136,92.72238481503842,4223.284483432206,8597.440645788069
104108282347,3.9558232931726907,0.1976,0.0726,0.0291,0.0008,0.0101,0.0325,0.0,0.0705,0.0176,0.086,0.4832,2,52.369951923076925,48.8547060808648,29.673197115384617,61.59750851815224,133.17794471153846,109.31804756388416,29.047626201923077,4.8667640495653455,11.476984118177374,107.84201256494111,2287.6385591911,11629.899674056916
104108285616,0.9538152610441767,0.1468,0.1152,0.0209,0.0068,0.0224,0.0497,0.0,0.1631,0.0087,0.0001,0.4663,2,52.89564302884615,56.89507268578404,21.60174278846154,42.744552867556166,101.28332331730768,97.31921163191512,40.28049879807692,5.068490212967712,11.682278577956003,95.98841510916569,3358.8881119984285,9213.775835169505
104108295496,2.3393574297188753,0.1844,0.227,0.0048,0.024,0.069,0.0902,0.0001,0.0732,0.0035,0.0,0.3238,1,72.3901141826923,48.90400113027013,55.58455528846154,70.135398340661,134.3360576923077,85.10136057924679,43.69786658653846,5.2716266614649445,22.368422652334253,82.89842691792153,2409.95758643156,6872.149185465975
104108295662,4.658634538152611,0.1082,0.0154,0.0425,0.0006,0.0004,0.0114,0.0002,0.0612,0.0016,0.0,0.7586,2,43.97115384615385,55.81635525590376,31.50525841346154,69.14052525085756,112.6540264423077,108.5229654416931,36.05093149038461,4.50641563062589,8.008648087496402,107.52442489157036,4229.18239991679,11561.501948262952
104108296291,3.0923694779116464,0.117,0.1069,0.01,0.0032,0.0193,0.0265,0.0015,0.1297,0.0013,0.0,0.5846,1,67.00811298076923,59.33823097576628,29.344020432692307,55.07726879723653,108.7045673076923,95.15811697766962,42.67878605769231,5.247280978705466,14.77819488387583,93.78879658069329,3265.9720656527,8796.338364054662
104108298920,3.002008032128514,0.1517,0.132,0.0034,0.0034,0.0223,0.0167,0.0,0.1242,0.0001,0.0006,0.5456,3,45.37902644230769,49.73960468331232,45.26613581730769,72.11823138380937,105.465234375,100.28544503597146,42.39528245192308,5.178038198614626,19.13548182252721,98.05152586390255,3456.1194988580287,9614.101724239552
104108299949,4.056224899598393,0.1797,0.0413,0.0719,0.0003,0.0014,0.0308,0.0,0.0765,0.0,0.0,0.5981,3,42.22842548076923,52.87610459540634,25.904567307692307,59.7329405426392,123.9084735576923,108.43680131819592,34.92457932692308,4.657015504371853,7.937472845807396,107.39513808078372,3868.9178329233023,11533.7156833906
104108302429,0.5923694779116466,0.1292,0.1145,0.0025,0.0,0.0012,0.0026,0.0,0.138,0.0003,0.0002,0.6114,3,59.967818509615384,52.10567183780461,34.26331129807692,63.66799439049719,119.9930889423077,102.97900014793332,44.73993389423077,5.021978129050204,10.124032127565876,101.7754079408706,5191.56389675795,10358.233661530629
104108307753,4.829317269076305,0.1345,0.0094,0.002,0.0328,0.0047,0.0141,0.0165,0.0706,0.0,0.0,0.7155,3,71.57409855769231,43.85855600546508,45.061688701923075,72.36559498499892,141.11517427884615,106.88310044889316,32.44200721153846,4.830726938949885,13.914613171046753,105.63837171145543,3288.277577456864,11159.465577847632
104108313767,1.2048192771084338,0.0272,0.1214,0.0002,0.0001,0.0058,0.0614,0.0007,0.0361,0.0,0.0,0.7472,1,64.59146634615385,55.38013888521754,39.27776442307693,65.53334220589755,98.51574519230768,88.94947952820702,40.76322115384615,5.232245987608775,14.00746473575918,85.95047521902819,2247.403202864066,7387.484190376779
104108317853,1.8975903614457832,0.0632,0.1536,0.0071,0.0,0.0064,0.0401,0.0,0.0946,0.0,0.0,0.6349,3,78.38239182692308,47.31058694486495,46.36301081730769,63.6278301155542,126.61637620192307,91.13645782320263,61.60456730769231,5.330635787404923,16.151581446865087,89.56527976246075,5517.087199554444,8021.939338927861
104108323626,3.714859437751004,0.19,0.0664,0.0102,0.0145,0.0129,0.0547,0.0107,0.0461,0.0043,0.0,0.5903,3,65.353125,56.59567505513043,26.749939903846155,60.33012670878714,123.44224759615383,105.08043436479726,20.580829326923077,4.904789465619749,9.340214130839492,103.61318951847213,1891.0256353209004,10735.69304219082
104108329417,2.821285140562249,0.1237,0.15,0.0108,0.0066,0.013,0.0259,0.0006,0.1128,0.0078,0.0052,0.5436,2,51.10084134615385,50.24652493976977,35.95799278846154,66.11396848733389,111.5966045673077,99.8965067546826,47.34510216346154,5.21971753739804,14.087461716910076,98.14971036779708,5913.875146627935,9633.36564528245
104108331324,3.5140562248995986,0.1552,0.0206,0.0275,0.0116,0.0031,0.0835,0.0,0.1158,0.0117,0.0,0.5711,2,55.802914663461536,52.707316260820924,43.74107572115385,62.68977914252832,127.96634615384616,93.62029237222532,43.35306490384615,5.144385149769565,14.634163770351622,92.79706315842128,3008.3484495183284,8611.294930828026
104108331521,4.518072289156627,0.1355,0.0599,0.0335,0.0004,0.0002,0.0315,0.0082,0.0761,0.0,0.0,0.6549,3,42.53620793269231,55.85283406955277,29.95030048076923,67.62052269876315,57.65778245192307,86.8105740434629,22.458082932692307,5.0779158887152365,8.467877363206217,84.5661699362578,1959.7480378605767,7151.437097688032
104108334861,1.1546184738955823,0.0943,0.1422,0.0058,0.0056,0.0364,0.0846,0.0,0.107,0.0,0.0,0.5241,1,63.97349759615385,57.33546291116847,35.62509014423077,61.17569208415257,115.52563100961538,92.55350131178494,55.96514423076923,5.314457844648541,13.717005441934802,90.97491712050508,5943.774032783283,8276.43554508277
104108337629,2.1184738955823295,0.068,0.1495,0.0067,0.001,0.0173,0.0617,0.0262,0.1035,0.0,0.0,0.5661,1,65.40892427884616,52.68854306770715,41.36189903846154,64.28432263980883,85.914453125,87.07428882443,47.88912259615385,5.356310839260548,19.2060826868483,84.65410394760447,3389.463632144364,7166.317315171822
104108341967,0.9738955823293173,0.0166,0.0642,0.0,0.002,0.0061,0.114,0.0,0.0494,0.0,0.0,0.7476,1,27.338131009615385,42.75300540905721,32.87623197115385,63.52234171233981,55.33873197115385,83.76051786611515,29.622295673076923,5.260101571066834,17.75245194711137,80.44484598708438,2522.837491006343,6471.373245885725
104108342587,3.2730923694779115,0.1085,0.1761,0.0104,0.0054,0.0278,0.083,0.0,0.1284,0.0017,0.015,0.4438,1,52.28837139423077,51.54084379128688,37.65982572115384,64.28923148604112,102.5267127403846,91.735341958888,52.08037860576923,5.21310599868632,16.683127872450438,89.67646895501971,4309.578796198015,8041.869084240614
104108350295,0.6024096385542169,0.0586,0.1396,0.0009,0.0,0.0082,0.0351,0.0,0.0662,0.0,0.0,0.6914,1,81.37091346153846,50.33298837618453,33.528635817307695,51.85811029209308,127.23768028846152,89.21331763889386,62.99909855769231,5.268481654115028,13.87197173641161,87.97766723847643,5938.3910347653,7740.069932724089
104108364492,2.570281124497992,0.1242,0.0389,0.0097,0.0007,0.0123,0.0592,0.0002,0.1304,0.0,0.0008,0.6237,2,50.49948918269231,51.63150626935953,41.886538461538464,74.14541884765825,71.22599158653846,94.91587547394538,25.69921875,4.996176699573363,12.553937353482128,92.70497639500049,1258.5964822071685,8594.212648397594
104108373886,4.397590361445783,0.1333,0.0059,0.0439,0.0,0.0,0.0196,0.0002,0.0808,0.0003,0.0,0.7161,3,63.340384615384615,53.53310389686778,43.63777043269231,76.8180253854235,123.42247596153848,105.95510660191636,40.18855168269231,4.893311788061414,10.64564995602844,104.7563267749128,4750.784817454321,10973.887999372311
104108374459,1.9477911646586346,0.1242,0.1478,0.0069,0.0014,0.0062,0.0183,0.0,0.1048,0.002,0.0045,0.584,2,74.03416466346154,54.02309428558524,37.55042067307692,63.095531819934294,126.509765625,92.94299858710896,53.03049879807692,5.149982455508757,13.516270446038623,91.93059976953435,5285.435941305669,8451.235173986312
104108375027,4.407630522088353,0.1846,0.0545,0.0411,0.0008,0.0,0.0242,0.0008,0.1009,0.0028,0.0027,0.5876,3,64.60625,54.18834350221847,37.84375,67.59538255078893,119.4700721153846,104.85809209077703,42.24203725961539,5.035487929395908,12.148093952225084,103.41067388798442,4781.607841210902,10693.767473967062
104108378455,0.11044176706827309,0.0544,0.1152,0.0105,0.0068,0.0108,0.0157,0.0,0.0746,0.0041,0.0001,0.7079,1,42.538882211538464,53.49780495317767,25.213221153846153,59.76213843718869,82.28212139423077,101.6138045213236,33.29251802884615,5.201936187495553,8.765270529064736,99.78892109404684,4467.6510184528415,9957.828773113906
104108379716,3.5843373493975905,0.1782,0.0247,0.1009,0.0,0.0006,0.0323,0.0,0.0616,0.0009,0.0005,0.6003,3,67.91460336538462,54.52948250462761,21.26436298076923,48.52095606146116,139.53966346153845,102.26045379315944,32.12785456730769,4.963342258304639,7.959294078921996,101.06686236001612,2998.951911425167,10214.510667298446
104108383685,4.64859437751004,0.1738,0.0816,0.0034,0.0016,0.0018,0.0449,0.0182,0.117,0.0097,0.0,0.548,3,70.76096754807692,49.82140625212069,41.308533653846155,72.21963528325232,122.15540865384617,103.28656315997888,31.614483173076923,4.987312682090503,9.339490972246178,101.94546090875332,2119.63464550402,10392.876999898155
104108385467,4.678714859437751,0.1916,0.0336,0.0213,0.0004,0.0017,0.0186,0.0,0.094,0.0055,0.0394,0.5939,3,61.89798677884615,51.56753549570493,44.72361778846154,69.10572782107745,115.84350961538462,102.97873674840834,33.45342548076923,4.917585217189279,16.993138156840683,101.19885760968964,3299.898471115383,10241.20878150624
104108391504,3.393574297188755,0.0707,0.0311,0.0491,0.0,0.0005,0.0072,0.0,0.0459,0.0002,0.0019,0.7934,2,80.07599158653846,48.41170430278125,43.632632211538464,69.55506054312656,136.8893329326923,95.20377900932284,44.88551682692308,4.863301120767334,14.69959484882298,94.72044450785148,3792.262990578194,8971.962607764972
104108402765,3.072289156626506,0.1391,0.1089,0.0114,0.0,0.0058,0.0172,0.0,0.1075,0.0067,0.0044,0.5989,2,49.49681490384615,57.61491539030571,29.41198918269231,61.86808873025332,102.9852764423077,100.81059639599822,43.89708533653846,5.034899140527626,9.515796668397067,99.34678536777766,4112.934869528324,9869.78376291128
104108403161,1.4257028112449799,0.0602,0.188,0.0218,0.0055,0.0176,0.0359,0.0003,0.1157,0.0119,0.0001,0.543,1,44.71787860576923,45.27046862352893,39.963551682692305,63.07723792586914,124.1860576923077,98.39247778880126,48.63236177884615,5.301514243470806,15.419224965615827,96.44154441794878,3010.9453859444343,9300.971489719186
104108404615,2.6606425702811247,0.1495,0.1554,0.004,0.0,0.0069,0.0224,0.0,0.1102,0.0022,0.0004,0.5489,3,52.41427283653846,49.91887331333386,23.962109375,54.52863001197838,120.53353365384616,102.49105152314998,35.37665264423077,4.846250547554823,8.60896757040011,101.34916023693587,1925.8916334849705,10271.652280732103
104108410829,3.6947791164658637,0.2352,0.1554,0.0177,0.0001,0.0068,0.0307,0.0028,0.1083,0.0005,0.0004,0.442,3,66.65739182692307,48.35471759187248,44.60865384615385,69.22463762243252,120.46820913461538,95.70633989737784,31.177734375,5.1801595496371515,16.949693412286216,93.52819054570767,2363.957778692302,8747.522426754202
104108423834,3.5542168674698793,0.1794,0.095,0.0025,0.0001,0.0042,0.013,0.0,0.1268,0.0045,0.0092,0.5653,3,57.681460336538464,55.49526632214224,52.682782451923075,81.87216086796937,112.41535456730767,101.95929552190816,43.48332331730769,5.090016401030692,13.488362067621008,100.42877869596848,4958.463013626189,10085.939590363814
104108424195,4.728915662650603,0.1889,0.0085,0.0296,0.0089,0.0155,0.055,0.0064,0.0885,0.0316,0.0071,0.56,2,63.40772235576923,47.01920147080085,55.78635817307692,80.66663150832913,126.13786057692307,106.35252286364124,34.06640625,4.916802547157301,19.7124850525882,104.70853807285006,2660.3311662400824,10963.87794535349
104108424232,1.6666666666666667,0.1163,0.117,0.0029,0.0153,0.0313,0.0305,0.0,0.1485,0.009,0.0,0.5292,1,66.10477764423077,54.55076247229484,47.890234375,71.20975669037072,123.64441105769232,92.64354700515528,50.56325120192308,5.2723936202137365,16.376383380017998,90.85752462097382,4073.2806601972406,8255.089780250864
104108424749,1.0040160642570282,0.0738,0.1131,0.0005,0.0005,0.0078,0.0097,0.0,0.0844,0.0,0.0,0.7102,2,80.61847956730769,62.51028156659061,38.77758413461538,63.622967248245246,122.94194711538462,91.62066638957764,50.37169471153846,5.063873308715066,11.566585895208018,90.70101013630496,3566.662420892659,8226.673239746095
104108426319,0.8534136546184738,0.0274,0.0416,0.0,0.0017,0.0005,0.1378,0.0,0.0579,0.0,0.0,0.7331,1,75.4436298076923,47.83898783939281,63.58076923076923,67.17183871411596,97.5147235576923,67.26025371891065,54.12620192307692,5.19363617370681,21.048543040501187,64.53054369086695,2327.0888511197245,4164.191069038888
104108426589,4.417670682730924,0.1928,0.0228,0.0186,0.0098,0.0043,0.0356,0.0,0.1532,0.0062,0.0672,0.4895,2,41.72887620192308,47.46425738031685,48.02938701923077,73.27079959917934,121.80480769230768,102.16525193453806,35.68314302884615,5.121437673286453,16.83186988792673,100.42493402177575,2706.4103875470587,10085.167373278016
104108432307,3.4036144578313254,0.1496,0.0965,0.0113,0.0021,0.017,0.0251,0.0,0.0605,0.0162,0.0001,0.6215,1,49.99618389423077,52.0584495248151,35.88993389423077,61.18788054506049,116.19522235576925,103.18262035944532,38.71739783653846,5.157959717733833,16.560723431006195,101.6030676215782,4796.789811964768,10323.183350114992
104108438364,1.3855421686746987,0.1011,0.1987,0.017,0.0003,0.0119,0.0457,0.0,0.1231,0.0046,0.0,0.4977,1,44.8140625,44.77495188907712,40.47836538461539,65.70104212103162,119.1509014423077,97.97476589812896,50.39468149038461,5.318604385506211,16.929015378589124,96.0444144757717,6374.318340793587,9224.529551993826
104108439840,0.29116465863453816,0.071,0.1296,0.0056,0.001,0.0139,0.0113,0.0,0.0907,0.0,0.0053,0.6715,2,54.56111778846154,57.37094361143046,49.92998798076923,83.00841826082049,68.88716947115384,86.5793348877681,35.04717548076923,5.174982548048618,17.42313713519932,83.7759163123842,2654.431070967454,7018.4041539796
104108442047,3.182730923694779,0.1676,0.1229,0.0017,0.012,0.0097,0.0229,0.0,0.0924,0.0125,0.008,0.5504,2,55.60423677884615,53.98054214591599,35.176171875,62.948896613560194,138.99600360576923,99.73115008727592,47.95808293269231,5.111808036920204,11.922068573968778,98.52029464422884,5303.864260687292,9706.248456785665
104108443832,0.030120481927710843,0.0307,0.1419,0.0027,0.0,0.0027,0.0069,0.0,0.0313,0.0023,0.0,0.7815,2,93.45462740384616,57.67565808100952,40.16283052884615,61.38632362184117,130.19837740384617,82.79491763864651,60.89197716346154,5.256927992386741,17.06658450817293,81.4595274273156,3754.1544548070783,6635.654608681583
104108444505,3.142570281124498,0.1275,0.0936,0.0388,0.0174,0.0446,0.0117,0.0,0.0616,0.0,0.0045,0.6003,1,77.77073317307692,44.81722318946568,48.15078125,67.53744229069157,131.74456129807692,94.25955966802488,45.95823317307692,5.137042979260828,15.96084200790978,92.6941777203234,3343.7613092546635,8592.210583246897
104108447874,2.710843373493976,0.1474,0.2243,0.0068,0.008,0.0285,0.0379,0.0,0.1034,0.0001,0.0,0.4438,3,67.54002403846154,45.28182737991927,23.74347956730769,40.646122868470066,145.2264122596154,86.43864872554586,56.86162860576923,4.962349248529138,12.312915223424037,85.95833399548192,4627.8461804912495,7388.835183278824
104108455088,2.751004016064257,0.121,0.0279,0.0421,0.0038,0.006,0.0137,0.0019,0.0554,0.0007,0.0016,0.7256,2,34.86168870192308,48.847539979533586,29.96358173076923,64.9200173264857,76.34263822115385,102.25466915830498,24.097806490384617,5.007260690172474,11.788924971534335,100.52794970217204,3070.7142713919193,10105.868671322434
104108455579,0.020080321285140562,0.0283,0.0121,0.0139,0.0006,0.0,0.2205,0.0,0.0348,0.0,0.0,0.6898,1,46.53855168269231,39.16817956211482,48.11448317307692,59.3870098732038,107.2856670673077,87.06855913174732,45.48317307692308,5.252910694601345,23.337072603141685,83.83346324508882,2105.1422521611503,7028.049559665657
104108457626,0.18072289156626506,0.032,0.1024,0.0,0.0,0.0003,0.133,0.0,0.1005,0.0,0.0,0.6317,1,48.79465144230769,50.647423407664455,59.47130408653846,79.87261466347002,75.05033052884616,80.1368021084845,50.86974158653846,5.266350464655469,16.29287116681919,77.17309005214517,3649.049156666592,5955.685828196509
104108458011,0.7128514056224899,0.0514,0.1812,0.0048,0.0,0.0058,0.0246,0.0,0.0729,0.0,0.0,0.6592,2,71.68224158653847,53.01373209280763,46.42716346153846,65.99175434820664,117.1584735576923,83.25990574917967,61.359375,5.31154638965063,15.386932487616289,81.52931231532318,4125.518077641775,6647.028766609507
104108460439,0.8132530120481928,0.0652,0.0932,0.005,0.0023,0.014,0.0572,0.0,0.076,0.0,0.0,0.6871,1,36.091977163461536,37.24296020286995,23.680318509615383,49.17768506947824,117.9546875,88.74042365532938,52.55543870192308,5.110099688006909,7.57836334791477,87.85671616390944,2922.9784172608865,7718.802575105746
104108462484,2.4698795180722892,0.1172,0.1188,0.0003,0.0017,0.0033,0.0385,0.0074,0.0905,0.0024,0.0001,0.6199,2,73.34924879807693,53.35026721634942,42.16475360576923,65.24207733915462,122.29077524038462,96.77029098741215,53.45958533653846,5.0750222341517395,14.714554618022028,95.55129042800658,5801.290941945816,9130.049102457262
104108465606,1.6164658634538152,0.0187,0.1067,0.001,0.0053,0.0058,0.0472,0.0,0.1037,0.0,0.0,0.7118,1,49.85573918269231,56.840048538887864,54.07797475961539,82.51310040500525,69.52641225961538,79.08461092149395,45.88161057692308,5.1927495736237965,13.200518006754802,75.94803428772417,3111.2752907151444,5768.103912169327
104108467765,4.839357429718875,0.1466,0.0243,0.0132,0.0159,0.0025,0.1379,0.0,0.1522,0.0355,0.0,0.4718,1,63.497025240384616,51.47537210607124,43.308653846153845,67.71422147891506,122.67151442307691,99.4979118625824,37.28455528846154,4.952621371962553,16.07608930154725,97.70268297547892,1771.7387354924128,9545.814260606936
104108471272,4.166666666666667,0.1608,0.1901,0.0158,0.014,0.0156,0.0445,0.0,0.1128,0.0028,0.0014,0.4422,2,61.260306490384615,50.839835573652906,44.542578125,60.78241747118761,130.6265625,93.85208431105696,50.86974158653846,5.193911377268957,22.239342927654818,92.61716670062192,4610.299813043718,8577.93956765079
104108475014,0.26104417670682734,0.0389,0.0969,0.0022,0.044,0.0085,0.0645,0.0,0.0693,0.0,0.0,0.6757,1,37.31222956730769,50.69485702043451,32.24384014423077,61.909143220850915,63.72415865384615,82.59352212570109,38.70973557692308,5.24826085473184,12.87310279532308,79.82714257284998,3125.2381418794707,6372.372691346118
104108479327,2.6204819277108435,0.0618,0.1698,0.0,0.0001,0.0004,0.0091,0.0,0.0248,0.0023,0.0001,0.7316,3,61.426953125,52.67237852828682,23.984645432692307,52.86712671930045,139.7071814903846,99.30571990635032,49.02313701923077,4.8550165614203,9.61266005024001,98.05283441338426,4596.352028443827,9614.358336498552
104108482233,4.317269076305221,0.1528,0.0542,0.0053,0.0004,0.0042,0.0266,0.0115,0.0652,0.0115,0.0065,0.6618,3,65.74296875,45.48065726148341,39.49074519230769,67.5329369315339,135.85994591346153,105.73800427051978,39.16947115384615,4.799099640198054,13.80435969514331,104.49675073294068,4226.4464408016765,10919.570913742336
104108482433,5.0,0.1534,0.0419,0.0264,0.0,0.0008,0.016,0.0,0.0824,0.0026,0.0033,0.6731,3,69.06553485576923,47.50266125783808,29.062079326923076,59.86440902800723,151.2928185096154,104.40284455334556,43.00060096153846,4.426968597720097,8.986618979828926,103.93709373808947,5911.903595395963,10802.9194547204
104108486184,4.929718875502008,0.2062,0.0458,0.0736,0.0008,0.0079,0.0029,0.0008,0.0659,0.0003,0.0029,0.5929,2,61.08251201923077,55.97186777866241,21.859885817307692,53.97729547606141,145.61084735576924,105.5060608625358,35.26171875,4.63678832222405,7.485608437029972,104.86888609144526,4255.1842105301175,10997.483270060522
104108486750,0.3614457831325301,0.025,0.1166,0.0015,0.0074,0.0062,0.0492,0.0,0.0716,0.0013,0.0,0.7212,1,65.9209735576923,60.48736412478001,32.93876201923077,62.81069725622824,99.17602163461538,88.67470039386566,53.59750600961539,5.201933052141326,11.271292938488903,86.00379334725388,3749.231270282453,7396.652470117151
104108504580,2.6706827309236947,0.1867,0.1648,0.038,0.006,0.0138,0.0417,0.0094,0.0974,0.0016,0.0,0.4405,2,58.97599158653846,44.244952252183595,44.933984375,64.26835592597372,146.53236177884617,97.09256387554512,46.99263822115385,5.163570181451296,16.678986996490238,95.38096599781666,3946.278988705246,9097.528674676658
104108508211,2.8112449799196786,0.1152,0.0973,0.0008,0.0111,0.0036,0.074,0.0,0.0846,0.0,0.0,0.6135,2,52.74447115384616,49.92658160902496,46.23981370192307,68.1853598706236,108.93335336538462,100.61418721434376,45.76667668269231,5.121219661929681,21.23703213634981,98.51576243100143,4754.523477406699,9705.355447361511
104108509599,4.588353413654619,0.2331,0.1016,0.0251,0.0,0.0005,0.0315,0.0053,0.0514,0.0014,0.0001,0.55,3,25.992457932692307,37.41293302188313,24.365504807692307,60.76357872924828,117.1274639423077,111.88266267510052,26.871544471153847,4.2941370611487155,9.01290744428732,110.71579426360393,2581.041120785143,12257.98709942067
104108509884,2.2389558232931726,0.0761,0.1205,0.0046,0.0004,0.0021,0.0084,0.0003,0.103,0.0,0.0,0.6846,2,58.03482572115384,62.5249475779154,43.787169471153845,75.11523069426418,88.8669170673077,96.17252057220853,46.81640625,5.095482336360843,9.934402574419476,94.3976066985326,5274.1403525006,8910.908150410849
104108516063,3.2028112449799195,0.0976,0.1382,0.0168,0.0003,0.0209,0.0492,0.0,0.0313,0.0,0.0,0.6456,2,74.61607572115385,33.7210228165212,59.20417668269231,67.84383395617193,140.1477764423077,94.36626380149777,50.47896634615385,5.175523877809839,21.04362161204531,92.91802695253376,3175.819095905914,8633.75973275179
104108522829,3.8353413654618476,0.0863,0.0664,0.0297,0.0002,0.0129,0.0296,0.0001,0.1399,0.0004,0.0,0.6346,1,46.66902043269231,55.33665250065229,58.115054086538464,87.63354617497458,74.90567908653846,90.29327399272272,44.21890024038461,5.123919258518068,11.393928156384565,88.01903065673824,4281.304190782174,7747.349757751827
104108525589,2.5200803212851404,0.0995,0.0873,0.0295,0.0012,0.0138,0.0438,0.0,0.0416,0.0093,0.0003,0.6736,1,61.696334134615384,49.5783371343144,40.92857572115385,67.72336068497061,115.88536658653848,98.6698840773819,40.51036658653846,5.25460481437288,16.23286427090757,96.55068854025144,3411.0030982889934,9322.035457596638
104108531872,0.9839357429718876,0.0064,0.126,0.0015,0.003,0.008,0.04,0.0,0.0661,0.0,0.0,0.749,1,50.97977764423077,58.25988108210107,44.48740985576923,77.89101744552967,80.13617788461538,91.94549997253333,48.58638822115385,5.228684136076898,12.849260258694589,88.98459384311494,5180.40778825839,7918.257941424128
104108537471,3.2630522088353415,0.0938,0.087,0.0043,0.0002,0.0019,0.0337,0.0,0.0722,0.0018,0.0,0.7052,2,58.67569110576923,56.4002679637726,36.01370192307692,58.3794368454503,136.63338341346153,96.61124110777298,45.96589543269231,4.857183125619866,16.607950164680904,96.00965260119028,4113.729911017785,9217.85339260124
104108538306,0.46184738955823296,0.0578,0.1228,0.0062,0.001,0.0201,0.0235,0.0,0.0872,0.0006,0.0,0.6807,2,73.3002704326923,61.41126298229594,38.18659855769231,65.94230597299399,117.33278245192308,94.86070402489804,52.54011418269231,5.3267470438346525,10.56231877047136,92.94918755814136,4691.843009971302,8639.551467718542
104108538409,0.4819277108433735,0.0121,0.105,0.0,0.0,0.0001,0.0205,0.0,0.0492,0.0,0.0,0.8131,1,42.23368389423077,57.950311223703665,51.31878004807693,81.2781036940347,89.57848557692307,94.31556887556744,46.24173677884615,5.187129834163114,13.214807982833642,91.77729986503068,4040.323168855025,8423.072770515759
104108542880,2.5803212851405624,0.1063,0.0982,0.0013,0.0276,0.0273,0.0894,0.0,0.073,0.0153,0.0,0.5615,1,57.384224759615385,50.531202255459704,41.701352163461536,67.75988714471093,124.14825721153846,94.41460397034004,41.45282451923077,5.028299775400502,14.202696909750031,92.7821914951977,3210.3437343656105,8608.535058651534
104108543776,3.253012048192771,0.1442,0.1521,0.0238,0.0004,0.0129,0.0393,0.0,0.0706,0.0013,0.0,0.5552,1,72.77608173076923,53.9861798334773,32.68584735576923,58.14040804207359,133.62112379807692,97.153269656698,49.09209735576923,4.96775417585162,12.85153968602877,96.30685843124756,4689.829128250934,9275.01098089636
104108544266,0.5321285140562249,0.1294,0.1741,0.013,0.0018,0.0156,0.0466,0.0,0.123,0.0,0.0,0.4965,2,70.26135817307693,56.846478665058086,36.55384615384615,60.09996917888772,135.95721153846154,88.35204778063819,53.58218149038461,5.179589987062011,12.686716384929015,87.6626736380362,3943.2343730488615,7684.744349368846
104108544828,0.14056224899598393,0.0331,0.118,0.0036,0.0113,0.0141,0.0624,0.0,0.1349,0.0,0.0,0.6227,1,55.881039663461536,58.829027258641176,43.362109375,70.95777650315496,88.69993990384616,83.94353528045507,51.54402043269231,5.380309251959893,17.752294526208047,81.20698042387495,3569.2848589826053,6594.57366956361
104108551485,1.144578313253012,0.0824,0.0822,0.0,0.0,0.0111,0.0558,0.0,0.0693,0.0,0.001,0.6982,1,58.88170072115385,55.06836857962118,53.319381009615384,62.8134793023661,136.88037860576924,92.13619543497364,55.083984375,5.329588119775009,26.748674227714993,90.38614997282758,5156.594654908491,8169.65610691048
104108552929,3.855421686746988,0.1304,0.1351,0.0208,0.0086,0.0298,0.0421,0.0,0.0969,0.0022,0.0,0.5342,2,51.75823317307693,51.306372240251456,29.63966346153846,57.9473802992041,121.32638221153846,98.99620671218666,45.21499399038461,4.905739132996864,14.377978842377152,97.68189852342502,4005.033638423942,9541.753299140704
104108553448,3.895582329317269,0.1359,0.0527,0.0032,0.0166,0.0004,0.0062,0.0044,0.0767,0.0114,0.0032,0.6892,3,47.306460336538464,53.875879379710625,24.09651442307692,56.263408657102694,118.43299278846152,109.54629040183347,34.64107572115385,4.7013535788637775,9.077228580732347,108.48090686800964,4461.433149745423,11768.107154905783
104108555767,4.568273092369478,0.1571,0.0636,0.0535,0.0002,0.0032,0.02,0.0,0.0586,0.0083,0.0004,0.6352,1,79.57896634615385,58.5120602286468,33.31328125,61.85610476100603,139.37659254807693,100.21326945053832,42.37229567307692,5.031838230766214,12.230305102808558,99.336640341002,3987.6012573386647,9867.768114237588
104108556974,1.0542168674698795,0.0335,0.0965,0.0011,0.0,0.0052,0.0415,0.0001,0.0817,0.0,0.0,0.7404,1,46.11231971153846,58.0124862608647,50.72644230769231,79.55716066340976,87.56033653846154,93.43739755014816,49.85832331730769,5.172332953354873,14.208469222498255,90.91916814577978,4144.254975375565,8266.295136320578
104108558415,4.106425702811245,0.109,0.0276,0.0144,0.0011,0.0173,0.0321,0.0,0.0793,0.0,0.0,0.7191,2,69.93155048076923,52.23978785232215,57.19873798076923,78.16301374152168,108.36388221153848,103.76917185386095,39.16947115384615,5.116512339473502,20.60992804210372,101.5586526814356,3939.980536228157,10314.159934468467
104108558803,3.0522088353413657,0.144,0.0695,0.0257,0.002,0.011,0.052,0.0,0.1197,0.0318,0.0001,0.5441,1,64.49891826923077,47.553806177875344,53.69495192307692,66.59289599223256,144.8416466346154,93.36863224183844,48.37184495192308,5.231909659417838,20.466286738475564,91.7076364388241,4410.198850299902,8410.290581195537
104108560046,2.610441767068273,0.1154,0.0814,0.0021,0.0017,0.0262,0.0239,0.0004,0.081,0.0,0.0,0.6679,3,59.00913461538462,56.34493730432249,32.54612379807692,59.84613715362618,139.95655048076924,99.09353632536384,48.96950120192308,4.989741190175808,12.855559931867688,98.36753124320464,4735.4435002027885,9676.171202882844
104108561221,2.3293172690763053,0.1359,0.1391,0.0026,0.0017,0.0052,0.0137,0.0,0.1272,0.0064,0.0016,0.5664,3,54.527283653846155,55.21064862821652,46.29732572115385,73.80544871264692,108.22620192307691,101.64132904576758,45.55213341346154,5.136415077201454,13.01921357781326,100.02037362695042,4991.700653017484,10004.07514047476
104108566263,4.578313253012048,0.1297,0.0371,0.0084,0.0018,0.0014,0.068,0.0,0.0373,0.0351,0.0011,0.6803,2,57.65201322115384,44.64722868219062,29.31346153846154,56.39015337905994,150.34801682692307,96.93707925147842,30.08203125,4.4762637464780015,13.440459898402452,96.34192781007008,2348.1038673861353,9281.767054160757
104108568354,2.6506024096385543,0.0636,0.1534,0.0052,0.0059,0.0028,0.0274,0.0,0.0824,0.0068,0.0,0.6525,1,59.96361177884615,54.38082554278364,39.52232572115385,65.18634748317159,119.82989783653846,97.6223972942436,52.47115384615385,5.210121560552743,15.397346819705165,95.86811199786491,5703.56635312323,9190.694898035174
104108574933,1.5662650602409638,0.1124,0.1333,0.0033,0.0017,0.0727,0.0557,0.0,0.1058,0.0,0.0,0.5149,1,44.02719350961539,51.4842676883654,30.384375,57.31823567133552,84.7065204326923,99.19717861887756,33.82121394230769,5.33001268161918,17.827852644876973,96.58553342918324,3443.2149958358855,9328.765267799874
104108576174,0.19076305220883535,0.0065,0.1361,0.0,0.0,0.0002,0.0133,0.0,0.0298,0.0,0.0,0.814,1,74.31817908653846,64.25282043571231,39.935727163461536,71.86765922388032,135.64810697115385,93.13986942155093,62.22521033653846,5.292343315438078,10.68698159926289,91.4209005184786,4445.604219121989,8357.78105160956
104108583735,1.8172690763052208,0.0428,0.1499,0.0067,0.0,0.0007,0.0073,0.0,0.0359,0.0015,0.0044,0.7508,2,45.81619591346154,52.852317906834315,36.72506009615385,64.98454658661937,151.03497596153846,94.85678528277307,52.82361778846154,4.991462321367891,11.968315514690897,93.48059414923176,3750.8188958984015,8738.621482493385
104108583839,0.321285140562249,0.0069,0.0918,0.0,0.001,0.0075,0.0629,0.0,0.0852,0.0,0.0,0.7446,1,40.79197716346154,53.70519623557297,52.98647836538461,80.4346399727755,92.334375,94.76366907741183,53.33698918269231,5.277455908416394,13.72331384649872,92.09169374025647,5490.297315391224,8480.880055949194
104108584673,2.9216867469879517,0.1324,0.0929,0.0201,0.0,0.0827,0.036,0.0,0.075,0.0129,0.0082,0.5398,1,45.88671875,47.84115058182667,47.20688100961539,75.54173750514306,118.9044471153846,101.49262894527448,38.41090745192308,5.127017109662731,15.124023587961638,99.7909404312707,3203.5517397222575,9958.231792157416
104108587526,0.5622489959839357,0.0695,0.0767,0.0004,0.0013,0.0091,0.0189,0.0,0.0688,0.0,0.0,0.7554,1,30.386147836538463,48.88853362882939,39.14816706730769,75.3213489032605,74.98843149038461,93.97850078693516,32.09720552884615,4.962335234200809,10.637479663757928,92.13359053783526,2706.8623069844443,8488.598505393487
104108592506,2.9417670682730925,0.0947,0.0091,0.0479,0.016,0.0102,0.0516,0.0,0.0495,0.0,0.0,0.7209,1,62.565264423076925,46.00216871640698,49.86277043269231,71.46754370945712,127.29444110576924,103.67093282520754,34.57211538461539,5.0947433171831875,21.458834585261,101.39386566480836,2187.4357804374017,10280.715994453203
104108593196,1.1947791164658634,0.1,0.0985,0.0033,0.004,0.0163,0.005,0.0,0.1047,0.0,0.0,0.6682,3,69.02361778846154,44.254782117608386,53.69489182692307,80.87202391898401,103.54486177884615,102.34238248078788,41.74399038461539,4.975159579143233,14.055603262093376,100.38863607346144,3851.479724517461,10077.878252689885
104108595272,3.353413654618474,0.0935,0.0911,0.0006,0.0,0.0087,0.0279,0.0,0.0755,0.0,0.0086,0.6942,2,59.79495192307692,49.72989505818094,53.86207932692308,72.5668066998866,100.19146634615385,96.93065739507875,41.8359375,5.244581880919359,26.23599267073798,93.94453054496236,4550.296557219015,8825.574819313366
104108595636,0.5020080321285141,0.0514,0.0425,0.0,0.0,0.0048,0.3425,0.0,0.1087,0.0,0.0,0.4501,1,56.564513221153845,43.7321500296678,51.056580528846155,61.56892695338966,103.29666466346154,76.5548253668732,55.35982572115385,5.260857193316619,25.393215001227667,73.76691532479893,2231.739670507668,5441.557796536056
104108597661,4.246987951807229,0.0981,0.0043,0.0029,0.0,0.0204,0.0305,0.0138,0.0718,0.0,0.0067,0.7516,2,38.01950120192308,48.095317501983345,38.59104567307692,74.60294419659856,82.05733173076923,107.00436876233836,26.319861778846153,4.712854698610086,13.62045673002517,105.40105803363733,2135.8202020408135,11109.383034610184
104108598402,1.1144578313253013,0.0152,0.1045,0.0049,0.0027,0.0006,0.0203,0.0,0.057,0.0049,0.0,0.7899,1,63.11793870192308,57.92786931682874,61.786568509615385,87.95665128853612,107.25733173076924,94.6133674975502,56.48617788461539,5.191656505189416,12.458822846678652,92.25077646292416,5264.7625127126485,8510.2057580124
104108601239,1.9779116465863453,0.0674,0.1421,0.0,0.0079,0.0199,0.0277,0.002,0.0685,0.0,0.0007,0.6638,1,60.26295072115385,54.79514568218344,30.976292067307693,56.76709763790998,134.56442307692308,92.33852848326976,54.55528846153846,5.096165594865438,13.74406893286726,91.21278953705782,4926.280291751658,8319.772975131604
104108601667,2.0983935742971886,0.0627,0.1332,0.0047,0.0,0.0059,0.019,0.0,0.0756,0.003,0.0006,0.6951,2,72.57049278846154,55.38510896612782,46.01772836538461,65.80331898217935,134.93728966346154,92.3257343846953,49.71274038461539,5.250632831955202,18.11177812448197,90.59416482396132,4563.45956203393,8207.30270015107
104108602176,1.6365461847389557,0.0381,0.1379,0.0011,0.0,0.0068,0.0633,0.0,0.0548,0.0008,0.0049,0.6923,1,61.69095552884615,55.20973463081699,34.14170673076923,62.08390523633934,136.25694110576924,93.80224408024212,45.83563701923077,5.046120748027347,14.821705172184505,91.91911634248436,3209.961309865015,8449.123949183177
104108602675,0.010040160642570281,0.0188,0.1541,0.0,0.0006,0.0007,0.0042,0.0001,0.0481,0.0,0.0,0.7736,2,73.25631009615384,61.3507245963729,38.28539663461538,67.59103265519447,133.64453125,94.27218399730442,62.63897235576923,5.2763769092512565,9.61402640643608,92.85908074524052,5415.174364624024,8622.808876851099
104108603773,3.21285140562249,0.1187,0.0979,0.0232,0.0131,0.0,0.0451,0.0132,0.075,0.006,0.0,0.6078,2,52.71129807692308,52.78034926928841,60.32821514423077,86.10189274734248,86.02605168269231,95.79284013719509,30.56475360576923,5.092699273738598,20.951694095032273,92.78280388407936,2725.486709645289,8608.64869659153
104108603862,1.0843373493975903,0.1467,0.1442,0.0033,0.0049,0.0058,0.0147,0.0,0.1143,0.0015,0.0025,0.5621,3,34.73617788461539,50.8173925055636,28.08275240384615,61.36785024641633,101.01231971153848,100.572475085678,44.17292668269231,4.797642822392639,8.972247909592369,99.32405235612232,4423.606234975059,9865.267376441729
104108606686,2.891566265060241,0.1299,0.1137,0.0195,0.0012,0.0041,0.0263,0.0017,0.0863,0.0015,0.0,0.6158,2,65.08046875,51.36405183056873,36.528515625,60.71495926215618,134.1796875,99.19498230902084,49.72040264423077,4.983686251146823,12.786262591100671,98.1622823403646,5605.501655388105,9635.833674269456
104108607496,1.8373493975903614,0.067,0.1869,0.0035,0.0038,0.0032,0.0296,0.0,0.0844,0.003,0.0,0.6184,2,73.69693509615385,52.71836207376875,49.860787259615385,67.99052845769876,106.91923076923077,92.61461144319328,53.18374399038461,5.300207734031616,20.524992120298904,90.36767960753244,5329.803470693734,8166.317517649633
104108609843,1.214859437751004,0.0475,0.1409,0.0016,0.0,0.0051,0.0177,0.0002,0.0719,0.0,0.0,0.7151,3,69.2380108173077,59.38969345426216,43.81361177884615,70.0356410025134,125.47322716346154,98.11799095272914,53.62815504807692,5.2069545413617515,14.485784156431905,96.55202919387578,4870.508913009915,9322.29434145504
104108610169,4.437751004016064,0.169,0.0087,0.0193,0.002,0.0131,0.0203,0.0016,0.0754,0.0009,0.025,0.6647,2,73.71691706730769,47.06575675589569,30.725150240384615,54.73658043445641,154.98722956730768,98.89331822018484,35.57587139423077,4.836656902686611,16.070390654819093,98.36606109629308,2521.6659712426904,9675.88197559966
104108611766,4.086345381526105,0.206,0.098,0.007,0.0003,0.0037,0.0205,0.0,0.1263,0.0081,0.0116,0.5185,3,67.55555889423077,56.79950961951137,35.993719951923076,59.94533158696022,111.80081129807692,101.21857011260272,40.09660456730769,5.2064473098310495,16.395009759201283,99.34934946648536,4771.869068592681,9870.293239413832
104108612795,1.2751004016064258,0.0634,0.1564,0.0039,0.0002,0.0081,0.0124,0.0012,0.0856,0.0016,0.0021,0.6653,2,61.01646634615385,58.69822518541031,33.66162860576923,65.90978331971277,95.7946514423077,96.58457873178708,48.42548076923077,5.26657502746265,10.879575756772214,94.48247335174833,5797.382596470759,8926.937770663832
104108613968,1.676706827309237,0.0872,0.1065,0.0117,0.0021,0.0138,0.041,0.0,0.1301,0.002,0.0,0.6056,3,53.103455528846155,52.73651019256099,60.36195913461538,88.28195682839305,72.57587139423077,90.11516777036782,43.03891225961539,5.143336203103545,17.564412617359178,87.23470708735212,3766.678755995169,7609.894120616123
104108615890,2.540160642570281,0.0946,0.1395,0.0775,0.0085,0.0119,0.048,0.0005,0.1454,0.0015,0.0,0.4726,1,68.24708533653846,58.93457228669191,36.65525841346154,55.6649456235013,127.0481971153846,89.84607709224144,54.54762620192308,5.302426140889132,19.47482793745454,88.5249597326873,5336.0861504865115,7836.668495673907
104108620360,2.8714859437751006,0.111,0.1442,0.0057,0.0158,0.0106,0.0459,0.0,0.08,0.001,0.0,0.5857,2,52.0765625,45.43375980491287,26.417457932692308,52.81421118556329,112.60625,97.02057800843772,45.29927884615385,5.062050362071993,8.922299767560093,95.98001306508544,2960.1074146654473,9212.16290797397
104108622201,2.791164658634538,0.1631,0.1117,0.0145,0.0011,0.0322,0.0311,0.0,0.1409,0.0138,0.0186,0.473,1,66.68662860576923,54.78060285000214,29.628485576923076,54.529940224427165,124.89420072115384,98.7495050013061,48.13431490384615,5.136122898709161,12.324593741797402,97.38103988493442,5037.620563860109,9483.06692907119
104108622246,2.248995983935743,0.2115,0.2098,0.0088,0.0015,0.0116,0.0207,0.0,0.1074,0.0063,0.0002,0.4222,3,68.92650240384616,59.03623709562671,30.58527644230769,62.98066085228009,128.86766826923076,99.86360698639052,44.60967548076923,5.146661327983873,10.037297416066258,98.2807089996197,4525.728012586063,9659.09776146793
104108622319,3.463855421686747,0.1498,0.0785,0.0002,0.0,0.0008,0.0188,0.0,0.0695,0.0,0.0,0.6824,2,76.14888822115384,52.813866407808405,27.576923076923077,54.22764047507584,151.69498197115385,101.7368808817636,39.23076923076923,4.846471741880149,9.836884901225174,101.22105153219682,3836.1704520276303,10245.701273283648
104108622359,0.963855421686747,0.0859,0.0774,0.0078,0.0,0.0083,0.0522,0.0,0.0998,0.0161,0.0,0.6523,1,53.24381009615384,56.72102565494168,37.240234375,69.83887455582251,72.00111177884615,91.20227627138073,30.26592548076923,5.200317150388088,9.570564049923597,88.90199907098034,2350.9391026279063,7903.5654388165885
104108623685,4.63855421686747,0.1551,0.0732,0.0204,0.0004,0.002,0.0258,0.0,0.066,0.0017,0.0004,0.655,3,55.37331730769231,51.60217701463104,28.46045673076923,62.40927934104286,104.8341346153846,105.0124575403994,30.51111778846154,4.987834731819739,9.71930998371396,103.25291511788724,2613.199942067163,10661.164480341624
104108626167,0.10040160642570281,0.0667,0.0857,0.0035,0.0059,0.0021,0.0868,0.0,0.0467,0.0,0.0,0.7026,2,30.02668269230769,46.85147945344136,23.966586538461534,53.54607078059592,72.13314302884615,95.09058893214784,28.741135817307693,5.0090155963187595,14.806329638822437,92.53597836265276,2359.524560687725,8562.907291533342
104108627229,4.126506024096385,0.1739,0.1154,0.0298,0.0001,0.0096,0.0522,0.0021,0.1165,0.0,0.0,0.5004,2,42.14768629807692,46.30394694255861,31.0015625,60.10771629046263,106.7377704326923,103.80286137734926,41.19996995192308,5.1353407085880445,13.378921977062111,102.17013084846992,4653.230431506817,10438.735637593469
104108630312,0.9437751004016064,0.0843,0.2101,0.0031,0.0231,0.0082,0.1152,0.0,0.1222,0.0,0.0,0.4338,1,69.97463942307692,48.56412623368342,47.67286658653846,64.24484169527504,115.33233173076924,88.74862343377477,53.32932692307692,5.316000132089648,18.707129938312725,86.49445213450522,4256.444231989031,7481.290250048215
104108630890,1.7570281124497993,0.0687,0.152,0.0017,0.0004,0.0076,0.039,0.0,0.0963,0.0,0.0,0.6343,3,60.28939302884616,48.73513760616833,38.58272235576923,66.14715081436245,110.7484375,97.125433421273,52.12635216346154,5.339417373202837,15.865884006460565,94.82233231965544,4822.511836887337,8991.274706539174
104108630923,4.949799196787149,0.1572,0.0691,0.046,0.0,0.004,0.0127,0.0016,0.0539,0.0009,0.0007,0.6539,2,52.84660456730769,52.03168757505888,21.93455528846154,52.486000726652755,116.5747295673077,109.14875448394092,32.28876201923077,4.553358265469948,9.784872628907928,107.94389299181266,3261.838101264005,11651.884034227902
104108640643,4.5582329317269075,0.1903,0.0047,0.0467,0.0163,0.0022,0.0321,0.0,0.1159,0.0,0.0,0.5918,2,44.12509014423077,49.76873386459277,42.05108173076923,77.57929162614515,82.23200120192308,101.01007151188706,30.120342548076923,4.939684936484405,11.639100648943772,99.38940588277605,3290.1683330251476,9878.254001731197
104108642604,2.3493975903614457,0.1357,0.119,0.0004,0.0024,0.0266,0.071,0.0,0.0771,0.0045,0.0,0.5633,2,60.413401442307695,49.17715975486171,28.44405048076923,54.37803810643727,129.06532451923076,98.82639115376224,40.17322716346154,4.870499361411545,11.683425178630335,97.44703000987624,2830.073284915721,9495.92365774572
104108646106,4.066265060240964,0.1514,0.2785,0.0063,0.0111,0.0232,0.0617,0.0,0.0934,0.0008,0.0,0.3735,2,50.951953125,42.214250127813145,29.629056490384617,51.393444220497294,112.53055889423077,93.07518138941882,38.57181490384615,5.271966523100625,16.480242955727597,90.39984885244225,2464.3426831632532,8172.1326725444
104108647249,3.604417670682731,0.1683,0.0108,0.0139,0.0025,0.0118,0.0199,0.0017,0.069,0.02,0.0221,0.66,2,51.02635216346154,46.40724111514549,25.77262620192308,52.935047981103374,158.3255108173077,102.1888797750468,36.91676682692308,4.651140990004754,11.708730840297124,101.76483954188735,4458.845552754599,10356.082566986084
104108648056,1.8775100401606426,0.1541,0.1378,0.0112,0.0066,0.0183,0.0861,0.0,0.059,0.0008,0.0006,0.5256,2,71.26670673076923,47.98174379607384,36.11400240384615,61.20050233964583,127.97091346153846,94.19394404035286,38.02013221153846,4.946367962214076,13.03736338143734,93.17512407369892,2430.8561803612342,8681.603746149189
104108649028,3.3835341365461846,0.1507,0.1541,0.0017,0.0012,0.0054,0.02,0.0,0.1121,0.0004,0.0015,0.5528,3,65.33716947115384,50.123582136743536,39.84738581730769,67.40264165401892,112.36974158653848,100.97390200497904,45.44486177884615,5.171351313077759,14.895410148288628,99.5244671295737,4886.830655133851,9905.119557425594
104108652136,4.779116465863454,0.1477,0.0,0.0479,0.0046,0.0009,0.0341,0.0,0.0941,0.001,0.0,0.6697,1,46.99888822115385,49.76021981389762,31.603605769230768,63.03063652577675,103.53121995192308,103.52672011475322,39.00856370192308,4.982734376529169,10.372527110123071,102.18695933000228,3531.491113479886,10442.174657111536
104108653387,0.9337349397590361,0.0311,0.1166,0.0,0.0005,0.0161,0.0515,0.0,0.0935,0.0,0.0,0.6907,1,67.2842548076923,55.693590745846535,49.88076923076923,74.8305362898564,77.49266826923076,84.88248278499944,50.83143028846154,5.228946197614277,16.6624592993677,82.2071599411993,4135.679352218357,6758.017145597921
104108655852,3.4839357429718874,0.1535,0.0504,0.0488,0.0045,0.005,0.014,0.0005,0.0497,0.0025,0.0,0.6711,2,42.65051081730769,55.348470510394655,15.191586538461538,43.64231198687598,99.11030649038462,110.12146239636812,25.522986778846153,4.390391454420355,9.262338263943215,108.98260755039378,2731.978545469927,11877.208748483146
104108658172,4.096385542168675,0.1974,0.0584,0.0044,0.0015,0.0036,0.0519,0.0072,0.1565,0.0159,0.043,0.4602,2,71.6671875,49.99370626517207,33.47761418269231,51.73766729980375,144.67710336538462,98.60656302405636,40.80153245192308,5.162248001551025,14.672642152281735,97.41602801481154,4039.309128691544,9489.882514182547
104108662703,0.6626506024096386,0.002,0.0081,0.0013,0.0702,0.0003,0.1874,0.0,0.0759,0.0002,0.0004,0.6542,1,36.84897836538462,42.3667803766714,50.33509615384615,72.76496570882267,88.80372596153846,87.84577044545556,50.29507211538461,5.150956623416641,18.60847071830691,83.63415250933798,3306.9196766789,6994.6714659552035
104108667134,4.618473895582329,0.1674,0.0545,0.0394,0.0025,0.004,0.022,0.0004,0.0939,0.0002,0.0,0.6156,3,55.264332932692305,54.93543403811845,38.98897235576923,72.9990431791661,108.42875600961538,101.71417743186043,36.48001802884615,4.903463671485264,8.96014135671551,100.66055788588156,2797.3414842449847,10132.547913896911
104108670376,2.2690763052208833,0.0764,0.1594,0.0153,0.0017,0.0105,0.0222,0.0,0.087,0.0,0.0,0.6273,2,52.56616586538462,55.45074702504872,26.80345552884615,59.43041781256993,90.59993990384616,96.61626950804006,43.36838942307692,5.241200107592192,9.128416611169223,94.5493149336142,5247.233731024025,8939.572954415764
104108678419,0.1606425702811245,0.0213,0.05,0.0002,0.0,0.0001,0.4384,0.0,0.0811,0.0,0.0,0.4089,1,58.74302884615385,45.04502567900528,54.42506009615385,65.5294875225829,94.37490985576925,75.02934386890321,43.46799879807692,5.30478733191392,22.20576777055555,71.88998381217601,1874.9005752825312,5168.16977251493
104108678513,4.046184738955823,0.0831,0.1055,0.0227,0.0,0.0003,0.0098,0.0001,0.0392,0.0036,0.0,0.7356,2,71.57181490384616,55.64479454474855,37.758954326923075,66.01078099128691,149.11499399038462,97.77441672567338,44.27253605769231,4.828103450110029,13.311086227537183,97.07767259808112,4364.049465938772,9424.07451706023
104108682136,2.7309236947791167,0.0672,0.1158,0.0088,0.0002,0.0174,0.0334,0.0,0.0552,0.0172,0.0,0.6848,2,81.61637620192307,56.4817425176457,39.99221754807692,68.44210622546382,116.4829326923077,87.54935701096801,44.525390625,5.149177063875789,10.66230198454168,85.3073777844683,2376.1511591479057,7277.348704461995
104108683768,4.28714859437751,0.1125,0.0336,0.0038,0.0,0.001,0.0205,0.0023,0.0592,0.0043,0.0001,0.7627,3,69.36111778846154,57.03799764782794,36.98254206730769,71.58442997392478,130.67478966346152,105.45034223244102,36.82481971153846,5.005726034893341,9.657020040592975,104.41756018775052,3228.4973344529735,10903.0268755625
104108688960,0.0,0.037,0.0935,0.0021,0.0,0.0081,0.0136,0.0,0.0549,0.0,0.0,0.7909,2,45.48515625,62.76084765531044,41.43650841346154,83.15695883660642,61.31805889423077,89.90291176635296,29.331129807692307,4.8455094408572705,6.379664701569805,87.72134181389535,2220.209999638845,7695.033809630266
104108689696,2.289156626506024,0.1206,0.1392,0.0354,0.0,0.02,0.0249,0.0,0.0578,0.0096,0.0,0.5925,2,58.809615384615384,52.25251067160971,42.88025841346154,67.97107916649715,134.56634615384615,97.56670664126408,44.00435697115385,5.010421738949472,16.15797348148082,96.2125327214284,3508.3167142102843,9256.851452671932
104108690599,4.919678714859438,0.2943,0.0589,0.0491,0.0406,0.0107,0.0525,0.0,0.1376,0.0141,0.0,0.3423,3,67.27154447115385,39.36285796175747,30.834375,52.10081154407945,166.7186298076923,91.06057248922214,37.39948918269231,5.034044967440196,16.779405134195457,90.52278664631208,2786.0056576158877,8194.374902213734
104108695903,4.8694779116465865,0.2342,0.0415,0.0092,0.0002,0.004,0.09,0.0013,0.1159,0.0005,0.0036,0.4996,3,51.45985576923077,43.91245605855566,35.62331730769231,62.316809391571624,143.3704326923077,100.66299976857896,41.45282451923077,4.875886195753717,14.739784144558769,99.99357185853846,4015.124516918476,9998.714413028694
104108701046,0.5522088353413654,0.1634,0.1735,0.001,0.0,0.0041,0.0097,0.0,0.1295,0.0016,0.0001,0.5171,2,73.59876802884615,48.75957109863285,56.65736177884615,80.34670775087908,113.14813701923076,100.37406116114477,46.34900841346154,5.160367961441464,22.39246561805071,98.06805804966906,6025.1471249470915,9617.344009633262
104108703120,1.0642570281124497,0.1402,0.0918,0.0015,0.0,0.0,0.0013,0.0,0.071,0.0,0.0,0.6942,3,64.98849158653846,56.32528311333024,53.03855168269231,77.75268081000657,77.90877403846154,92.4681014772376,29.377103365384617,5.1578206640864845,25.2813572365128,89.4767342817367,2401.508901034925,8006.085977724514
104108707005,2.068273092369478,0.0991,0.0751,0.0047,0.0017,0.0092,0.0204,0.0,0.0893,0.0041,0.0007,0.6958,2,62.87178485576923,51.65910760569887,51.471484375,77.15228738591203,124.69119591346154,98.06877238550302,45.77433894230769,5.191157807770037,14.061324664138322,96.5537064403642,4747.028035266583,9322.618227372028
104108707416,0.5823293172690763,0.0309,0.1193,0.0089,0.0012,0.0042,0.0122,0.0,0.0371,0.0005,0.0,0.7856,2,51.864423076923075,57.80675342461365,23.029447115384617,51.15153097267143,115.06571514423077,101.72988149256332,53.58984375,5.178453288466134,9.189597819978635,100.31795514454872,6622.123759346687,10063.69212438369
104108707624,3.7349397590361444,0.2089,0.1168,0.0054,0.0025,0.0022,0.021,0.0001,0.0992,0.0034,0.0,0.5407,3,59.979326923076925,46.093925774411616,31.313040865384615,62.328356794520595,124.42557091346154,106.87453239314492,34.97821514423077,5.005770127421332,11.703756154447758,105.48269024185193,3165.63448976686,11126.59794065848
104108707962,1.5060240963855422,0.0625,0.1415,0.007,0.0076,0.0182,0.0592,0.0126,0.0915,0.0,0.0,0.6,1,65.94029447115385,51.29295642443942,37.64107572115385,62.81517016174193,107.67575120192308,94.36764872528136,51.15324519230769,5.3058058501496514,13.197823736938265,92.45562029963756,4563.079448573548,8548.041724990753
104108709585,4.7991967871485945,0.244,0.04,0.052,0.0043,0.0109,0.0433,0.0,0.0453,0.0102,0.0143,0.5356,3,62.37734375,44.32468210179409,45.26541466346154,68.13027118639276,138.35441706730768,100.79808403691786,31.530198317307693,5.021884554543575,21.045115693776538,98.73971969775752,2482.89841909465,9749.532245991724
104108711163,1.9176706827309238,0.0971,0.0698,0.0053,0.0314,0.0017,0.1518,0.0,0.0782,0.0,0.0,0.5646,1,55.865414663461536,48.54563741498893,42.59519230769231,69.8544289140304,93.8951622596154,89.96764863613753,37.11598557692308,5.101692784114628,12.62905550898129,88.02063089532665,2212.0869483722036,7747.631463211331
104108718686,0.25100401606425704,0.1127,0.2559,0.0036,0.0021,0.0154,0.0174,0.0,0.144,0.0047,0.0,0.4442,2,79.65892427884616,54.75855094619871,28.899008413461537,51.48291222746245,118.70763221153848,92.45049663884224,51.72791466346154,5.333640075512045,10.865631805926771,90.67899983323942,4838.93675818449,8222.681010756634
104108725465,2.1485943775100402,0.2333,0.2227,0.0306,0.0006,0.0081,0.045,0.0016,0.0958,0.01,0.0027,0.3496,3,69.1338641826923,39.176653447334104,27.43933293269231,52.234320174788614,150.82749399038462,91.86744648485556,40.70958533653846,5.028968588045471,9.34523796239721,91.01604112203933,3291.556627041969,8283.919741528753
104108726540,4.859437751004016,0.1288,0.0097,0.0021,0.0209,0.0,0.0155,0.0072,0.0748,0.0155,0.0058,0.7198,3,49.46379206730769,54.5502245116743,27.91640625,61.129530625458,130.30751201923076,110.0009949859386,33.51472355769231,4.35643410705223,9.373156943989438,109.08851108048594,3974.3728757878594,11900.303249757304
104108729176,0.20080321285140562,0.0253,0.0324,0.0003,0.0007,0.0284,0.2334,0.0,0.1106,0.0,0.0,0.5689,1,53.911298076923075,53.02325328740571,46.31631610576923,65.2280723038555,75.67536057692308,75.91422692506063,52.1953125,5.2962445951621415,19.250475998665006,72.69234282325452,2789.4528784757536,5284.176705133563
104108729464,2.6004016064257027,0.1116,0.1583,0.0004,0.0186,0.0102,0.0491,0.0,0.0952,0.0,0.0,0.5565,2,47.51856971153846,39.08288795786913,51.938040865384615,73.63846198925233,127.6651141826923,100.50873489498954,51.42908653846154,5.196921338814773,22.17528303842108,98.62685000393984,5309.299489535721,9727.255541699653
104108729738,1.536144578313253,0.0798,0.1865,0.0045,0.0,0.0055,0.0036,0.0175,0.052,0.002,0.0084,0.6401,3,71.94432091346154,62.2346834499716,24.477974759615385,52.783955034835685,150.24696514423076,92.8412683971548,45.06174879807692,4.998613408855757,16.85240866730491,91.84562965245937,3399.988575804219,8435.619686256723
104108730392,2.3795180722891565,0.1242,0.016,0.0735,0.0028,0.0096,0.029,0.0,0.0693,0.0,0.0,0.6758,1,60.50706129807692,50.58213591947785,39.858443509615384,68.72660531312309,103.56087740384616,100.60079030647748,39.15414663461539,5.213561737488459,15.694973823941623,98.7311755428531,3836.592886904203,9747.845024073673
104108732600,0.6325301204819277,0.065,0.1108,0.0132,0.0009,0.0031,0.0642,0.0,0.1479,0.0,0.0,0.595,2,44.46123798076923,53.983761023446995,32.05318509615385,69.09903398940266,71.5049579326923,92.1505084162884,27.40790264423077,5.082897613287416,10.225801845904952,89.79133855606922,1690.5328620639775,8062.484479690642
104108734198,1.7670682730923695,0.1221,0.1154,0.0019,0.0089,0.0058,0.0271,0.0048,0.1121,0.0,0.0009,0.601,2,65.02935697115385,52.82493035276065,33.41355168269231,65.83968439407583,102.53650841346152,102.18365430929316,40.86283052884615,5.069184956386715,8.950782109584239,100.29450488322996,3326.4519332172463,10058.987709772236
104108739176,0.6124497991967871,0.0909,0.1718,0.0009,0.0,0.0164,0.0206,0.0,0.0879,0.0,0.0,0.6114,2,49.639693509615384,45.62194225952095,38.07256610576923,63.04674503795931,154.3021935096154,98.00767021345465,53.12244591346154,5.068316789751334,12.039080398766083,97.07083595932345,5584.0982278415295,9422.747193841878
104108739992,1.2349397590361446,0.0938,0.125,0.0032,0.0,0.0064,0.0044,0.0,0.0362,0.0,0.0001,0.7308,3,51.79660456730769,53.57183357561816,47.48368389423077,79.32724167804041,93.73326322115383,103.28713088075082,31.300330528846153,4.855956626273598,24.009567917413587,101.32738485175084,3589.509543211446,10267.238920894826
104108740569,2.8313253012048194,0.1648,0.0954,0.0337,0.0036,0.0046,0.0129,0.0,0.0475,0.0006,0.0051,0.6318,3,43.02040264423077,46.519402856717434,19.21319110576923,48.848045024109425,141.683203125,107.18819283956203,32.78680889423077,4.398557380647562,9.732510367661964,106.33309979622013,3185.7595411889793,11306.728112272904
104108743726,4.337349397590361,0.2092,0.0092,0.0875,0.0,0.0,0.0405,0.0006,0.0952,0.0002,0.0,0.5577,2,83.03972355769231,48.24163422812811,34.20477764423077,53.00779419295771,147.30462740384615,95.6201622845198,41.78230168269231,5.013766157627474,14.182554743429352,94.88285069636318,3616.627364032451,9002.755356268346
104108745014,3.2228915662650603,0.1359,0.2019,0.0,0.0002,0.0248,0.1339,0.0,0.1287,0.0,0.0,0.3746,1,50.387740384615384,46.532633231647885,29.965264423076924,47.41880517584855,127.37503004807692,90.61129575593104,53.63581730769231,5.161165519422565,18.834721101335266,89.404825953954,3873.4808499994224,7993.222903856808
104108745648,0.3514056224899598,0.0212,0.1242,0.005,0.0009,0.02,0.0522,0.0,0.068,0.0,0.0,0.7084,1,66.11162860576923,57.45263629860812,55.48203125,73.04639950065054,124.21105769230768,88.8901496221197,64.58518629807692,5.364471377601615,17.65071285689243,86.81957942233211,5154.070834114933,7537.639371070634
104108745885,1.1847389558232932,0.0766,0.0535,0.0047,0.008,0.0395,0.0628,0.0,0.052,0.0,0.0,0.7028,1,60.13719951923077,50.74159932691776,35.71631610576923,66.76584251376713,92.68545673076925,98.66109790802248,34.68704927884615,5.264824496791045,11.41689194763414,96.51931984699137,2772.175851385354,9315.979103725818
104108745962,2.3995983935742973,0.1428,0.1551,0.0097,0.0011,0.041,0.0436,0.0,0.0592,0.0194,0.0,0.528,2,69.19146634615385,56.343044301129666,37.18347355769231,67.55938487055846,124.49068509615384,97.79792763044362,44.24954927884615,5.041503925561638,10.308758435729615,96.14703375446288,3219.3190409814956,9244.252099781825
104108746166,2.218875502008032,0.065,0.1692,0.0005,0.0059,0.014,0.0254,0.0,0.1059,0.0036,0.0,0.6104,2,78.16171875,58.94669294426218,31.989723557692308,61.21492433796211,117.36871995192308,92.73273159104846,54.47866586538461,5.292616854062697,9.037611347128909,90.8243170611322,5290.743457840237,8249.056569621069
104108746964,4.467871485943775,0.1395,0.003,0.0488,0.0001,0.0031,0.0345,0.0036,0.0857,0.0001,0.0,0.6817,2,56.19041466346154,47.65709042205916,67.44029447115385,84.47213307938065,97.90186298076924,100.5377837336181,35.50691105769231,5.030369776466054,29.6350878779196,97.57008083912824,3355.76670459183,9519.920674954024
104108752262,0.09036144578313253,0.0233,0.0667,0.0,0.0146,0.0128,0.0643,0.0,0.0703,0.0,0.0,0.748,1,46.4046875,45.51607112252979,51.83353365384615,67.66653063577681,118.86796875,88.84636085389087,56.50916466346154,5.327329219956776,20.172280379215938,86.67136961204903,4273.267447730071,7511.926310428416
104108753924,1.6265060240963856,0.1563,0.1069,0.0106,0.0035,0.0112,0.0085,0.0,0.0935,0.0026,0.0016,0.6054,3,44.32202524038462,50.73416999689067,23.90111177884615,57.22681014388901,104.57551081730767,106.2496222053968,36.18118990384615,4.80206021757183,7.559321079805168,105.1728269271297,4886.129148042216,11061.32352384398
104108754062,2.9518072289156625,0.2087,0.1747,0.0052,0.0179,0.0203,0.023,0.0,0.179,0.001,0.0,0.3702,2,53.25691105769231,48.31388612875475,44.65979567307692,71.7654726110883,126.45201322115383,94.01786465961494,50.501953125,5.169144439617499,12.256767718396492,92.88490115040312,4213.954790804711,8627.60486172016
104108757423,1.9578313253012047,0.0581,0.2081,0.0008,0.0118,0.0131,0.0515,0.0001,0.1131,0.0005,0.0,0.543,1,47.998707932692305,54.21721607352461,42.18149038461539,72.57876354009845,68.212109375,80.65959635637071,35.86703725961539,5.242822721546041,13.565198410047907,77.99620051445285,1977.206948325253,6083.407294690736
104108757604,2.4397590361445785,0.1531,0.1516,0.0256,0.0002,0.0087,0.0251,0.0033,0.1194,0.0,0.0,0.513,2,55.78512620192308,54.1703560731092,36.05685096153846,59.13788748947812,126.6642127403846,97.81585619969668,48.62469951923077,5.1554945681937046,14.456633316343275,96.62619213923972,5221.522484975962,9336.621007329277
104108758944,3.6847389558232932,0.1793,0.0836,0.0119,0.0109,0.0152,0.0299,0.0002,0.0942,0.0047,0.0011,0.569,3,50.405859375,50.994562498070785,31.34783653846154,64.17929584024901,107.00186298076925,106.55931304230774,32.00525841346154,5.073373261295911,14.426336306743629,104.8766853992462,2869.8357628419412,10999.119140332465
104108760626,0.5421686746987951,0.0975,0.1161,0.0158,0.0019,0.0064,0.0251,0.0,0.105,0.0006,0.0001,0.6317,2,49.552914663461536,62.22920779990515,32.36838942307692,67.44545551422593,98.54576322115383,98.62635703686011,47.50600961538461,5.074407854423624,8.062382788614048,97.02991412431616,5894.720116298156,9414.804234972167
104108764295,4.186746987951807,0.1303,0.0097,0.0212,0.0015,0.0114,0.0174,0.0005,0.062,0.0034,0.003,0.7396,3,65.71790865384615,50.03834278822247,33.18686899038462,60.182553031218546,143.15504807692307,106.0538695935557,36.27313701923077,4.685566723739337,16.958718018448124,105.3243832415137,3458.008195496509,11093.225705205252
104108769212,4.236947791164659,0.1922,0.0026,0.0059,0.0194,0.0008,0.0371,0.0,0.0532,0.0005,0.002,0.6863,2,58.287169471153845,44.05260067513511,40.411087740384616,71.17461956069796,136.92391826923077,112.26774360803496,28.725811298076923,4.4529541014983405,15.859703016798212,111.19437213243609,3355.5940083692203,12364.188393926675
104108772466,3.423694779116466,0.1635,0.0846,0.0175,0.0145,0.0146,0.0872,0.0002,0.0654,0.0114,0.0018,0.5394,1,36.20910456730769,42.52826543155116,18.685697115384617,46.85952513532612,123.03022836538462,100.02791160805567,33.31550480769231,4.518085382143033,7.641775504952637,99.15214235649348,2380.6616260596284,9831.147333882349
104108773563,1.5562248995983936,0.1421,0.1114,0.006,0.0001,0.0229,0.0888,0.0,0.1188,0.0,0.0,0.5101,2,68.81018629807693,51.881626067450824,44.04600360576923,67.00929375671726,123.3138221153846,100.00328576961036,50.61688701923077,5.085013430049139,15.957817039714952,98.45305642522656,5631.815171042899,9693.004319468842
104108774096,1.0140562248995983,0.065,0.2043,0.0058,0.0,0.0051,0.0025,0.0,0.0959,0.0002,0.0,0.6211,2,45.02028245192308,56.8937958453244,34.31141826923077,65.52781000496053,79.80186298076923,87.26528606942914,45.78966346153846,5.252331475019783,9.800304691174324,85.11948803316163,4518.4915957397825,7245.327243027546
104108774361,4.789156626506024,0.219,0.023,0.0779,0.0004,0.0118,0.0387,0.0,0.134,0.0105,0.0,0.4846,2,67.85808293269231,51.76186421207672,36.72415865384615,52.65925016459982,148.07496995192307,95.86941237572036,36.69456129807692,5.15195912855662,16.69972768528917,94.4440295285845,3019.529499262522,8919.67471359614
104108775417,3.7048192771084336,0.1313,0.2267,0.0078,0.0034,0.0127,0.0268,0.0002,0.0521,0.0004,0.0001,0.5385,2,70.69924879807692,45.77683730414664,45.86358173076923,73.06850395254793,143.0001502403846,93.7638613148976,43.53695913461539,5.067802494385573,13.241470596506996,92.15909430320724,3266.33141257382,8493.298662787443
104108777350,3.1325301204819276,0.1055,0.1027,0.005,0.0,0.0022,0.0227,0.0055,0.1025,0.0076,0.0046,0.6416,2,60.21246995192307,53.21287207392652,51.66307091346154,83.15599100828209,90.13584735576924,100.09542304704588,42.45658052884615,5.10756127918143,13.28001770892428,98.05574046028308,4916.123220225679,9614.928237214395
104108780545,1.2449799196787148,0.1089,0.1618,0.0033,0.0004,0.0068,0.0201,0.0,0.0989,0.002,0.0,0.5978,2,47.475,55.94417482737041,42.09302884615385,72.6008859540079,95.54912860576924,94.87892424911108,44.01968149038461,5.084802918382774,9.954779881866164,93.28163054530276,4450.191045673077,8701.46259719036
104108781507,3.3032128514056227,0.1811,0.1012,0.0034,0.0001,0.0021,0.016,0.0126,0.1288,0.0011,0.0,0.5536,3,56.610516826923075,53.5211321265525,41.18221153846154,61.84626252554255,111.25724158653846,99.85427735140809,40.31114783653846,5.295653167576266,20.299981371459413,97.97381933877487,4556.089422152367,9598.8692758269
104108783257,3.6345381526104417,0.1988,0.0963,0.0051,0.0,0.0001,0.0225,0.0,0.1413,0.0111,0.0074,0.5173,3,64.72593149038461,57.08092402592972,32.40291466346154,62.38346932569963,112.97716346153848,102.36601800379876,40.11959134615385,5.210675704896159,10.985819061433752,100.93780863986376,4572.209333480745,10188.441213017752
104108783945,4.528112449799197,0.1693,0.0355,0.018,0.0054,0.0026,0.0238,0.0,0.081,0.005,0.0169,0.6425,3,53.94245793269231,46.9157773939407,42.29074519230769,68.17393592384508,112.27725360576925,106.79225158890728,32.12019230769231,5.082438022884942,17.23855763499915,104.8461598037855,4100.183873420128,10992.717225600923
104108785710,1.716867469879518,0.1769,0.1336,0.0029,0.0,0.0045,0.0115,0.0,0.0996,0.0,0.0019,0.5692,3,73.79140625,46.70985458219463,33.00474759615385,60.14041043961162,126.95745192307692,104.33213879171392,41.74399038461539,4.989050436570675,10.93473767038924,103.2437963989962,5043.322209897916,10659.28149487738
104108788617,4.809236947791165,0.2075,0.047,0.0275,0.0038,0.0088,0.0259,0.0,0.1003,0.0008,0.0,0.5782,3,60.87292668269231,55.45426736906129,29.76887019230769,61.210842602343895,112.22301682692309,104.41601778801204,34.32692307692308,5.089799175004513,9.850817457648818,102.97887312652404,3728.498056408584,10604.648310408737
104108788928,0.39156626506024095,0.0628,0.0491,0.0014,0.0002,0.0065,0.2059,0.0,0.0791,0.0,0.0,0.5949,1,47.60177283653846,49.5736453467245,47.19164663461538,76.52400556568796,86.18248197115385,93.4289935005838,44.14227764423077,5.177408663946487,14.06982062542724,90.35187853850296,3189.76170762553,8163.461955436391
104108789981,3.032128514056225,0.0853,0.0154,0.0162,0.0,0.0018,0.0787,0.0,0.0482,0.0,0.0,0.7544,1,74.89552283653846,36.82022322213819,50.04897836538461,65.91266169190888,135.7566706730769,92.55960779500732,45.87394831730769,4.827610240549889,17.767633028576356,92.62893037975212,2669.405239524164,8580.118743296967
104108790045,3.433734939759036,0.0899,0.1239,0.0154,0.0062,0.009,0.0556,0.0,0.1174,0.0008,0.0,0.5818,1,68.20057091346153,50.42850046878082,44.77490985576923,63.08042429612291,115.26841947115383,92.81077361915256,52.74699519230769,5.377379878301193,18.588316959525816,90.65731356923898,4952.932582964474,8218.748503591323
104108790088,4.026104417670683,0.1524,0.0441,0.0121,0.0027,0.0125,0.0147,0.0003,0.1321,0.0075,0.0033,0.6183,3,52.82019230769231,51.21395719901215,48.52403846153846,83.35669610255157,87.04774639423077,103.7773659360189,34.18900240384615,4.910990426217515,12.59397069911956,102.14886110574648,3917.4957353363943,10434.38982520109
104108791651,1.0742971887550201,0.0397,0.1195,0.0002,0.0019,0.0082,0.0225,0.0,0.0883,0.0,0.0,0.7195,2,48.627133413461536,57.64746248400863,45.98368389423077,76.21247621393555,90.50646033653848,94.7619408783573,49.84299879807692,5.266750678194979,11.18088619941804,92.56810900861365,5208.2736417691385,8568.854805430576
104108793880,1.4558232931726907,0.1665,0.1996,0.0021,0.0095,0.015,0.0268,0.0011,0.0915,0.0,0.0,0.4879,3,68.73224158653846,47.14742153198531,29.924939903846155,56.61139474540816,124.31316105769233,95.73789687945911,46.65549879807692,5.152186324931967,11.5285857155059,94.66638211757513,3865.026748132649,8961.723903230746
104108794974,2.5,0.1855,0.1221,0.0078,0.0005,0.0069,0.0165,0.0,0.1215,0.0002,0.0043,0.5347,3,65.49663461538462,49.47816134632175,35.54522235576923,63.026275126972614,129.0128605769231,100.6297404664065,44.18058894230769,5.165650188021609,12.730566286353422,99.25559882910828,4947.393667006633,9851.67389892488
104108795931,2.4196787148594376,0.1245,0.1537,0.0061,0.0018,0.0093,0.0058,0.0,0.1092,0.0002,0.0043,0.5848,3,60.01201923076923,53.08533111488101,34.44248798076923,60.560475655318406,112.92992788461538,98.75227824048976,44.31850961538461,5.294518847126206,16.77459741782582,96.67324987737244,4205.909538927248,9345.717241852888
104108798362,2.5100401606425704,0.109,0.1024,0.0181,0.0095,0.023,0.0555,0.0,0.0791,0.0006,0.0,0.6027,1,48.71589543269231,49.243624145363576,39.481640625,66.61172403051856,103.69269831730767,101.83483874284666,38.67142427884615,5.202639700747811,20.22831411101597,99.5623173761075,3503.3912918217225,9912.655041300755
104108799268,3.9156626506024095,0.1898,0.1097,0.0033,0.0016,0.0081,0.036,0.0084,0.0483,0.0022,0.0001,0.5924,3,43.21532451923077,48.971961103204,19.86962139423077,53.065614796918425,118.78885216346154,108.58481919061444,29.583984375,4.637624833005233,7.649791708343869,107.28641972267982,2569.464387603399,11510.37585691102
104108799848,1.927710843373494,0.0976,0.147,0.004,0.0032,0.0243,0.0469,0.0,0.0949,0.0,0.0,0.5821,2,79.85015024038462,48.99463511252184,33.11682692307692,51.95334149808074,126.34591346153846,86.12593115289988,57.11448317307692,5.283091303352798,13.399350210562616,85.22262242266518,4116.842078716571,7262.895372596154
104108800692,4.979919678714859,0.2017,0.0435,0.0597,0.001,0.0059,0.0438,0.0214,0.0623,0.0059,0.0,0.5547,3,72.8895733173077,46.34246707141364,46.21655649038462,71.4707865189844,136.51944110576923,100.94220330516416,36.21950120192308,5.08972429941702,16.427939872807183,99.13040261296712,3218.7843890769104,9826.83672220896
104108804256,1.5963855421686748,0.104,0.1872,0.0028,0.0054,0.0077,0.0401,0.0045,0.0615,0.0002,0.0,0.5865,2,59.860546875,55.765446020750474,24.752584134615383,51.69752564664687,123.3553185096154,101.11833428614617,39.46063701923077,5.048089012212527,13.224376330690095,99.20466076520776,2999.018328271448,9841.564717539952
104108810212,2.2991967871485945,0.0826,0.1324,0.0014,0.0025,0.0089,0.0242,0.0,0.0719,0.0,0.0,0.6761,1,70.77677283653846,54.266229251548054,35.97301682692308,58.32436131557644,122.44278846153846,91.67903339553636,52.82361778846154,5.344003283178671,15.236873073639956,89.84151294214038,4560.827731543546,8071.497447732779
104108812334,1.1345381526104417,0.0739,0.1594,0.001,0.0022,0.0096,0.0323,0.0,0.0946,0.0,0.0,0.6269,2,52.80282451923077,54.267859225389635,38.92971754807692,69.12656500552801,101.09708533653846,95.81001541595084,49.32196514423077,5.259510828569539,12.454041579840322,93.88510963012922,5285.963900323451,8814.413810261382
104108812608,3.6546184738955825,0.1847,0.1512,0.0068,0.0019,0.0014,0.0155,0.0162,0.0722,0.008,0.0,0.5421,3,42.26697716346154,53.48071827116722,12.684495192307692,39.515609439924255,90.54540264423076,106.2579396632765,27.116736778846153,4.988712772886807,6.631199521380165,104.65636618620104,2650.9666555903514,10952.954983300204
104108814105,4.548192771084337,0.1478,0.0442,0.0255,0.0005,0.0014,0.0271,0.0258,0.0546,0.0068,0.0,0.6663,3,49.00411658653846,52.17964428323433,31.077884615384615,68.25971378003896,105.07007211538462,109.06130132025694,29.476712740384617,4.6877702572279425,9.876981360670358,107.5592676256814,2666.0392703481825,11568.99605217296
104108815872,2.0180722891566263,0.1439,0.1367,0.0022,0.0001,0.0002,0.0062,0.0,0.1004,0.0032,0.0007,0.6064,3,56.16298076923077,63.707724951679616,24.32013221153846,52.36282425466399,115.7779747596154,103.12816959807054,45.01577524038461,4.926465575308013,8.34244320180374,102.23219687254851,5718.796445203251,10451.422077387522
104108820409,1.2951807228915662,0.0735,0.0822,0.0031,0.0157,0.0315,0.0494,0.0,0.0781,0.0,0.0,0.6665,1,48.08933293269231,50.18870143367221,42.61550480769231,73.9349900411801,88.77010216346154,101.78127000892152,32.21980168269231,5.1014833572620155,16.722885345753678,99.47402149421478,2820.266255197017,9895.080952231505
104108820453,0.7028112449799196,0.0221,0.0067,0.0,0.0532,0.0149,0.2457,0.0,0.0911,0.0,0.0,0.5664,1,34.43671875,39.104206477480126,67.79912860576923,81.11895204112469,80.17406850961538,83.91468105491548,47.78185096153846,5.139122705776813,27.504340308846583,79.57422729750381,3356.853752596703,6332.0576499948
104108822531,3.6646586345381524,0.2144,0.1755,0.0039,0.0,0.0017,0.0177,0.0,0.1027,0.0,0.0001,0.484,3,53.53518629807692,47.84672631074353,25.77283653846154,56.83487189735422,119.97842548076925,104.4633352748784,37.39182692307692,4.8593464348780415,8.637636770821564,103.39305716010864,3500.616714817024,10690.124268913494
104108826085,3.8052208835341363,0.1629,0.0032,0.0054,0.0,0.025,0.0336,0.0058,0.091,0.0064,0.0218,0.6448,2,56.98560697115385,47.782083118252245,61.66397235576923,76.98777242816654,119.1817908653846,99.52378831245338,33.06265024038461,5.219123795670852,28.378847844990425,97.16630239747464,3566.1075730399407,9441.290321597487
104108827215,1.2550200803212852,0.1552,0.1582,0.0054,0.0,0.0003,0.0153,0.0,0.0936,0.0,0.0,0.572,2,63.97145432692308,50.62653691921866,28.87196514423077,59.70660574287675,115.91682692307693,99.6407479857631,47.92743389423077,5.229121369976779,7.953041028566062,98.45586942964503,5888.746406342997,9693.558225147315
104108829152,1.3353413654618473,0.0546,0.1417,0.0,0.0139,0.0077,0.0949,0.0,0.1118,0.0,0.0,0.5754,1,45.434375,52.39848377589968,42.67454927884615,66.7399283049166,89.47271634615385,86.02148330351463,49.62079326923077,5.355326187531119,14.39037979803564,83.36417612165981,3778.587409841323,6949.585860443115
104108834683,3.644578313253012,0.1431,0.1109,0.0112,0.0014,0.0182,0.0466,0.0,0.0873,0.0,0.0,0.5814,2,70.82632211538461,53.32875297327609,43.18780048076923,67.44159916762884,124.94287860576924,96.97310299611124,49.03846153846154,5.244891957647599,15.709344571292714,95.50141168721244,5391.617960912038,9120.51963425044
104108836631,2.5903614457831323,0.1045,0.064,0.0019,0.0001,0.0025,0.0078,0.0,0.0619,0.0004,0.0069,0.75,3,63.00658052884615,50.37988963876308,34.967938701923075,66.26669936271864,114.60534855769232,107.8861432775163,37.22325721153846,4.871184533281424,11.77225952333455,106.3727907312759,3983.232284982896,11315.170607959815
104108838791,1.4056224899598393,0.0783,0.0633,0.0022,0.0207,0.0227,0.0721,0.0,0.1073,0.0,0.0,0.6334,1,60.21448317307692,52.285165125117224,54.245282451923075,77.80180548212486,95.7708533653846,96.72411614102325,46.22641225961539,5.167506969128176,18.169701508921364,94.2957650633318,4503.574221638335,8891.691308879062
104108839146,4.769076305220883,0.1899,0.0064,0.0615,0.0002,0.0,0.0286,0.0073,0.0946,0.0,0.0,0.6115,3,67.37223557692307,47.937907663518665,39.60012019230769,61.223160917073386,143.14516225961538,101.20119160130552,41.26126802884615,5.127498178270593,17.067871886434332,99.97695609884684,4713.988753776776,9995.391750790748
104108839187,0.42168674698795183,0.0513,0.1611,0.0022,0.0056,0.0057,0.064,0.0003,0.094,0.0002,0.0,0.6155,1,60.91183894230769,57.52443600108818,52.25724158653846,69.72264868050962,108.06514423076923,88.10535016321678,57.17578125,5.375045343090275,17.811224640241257,85.56574746760195,4619.58556521805,7321.497139689429
104108839865,2.1285140562248994,0.0907,0.1111,0.0008,0.0109,0.0182,0.0141,0.0,0.0815,0.0082,0.0,0.6645,2,52.30724158653846,54.167643824180416,44.65597956730769,71.66485380809843,124.32364783653846,103.28910703983998,44.23422475961539,5.131686426866176,15.120133422329014,101.86320438907836,3869.063228651419,10376.11240841115
104108845850,4.698795180722891,0.1911,0.0085,0.0574,0.0001,0.0001,0.0314,0.0067,0.0923,0.0,0.0,0.6123,3,70.8227764423077,48.07733551652266,44.79588341346154,66.98169742208762,140.30799278846155,100.82445221512845,40.00465745192308,4.984025074280532,14.794103313784614,99.44088207340384,4056.129966239251,9888.489027536609
104108849407,4.006024096385542,0.072,0.0213,0.0107,0.0,0.0,0.0098,0.0018,0.0611,0.0,0.0,0.8232,2,38.16451322115385,52.43944489898351,25.243088942307693,61.44505573365755,55.312319711538464,94.1656589558534,18.61162860576923,4.758155959628981,8.299043400864651,92.8628281368958,1759.699232603897,8623.504849582649
104108850287,0.9236947791164659,0.0681,0.0846,0.0015,0.0004,0.0002,0.0016,0.0,0.0741,0.0009,0.0,0.7686,2,66.16980168269231,61.02695146908216,42.746153846153845,77.21806610375097,95.60958533653846,100.2959811977499,44.01201923076923,5.048459440461659,10.06428118290352,98.64294121266384,4775.24326732026,9730.429851085051
104108853728,4.156626506024097,0.1493,0.172,0.001,0.0038,0.0068,0.0519,0.0,0.0969,0.0,0.0,0.5181,2,62.418509615384615,48.697399197946275,46.57298677884615,61.21801085643485,135.01412259615384,90.38820013491365,52.40219350961539,5.246989906689343,20.328746278911975,88.9717000120138,5037.874620874167,7915.963403027777
104108854371,4.668674698795181,0.1762,0.0004,0.0108,0.02,0.0075,0.1064,0.0035,0.1067,0.0002,0.003,0.5652,2,65.48948317307692,48.30035557354591,53.38076923076923,80.00469804645498,113.69188701923076,108.8218229074955,29.721905048076923,4.882211958490739,16.757026130430443,106.82805987799716,2385.0832286622535,11412.234377296943
104108856552,2.9919678714859437,0.0999,0.15,0.0032,0.0186,0.0067,0.0648,0.0,0.0983,0.0,0.0,0.5584,1,50.153485576923075,54.65844887594076,32.70042067307692,56.34684910151754,120.47358774038462,94.29989956092336,54.24879807692308,5.151162646420509,15.496708986898328,92.86592291850732,5155.006156929512,8624.079639506142
104108856628,3.1626506024096384,0.1186,0.1079,0.002,0.0131,0.0014,0.0073,0.0,0.031,0.0038,0.0018,0.713,2,52.96850961538462,50.697629227777654,31.226171875,58.15442509028041,145.04029447115386,99.9529975122914,36.53365384615385,4.847149826362218,12.002782254288064,98.90480301008508,3507.526424650836,9782.160058463734
104108857740,4.9397590361445785,0.1124,0.0372,0.0206,0.0,0.0,0.0118,0.0063,0.0356,0.0,0.0,0.776,3,60.50658052884615,46.01626442152845,34.55979567307692,69.54004773784187,138.13677884615385,109.49143958332093,29.928786057692307,4.709741856479932,10.055845842773651,108.21964129520042,2801.073665351642,11711.490762061849
104108858221,0.2710843373493976,0.0385,0.1713,0.0062,0.0001,0.0048,0.0196,0.0,0.04,0.0,0.0,0.7196,2,69.21887019230769,57.603713360809515,33.82638221153846,65.54035127556968,110.75582932692308,94.74842351240603,52.91556490384615,5.315657010219408,9.28653238287776,92.58804688705284,3742.040962931616,8572.546426359098
104108859766,2.7008032128514055,0.1197,0.118,0.0,0.0141,0.0125,0.1035,0.0,0.1032,0.0002,0.0,0.5287,1,50.03016826923077,47.72479062663661,50.24155649038462,68.14701548102873,120.83939302884616,99.34526141803708,50.90805288461539,5.293954846683583,23.932603095120548,97.18904121287903,5775.177491620307,9445.709731878698
104108860715,3.2429718875502007,0.1193,0.0203,0.0136,0.004,0.0069,0.0598,0.0003,0.0707,0.0035,0.0,0.7017,1,46.88909254807693,51.019463798789126,29.63659855769231,61.11718012325709,86.85697115384616,102.09114623170323,33.62965745192308,4.812906771055357,12.556840885275967,100.5238539821968,3554.9519721903607,10105.045219434029
104108865747,1.5461847389558232,0.1109,0.169,0.0014,0.0006,0.0376,0.0479,0.0,0.1155,0.0002,0.0,0.5169,1,64.18653846153846,53.46133745465809,52.33581730769231,76.6561979455453,99.51231971153848,93.19142457893662,47.75886418269231,5.301533724629067,18.717914718708844,90.71378430132634,4217.512944350384,8228.99066226756
104108866643,3.5642570281124497,0.1617,0.0869,0.0153,0.0027,0.0096,0.0274,0.0,0.0737,0.0036,0.0007,0.6185,3,53.59540264423077,51.30859428842993,25.47136418269231,55.72724362817358,124.66878004807693,105.49898291219168,40.16556490384615,4.720831169314313,10.475207501775742,104.42694678020328,4628.320848720031,10904.987213835406
104108866981,1.7971887550200802,0.0858,0.0897,0.0055,0.0006,0.018,0.0678,0.0107,0.0431,0.0038,0.0001,0.6748,1,71.2201923076923,47.84120632424701,42.24044471153846,64.45899066232792,124.0954326923077,98.93632599675335,37.68299278846154,5.14949091223513,18.11904891150133,96.88560501428204,2703.8452286028437,9386.820458983471
104108869071,3.102409638554217,0.1317,0.1367,0.0283,0.0004,0.0371,0.0645,0.0,0.1205,0.0072,0.0,0.4734,1,52.01156850961539,51.03138485253621,28.234104567307693,59.18624478080603,123.13016826923077,96.69657049826294,50.86207932692308,4.935144880305277,9.662200973211956,95.78812044565048,4458.628296606301,9175.364018510449
104108870597,1.7269076305220883,0.1118,0.1717,0.0082,0.0015,0.0086,0.0451,0.0,0.0885,0.0003,0.0,0.5644,2,72.51286057692307,50.9236768925753,43.53067908653846,75.65229574879324,110.36971153846154,100.54306193747504,51.95778245192308,5.143452100183186,10.485841828040316,98.92861004196392,8053.177258444341,9786.869884834963
104108874835,0.15060240963855423,0.0265,0.2358,0.0,0.0001,0.0024,0.0721,0.0,0.0783,0.0,0.0,0.5847,1,47.22863581730769,55.1961916314429,39.06225961538462,70.21855925354876,88.37307692307692,88.35681897988452,46.57121394230769,5.260328796114118,11.46826309033412,85.5625628473387,3274.5149159484504,7320.952161004785
104108876134,3.5441767068273093,0.1878,0.0103,0.0626,0.0,0.0037,0.0472,0.0002,0.1103,0.0061,0.0003,0.5715,2,54.96457331730769,52.81812590424514,27.75504807692308,56.21310947136794,116.48443509615385,103.73850839065686,38.71739783653846,4.967571878469104,10.256845808927434,102.73731619294703,3790.9810222910146,10554.95613852958
104108877288,2.5602409638554215,0.0921,0.0787,0.0101,0.0011,0.0115,0.0186,0.0,0.0782,0.0096,0.0,0.7,2,59.695973557692305,53.33689017912527,29.34765625,59.211473095925655,112.37584134615383,102.09817063791812,44.89317908653846,5.046491692740934,10.519946579850195,100.67978397712916,4691.528440327842,10136.418901681393
104108878064,1.034136546184739,0.0517,0.1556,0.0019,0.0008,0.0074,0.0069,0.0,0.1099,0.0012,0.0,0.6642,2,59.48269230769231,65.9803219569285,30.241676682692308,67.12527735815985,82.0915264423077,95.8015353268792,47.39107572115385,5.278040460711434,5.860445177065563,93.8545500232066,5661.806260386811,8808.676560058591
104108879762,4.879518072289157,0.179,0.021,0.0076,0.004,0.0029,0.0735,0.0162,0.0777,0.0032,0.0,0.615,2,53.296334134615385,40.98456981014891,51.81126802884615,79.8138368010618,108.8814903846154,99.9066707809281,39.42232572115385,5.119420263874812,13.94040051307601,98.05451428452412,3546.3375052141723,9614.687771573945
104108881377,2.781124497991968,0.1516,0.0484,0.008,0.0002,0.0083,0.0232,0.0023,0.0904,0.0075,0.006,0.6541,3,57.59332932692307,49.96860857099536,42.89152644230769,73.06455761613238,99.03055889423077,105.3816039428488,36.65625,5.0424540010424925,15.077263154335084,103.39736515425083,3838.549582496959,10691.015120841485
104108883315,3.674698795180723,0.1184,0.0733,0.0242,0.002,0.0108,0.0487,0.0,0.0931,0.0,0.0,0.6296,2,60.909014423076925,51.16350595705008,41.34044471153846,64.06016007955036,136.95084134615385,97.00240591913084,46.01953125,5.1497661799828895,20.25337447221169,95.76520798931836,3717.828626137457,9170.975061237405
104108884118,0.8835341365461847,0.0247,0.1681,0.0048,0.0133,0.0106,0.0277,0.0,0.0892,0.0,0.0,0.6617,1,52.85970552884616,56.77317648910696,50.49344951923077,80.92971052730579,88.24693509615385,92.43583902122752,48.16496394230769,5.268918649939017,12.217613388685812,89.69243733332901,4270.410333519208,8044.733314793152
104108888653,3.8855421686746987,0.1608,0.1382,0.0077,0.0057,0.006,0.0241,0.0,0.0947,0.0,0.0,0.5627,3,45.60868389423077,43.257074402784774,41.46875,65.05093638002661,131.42451923076922,103.6708621939554,45.97355769230769,5.12280022988766,17.785073196540463,102.25770388523068,5256.768492843357,10456.638003879523
104108888885,0.8333333333333334,0.0695,0.1587,0.0057,0.01,0.0065,0.0573,0.0,0.1076,0.0001,0.0002,0.5844,1,74.40760216346153,50.9572047412694,46.27518028846154,67.87556618506734,124.18055889423076,89.21393334054655,59.63536658653846,5.301473711517038,16.828268558179865,87.23886839819947,4930.210242723996,7610.620159398367
104108888986,2.0783132530120483,0.017,0.0994,0.0024,0.0,0.034,0.0396,0.0,0.0547,0.0,0.0,0.753,1,71.21956129807693,52.84283512763837,40.59705528846154,64.96452122328758,129.19927884615385,93.70904432049612,58.57797475961539,5.263215800826055,15.25663794410076,91.70107439133989,4566.9270189048275,8409.08704452605
104108894082,3.8755020080321283,0.2241,0.0613,0.0387,0.0004,0.0023,0.0414,0.0,0.1482,0.0001,0.0,0.4837,3,55.53305288461539,48.26160981594014,34.17662259615385,61.494465484527616,103.9450420673077,105.66844186334706,31.039813701923077,5.168862567635838,14.61902998930112,103.80009571368988,3227.209037536982,10774.459870171182
104108896286,4.2971887550200805,0.1391,0.0257,0.0156,0.009,0.0113,0.0754,0.015,0.0623,0.0041,0.0,0.6425,2,60.62112379807692,51.90684256422343,49.976021634615385,76.23405627471023,103.25772235576925,102.43566703482742,35.361328125,5.12746884775313,19.824571358533223,99.95539271800772,2800.9267947866224,9991.080533411152
104108897301,3.92570281124498,0.1211,0.0526,0.027,0.0,0.0034,0.0114,0.0,0.0632,0.0021,0.0,0.7192,2,60.41893028846154,56.13889756246372,54.52181490384616,78.03119024796314,89.6459735576923,99.3206529034257,31.514873798076923,5.165695145038197,25.174807290504408,96.55272280299116,3734.8510370189056,9322.428280671247
104108905183,3.1526104417670684,0.1475,0.091,0.0023,0.0,0.0035,0.0111,0.0,0.1196,0.0013,0.0035,0.6201,3,69.31361177884615,46.397104879095465,64.26385216346154,86.29684279013601,96.56475360576924,99.64157286267346,38.56415264423077,5.125681574927231,19.27386844381708,97.423298029862,4844.2393110864405,9491.298999015313
104108906517,2.13855421686747,0.0737,0.1817,0.0022,0.0048,0.0128,0.054,0.0,0.1004,0.0017,0.0,0.5687,2,61.22310697115385,56.67740624205998,30.550240384615385,56.550920509918654,110.7905048076923,97.49919923850152,52.93855168269231,5.363286659539874,13.769904069009549,95.62124002146344,5189.418075506446,9143.421543242324
104108907676,1.78714859437751,0.087,0.0891,0.0,0.0,0.0024,0.0061,0.0,0.0627,0.0002,0.0001,0.7523,2,58.75991586538461,55.22675441194726,47.94933894230769,73.37482443823528,126.2546875,102.16629797526018,47.08458533653846,5.192685673253224,17.10869306190004,100.46067027014428,4394.401581748647,10092.346271126651
104108910520,1.2650602409638554,0.087,0.133,0.0047,0.0,0.0011,0.0221,0.0122,0.1049,0.0003,0.0,0.6347,2,56.62403846153846,54.49822299095263,31.360126201923077,61.0891945447663,99.36084735576924,99.68853893600532,34.69471153846154,5.21013101759849,9.750006335769738,97.66032401376296,2324.5913641790808,9537.538886473165
104108912548,4.819277108433735,0.1809,0.0217,0.0578,0.0028,0.0065,0.0439,0.0,0.0939,0.0048,0.0,0.5878,2,59.490054086538464,49.0594721958614,31.52214543269231,60.14270081649882,151.4899639423077,103.806136436039,40.27283653846154,4.694082845905388,12.89266398052638,103.18968032915434,4240.172622153378,10648.110126433065
104108913569,1.4959839357429718,0.0282,0.0545,0.0036,0.0019,0.0061,0.0287,0.0,0.0319,0.0,0.0,0.845,1,65.61793870192308,56.13676237959033,49.26673677884615,73.71562007850248,118.1743389423077,99.14277845307107,53.14543269230769,5.167392779356835,17.027699171741965,97.3010676696252,4727.340637632291,9467.497769648986
104108914376,1.4759036144578312,0.1556,0.1328,0.0006,0.0018,0.0082,0.0197,0.0,0.149,0.0042,0.0132,0.5147,2,74.07692307692308,58.605969899322,28.80399639423077,52.45129450573084,124.40958533653846,95.3230848382135,44.70928485576923,5.2933973953438285,11.850364947502664,94.1158302708902,4149.863277490378,8857.789507579013
104108916291,1.7469879518072289,0.0645,0.1495,0.0002,0.002,0.0035,0.0187,0.0006,0.0794,0.0023,0.0012,0.678,2,61.95105168269231,56.76580845112936,35.86283052884615,69.44868203024522,115.69209735576923,100.78998745988412,46.15745192307692,5.223930154536762,10.497437800449584,98.9176355921083,6006.719996240378,9784.698631133131
104108917829,0.4718875502008032,0.0038,0.0566,0.015,0.0142,0.0118,0.0482,0.0,0.0827,0.0,0.0,0.7677,1,37.980649038461536,50.764828717084264,39.18912259615384,74.0453699887997,52.61207932692308,76.37118364035169,44.93149038461539,5.250631053769785,10.433037490259387,73.3923169392258,4390.897413954875,5386.432185707769
104108919133,2.4497991967871484,0.0772,0.0074,0.0016,0.0001,0.0087,0.0877,0.0,0.0214,0.0,0.0,0.796,1,38.277163461538464,42.77692424337309,27.069861778846153,54.37799465984459,116.28209134615383,103.822288550933,35.13146033653846,4.563488035502932,15.895590137708114,102.60232340579785,2696.61305315819,10527.23676826793
104108920377,0.893574297188755,0.1486,0.1508,0.0029,0.0001,0.0126,0.0484,0.0,0.0773,0.0057,0.0,0.5534,2,62.61496394230769,50.49823044903927,44.51962139423077,68.92771680425112,98.70576923076923,97.41531469141552,30.618389423076923,5.256201818293598,18.810947378737932,94.9025727621264,2233.5838280672156,9006.498316870697
104108920555,0.3714859437751004,0.0414,0.1233,0.0011,0.0,0.0067,0.0229,0.0,0.081,0.0,0.0,0.7235,2,69.15543870192307,56.463803850788594,35.79125600961538,62.02892394289769,122.35625,99.94909466041952,52.48647836538461,5.298209240883137,14.435888239005564,97.95789764077874,4665.818666261752,9595.749710201286
104108920656,2.0080321285140563,0.1285,0.0716,0.0075,0.0007,0.0032,0.012,0.0,0.129,0.0115,0.0081,0.6281,3,47.10018028846154,55.64011084697486,41.608203125,77.14155015835331,97.36712740384615,105.40555556017962,39.02388822115385,4.877529613171626,7.448959321590355,104.06583459455295,4606.277599114413,10829.697929860857
104108925239,2.0582329317269075,0.1221,0.003,0.0315,0.0003,0.0007,0.0298,0.0,0.0869,0.0199,0.0008,0.705,1,30.28837139423077,45.02254760295271,35.39113581730769,71.5472177974187,73.42716346153846,99.7189818634202,28.993990384615383,5.088077866126428,11.354594594992037,97.94858565984318,3631.001317604562,9593.925432763635
104108925730,2.9016064257028114,0.1925,0.1003,0.0103,0.0019,0.0097,0.0192,0.0,0.1046,0.0,0.0102,0.5513,2,58.04969951923077,55.26498279405341,35.660697115384615,66.2775284315491,98.05919471153848,102.59503119681084,36.26547475961539,5.1288536183993845,14.265655842108732,100.73907034039624,4565.624455659403,10148.360293047304
104108926443,2.8413654618473894,0.1092,0.1313,0.0048,0.0105,0.0182,0.0663,0.0,0.1434,0.0046,0.0004,0.5113,1,64.0243389423077,52.00153308964631,40.56751802884615,64.48980853792393,93.30474759615385,90.03263852123266,49.96559495192308,5.382950078053969,16.144512936773086,87.37508303732676,4531.25817631919,7634.405135779747
104108926551,4.307228915662651,0.0845,0.0476,0.0035,0.0027,0.0078,0.045,0.0,0.0679,0.0016,0.0012,0.7382,2,70.94092548076924,48.6347632882594,51.90207331730769,73.10317965389089,108.8748497596154,98.18507741791296,45.47551081730769,5.27703214704807,18.55629278861684,95.95809585961644,3668.2313528126374,9207.956161003338
104108929350,1.8273092369477912,0.0755,0.0948,0.0006,0.0,0.007,0.0269,0.0,0.1059,0.0,0.0067,0.6827,2,65.10315504807693,54.59700503503531,67.02557091346154,91.42510912271058,81.24630408653846,94.14394698422257,45.78966346153846,4.996934928802826,15.221634696938027,91.70054424885213,5376.296600738164,8408.989815535686
104108929764,0.43172690763052207,0.04,0.1157,0.0,0.0,0.0,0.1293,0.0,0.0769,0.0,0.0,0.638,1,54.47298677884616,53.578280514421486,41.82638221153846,66.65369448931595,97.38993389423077,89.58809366918845,43.74384014423077,5.141941232282047,18.4310848914684,86.46770185860439,2630.8002020697054,7476.663464708497
104108930083,1.1244979919678715,0.0509,0.0906,0.0002,0.0002,0.0005,0.019,0.0,0.0428,0.0,0.0,0.7959,1,55.16222956730769,50.82907795683973,41.62412860576923,73.84911471054706,98.09332932692308,98.09766218261488,41.46048677884615,5.1005910809845325,13.66976186136441,95.95392125544863,4001.38014290804,9207.15500429684
104108931149,2.5502008032128516,0.0551,0.14,0.0052,0.0004,0.0028,0.0211,0.0,0.0352,0.0,0.0,0.7402,3,57.84305889423077,50.63672920172604,40.61568509615385,72.30689813842686,118.09420072115384,95.48871095943902,34.57977764423077,4.874250429069525,12.102024837983766,93.50878403326357,3686.4700750587954,8743.892691379524
104108931542,2.319277108433735,0.0568,0.2886,0.0142,0.0,0.0021,0.0138,0.0,0.0644,0.0,0.0,0.5602,1,73.92175480769231,52.62991145359222,41.354807692307695,68.19896972886323,116.33557692307691,86.68652914521428,51.42908653846154,5.2026088134937645,15.703651322019882,84.45715290403749,3526.7757431255995,7133.010676655967
104108931680,4.538152610441767,0.1755,0.0592,0.0076,0.0,0.0008,0.0041,0.0,0.1,0.0089,0.0393,0.6046,3,64.36051682692307,55.71232949200023,22.612710336538463,50.40895115429591,141.56030649038462,103.6788427445,38.90895432692308,4.830846787386534,11.070872412296843,102.9563269005187,4261.674563595021,10600.005248846472
104108933035,2.8815261044176705,0.0879,0.0573,0.0073,0.0,0.0244,0.0404,0.0,0.0839,0.0136,0.0,0.6851,1,46.32202524038462,50.58721995307801,38.04161658653846,71.01156108496127,82.65474759615384,98.29724670320876,35.03951322115385,5.112330650800073,14.654457693867174,95.96321508048868,3948.833165455654,9208.93864858413
104108933415,4.427710843373494,0.1412,0.037,0.0,0.0009,0.0036,0.0747,0.0,0.0598,0.0096,0.0,0.6732,2,48.78245192307692,45.64970911260001,54.61634615384615,80.41527909925418,98.35075120192307,103.56859933428426,34.31926081730769,4.973094975970637,18.6320867410728,101.41816887811495,3750.704163933026,10285.644978589844
104108933702,3.755020080321285,0.1752,0.0919,0.0057,0.001,0.0204,0.0383,0.0,0.0519,0.0017,0.0366,0.5772,2,49.26111778846154,47.55719636052598,35.36667668269231,63.22712902769957,125.65360576923077,107.24987599274868,31.514873798076923,5.02341710985951,16.821817871071765,105.51300797577656,2977.627075100509,11132.994852096286
104108933772,3.5943775100401605,0.1263,0.0516,0.0128,0.0,0.002,0.0137,0.0083,0.1151,0.0001,0.0,0.6701,3,47.84137620192307,57.04756092490781,24.304927884615385,57.25197594628866,70.58004807692308,97.53923562616302,24.205078125,5.128900531009586,8.791539777100422,95.98578363909994,2487.099250667956,9213.270660812106
104108935073,0.040160642570281124,0.0491,0.1805,0.0,0.0003,0.0097,0.036,0.0,0.0457,0.0,0.0,0.6787,1,69.21259014423077,59.839156136373354,28.025931490384615,59.90351833613941,121.70769230769233,92.61518011353763,37.97415865384615,4.953060406075437,8.45785398623718,90.4634281819375,2535.5894346302643,8183.631838428564
104108940280,1.7068273092369477,0.1094,0.0643,0.0001,0.0,0.0018,0.0076,0.0014,0.0836,0.001,0.0,0.7308,3,68.31541466346154,56.23095192770475,38.02340745192308,73.5172383724287,120.96454326923076,106.00817080052882,39.17713341346154,4.896908313233768,8.400248439253339,104.71397214425716,4353.876345589542,10965.015962228266
104108942837,2.2590361445783134,0.1551,0.092,0.0015,0.0003,0.0003,0.0054,0.0014,0.0774,0.0002,0.0,0.6664,3,71.8578125,54.707806441123736,21.04266826923077,46.58329988802062,140.84954927884615,105.81851493837549,37.82091346153846,4.794735168074549,8.538511321204014,104.9369348695331,4483.581432542068,11011.760299812631
104108945282,0.3815261044176707,0.021,0.1103,0.0017,0.0055,0.0034,0.0753,0.0,0.0414,0.0,0.0,0.7413,1,61.20543870192308,53.07582577519259,52.18103966346154,80.38144642993866,91.71685697115385,90.17222452850682,47.314453125,5.203024037815624,13.855380459483168,87.10441610266183,2997.5606649283686,7587.179304585653
104108945746,0.5220883534136547,0.048,0.1228,0.0051,0.0144,0.0099,0.0518,0.0,0.0807,0.0063,0.0001,0.6608,1,47.15895432692308,52.34625586183525,39.704146634615384,70.17550265376991,85.76649639423077,87.27552773653731,45.13837139423077,5.196301763067684,12.187859132695094,84.85248446800016,3299.876254036807,7199.944120392207
104108947440,1.0943775100401607,0.1739,0.2368,0.021,0.0033,0.0084,0.042,0.0014,0.0851,0.0002,0.0,0.4277,3,76.5524639423077,48.720887633185896,31.56847956730769,59.18024840209339,147.94783653846153,89.41335336370351,50.44831730769231,5.125855625273461,9.325130627031662,88.65036517540464,4251.874150086352,7858.887245732596
104108950576,1.1646586345381527,0.0589,0.003,0.0008,0.0545,0.0142,0.058,0.0,0.0762,0.0,0.0,0.7345,1,56.01337139423077,45.45293326199397,44.826983173076925,61.730598733410105,102.59501201923077,84.2350633679397,42.70177283653846,5.345565779512224,17.14959326230621,81.31411921579037,2711.9750862789715,6611.985983839769
104108952273,2.389558232931727,0.0708,0.0966,0.0082,0.023,0.0133,0.0149,0.0,0.0784,0.0054,0.0,0.6893,1,71.31403245192308,50.81836973111942,46.28464543269231,70.0024146548281,116.4989483173077,97.82113687033852,49.43689903846154,5.1843941292460105,17.104798592121345,95.85022699094456,4609.620957030347,9187.266014215596
104108953299,4.889558232931727,0.1303,0.043,0.0237,0.0,0.0001,0.014,0.0,0.0829,0.0,0.0,0.7059,3,65.75435697115384,53.34738489943203,57.94546274038461,82.88683456494721,111.91748798076924,104.5297205709078,37.56039663461539,5.0556077613255805,18.02191317280156,102.63346145057947,3829.626112283559,10533.627409327582
104108953674,1.395582329317269,0.1498,0.1206,0.0058,0.0008,0.0159,0.0284,0.0,0.1584,0.0038,0.0014,0.5151,2,52.28828125,57.837355943011346,19.53698918269231,45.670339190774186,86.34837740384616,99.0004991173892,36.33443509615385,5.2313753303926855,8.962214857505904,97.2381276846081,4773.071724629599,9455.25347560815
104108957038,4.076305220883534,0.1018,0.071,0.0143,0.0142,0.0091,0.0437,0.0,0.1234,0.0,0.0,0.6224,1,55.46409254807692,50.09734367076197,38.336959134615384,64.404544037484,111.40637019230768,97.2261885412917,48.85456730769231,5.14161766721751,14.499810802689886,96.02541918575294,4562.761440797162,9220.881129799567
104108958236,0.8433734939759037,0.1101,0.1042,0.0259,0.0004,0.0095,0.0303,0.0,0.1237,0.0026,0.0,0.5934,3,59.87578125,52.38900023997839,37.38266225961539,70.2921260644631,106.49020432692308,99.92242435820756,42.52554086538461,5.115529903277654,9.925772100605071,98.16153539872003,4057.6919724828967,9635.687031834168
104108958485,1.104417670682731,0.0313,0.121,0.0022,0.0148,0.0612,0.0743,0.0,0.1076,0.0,0.0,0.5876,1,52.81213942307692,54.13408485880029,40.91796875,65.58121342677238,108.740625,95.27786398968178,40.57166466346154,5.28263833214235,14.83481744467674,92.69237964830184,3059.764798500919,8591.87724486492
104108958555,4.497991967871486,0.2194,0.0916,0.0082,0.0015,0.0033,0.0234,0.0,0.1233,0.0081,0.0007,0.5204,3,63.89579326923077,49.46101946225658,29.21012620192308,56.21717086535274,134.252734375,98.1088263329158,41.88191105769231,5.235798886252257,9.41902457593486,97.0556259875762,4188.3008209734135,9419.794535840278
104108963586,2.4096385542168677,0.0894,0.0517,0.0061,0.0072,0.018,0.0428,0.0,0.0523,0.0,0.021,0.7115,1,51.147295673076925,54.39431795343432,39.443419471153845,72.95222304166391,94.06709735576923,103.32294830182396,30.173978365384617,5.081832628925968,13.022304291368586,101.21611597643766,2182.9594176307096,10244.70213335568
104108964030,4.136546184738956,0.0875,0.0677,0.0064,0.0016,0.0009,0.0259,0.0037,0.0331,0.0029,0.0025,0.7676,3,51.32211538461539,47.00169510390591,38.49203725961539,74.7625829328219,120.59411057692309,107.42431554859414,32.57992788461539,4.643034194154762,11.15511175106252,105.91246850392348,2685.6661358028614,11217.450984594583
104108964392,2.961847389558233,0.1134,0.0418,0.004,0.0,0.0,0.0044,0.006,0.1452,0.0,0.0001,0.6851,3,62.12235576923077,58.96137908646027,53.809615384615384,87.82363940485278,69.08626802884615,95.26589108248902,33.85952524038461,4.851184139491368,10.258008411356617,93.76772522106268,4365.734576087364,8792.386293132715
104108965923,4.899598393574297,0.1706,0.0547,0.0034,0.0018,0.0116,0.0373,0.0,0.1088,0.015,0.0088,0.588,2,29.832271634615385,37.73455720025468,32.15609975961539,63.75311315497924,90.948828125,98.76888966336232,29.737229567307693,5.213804452957211,13.387619735241884,96.5063226854284,2799.5544163594445,9313.470318264031
104108967028,0.5120481927710844,0.0421,0.0865,0.0038,0.0029,0.0283,0.0867,0.0,0.0839,0.0017,0.0,0.664,1,70.72650240384615,55.21508823044356,50.62725360576923,73.10707642785007,82.03341346153846,74.11098519335071,55.27554086538461,5.243027671348729,13.320547369904016,71.17014158339666,2683.279477162559,5065.189053000727
104108968431,1.5763052208835342,0.0766,0.1579,0.0092,0.0035,0.0063,0.0375,0.0,0.0586,0.0,0.0,0.6505,2,75.5166766826923,52.456532699462635,51.055859375,76.28449313557361,116.3265625,96.14027882580132,45.09239783653846,5.24938627517119,16.13845196377869,94.08106469363908,2720.83008692905,8851.246733888705
104108969697,1.7369477911646587,0.1356,0.0981,0.0015,0.0,0.0002,0.0118,0.0044,0.087,0.0005,0.0026,0.6583,3,63.58176081730769,51.21267564675295,31.64471153846154,61.15792114015993,128.033984375,102.93919166381087,43.98137019230769,5.154300652292986,13.319558068766275,101.56431104778588,5380.943687367636,10315.309278611405
104108969952,1.8072289156626506,0.1062,0.0587,0.0044,0.0127,0.0256,0.0491,0.0,0.131,0.0,0.0,0.6123,1,50.40159254807692,51.84996491461188,33.34891826923077,62.548147406795074,77.87259615384616,87.89562411982652,38.69441105769231,5.260506388104998,13.566543772721186,85.36097483957805,2703.6949131928395,7286.496025563076
104108970189,1.8674698795180722,0.0765,0.1799,0.0182,0.0015,0.0114,0.0471,0.0068,0.051,0.0,0.0003,0.6076,1,66.01069711538462,59.669826267735374,40.11219951923077,74.54921440229033,87.43076923076923,90.25308407730994,34.39588341346154,5.133054660688622,10.424505389670513,87.64042561433851,2269.2179085238304,7680.844201862403
104108970398,2.7208835341365463,0.1152,0.0393,0.002,0.0102,0.0427,0.0575,0.0023,0.0987,0.0047,0.0186,0.6089,1,45.726953125,47.20455811871243,29.583834134615383,59.411535344022425,119.303125,101.94410499444776,31.06280048076923,4.851249723007709,14.073908299463708,100.6933103610944,1870.618453454915,10139.142751475678
104108971045,1.7771084337349397,0.1491,0.1419,0.0019,0.0266,0.045,0.1035,0.0,0.1279,0.0,0.0,0.4041,1,53.66256009615385,45.87215477640573,37.080078125,56.24521389675724,125.57836538461538,92.17610484056068,47.8125,5.167973755883478,21.05813828563959,91.12172428851194,3136.1146310433833,8303.168637311588
104108971431,3.3734939759036147,0.2437,0.0345,0.0079,0.0444,0.0098,0.073,0.0,0.1242,0.0086,0.004,0.4499,2,67.37779447115385,45.64162795987836,62.56189903846154,68.45794313741241,133.42010216346154,97.51650864177752,35.43028846153846,5.209342930752291,37.570210570977366,95.01078454221047,2848.6406714363775,9027.049179326345
104108972455,1.3654618473895583,0.0368,0.1215,0.0,0.0019,0.0292,0.0765,0.0,0.0841,0.0,0.0,0.6499,1,59.03161057692308,55.57902182151834,42.849609375,68.11399308904824,98.60084134615384,90.1524559387715,53.52088341346154,5.366061024432527,15.49350678885793,87.9584881483086,4434.623425364297,7736.695637336144
104108973712,4.327309236947791,0.1109,0.0323,0.0144,0.0018,0.0082,0.0199,0.0012,0.0764,0.0007,0.0013,0.7328,2,39.595162259615385,53.00517556288288,23.162890625,59.153796951740546,106.5576923076923,109.41130211166808,34.99353966346154,4.582613221289267,7.55425353738078,108.39500444027462,3817.05043839765,11749.476987607151
104108976984,3.4738955823293174,0.1358,0.0951,0.0032,0.0,0.0104,0.0354,0.0,0.0528,0.0004,0.0,0.667,2,63.27506009615384,48.38848950383484,55.32001201923077,74.43233929665877,113.35655048076924,101.53589195416436,36.12755408653846,5.128904727134923,26.58267582842321,98.9140186147468,2658.216910349829,9783.983078518477
104108977018,4.347389558232932,0.1497,0.0391,0.0385,0.0017,0.0028,0.0165,0.0014,0.0796,0.0012,0.0,0.6695,3,74.52698317307693,46.138796850297105,36.15012019230769,64.17480166120332,147.04191706730768,101.40667076860836,39.92037259615385,4.957371853077949,12.004596047149484,100.67940078399432,3688.4620381832688,10136.341742224156
104108979500,4.688755020080321,0.1472,0.0418,0.0729,0.0,0.0054,0.0298,0.0,0.0691,0.0,0.0001,0.6337,2,62.38882211538461,52.52080192333586,51.45225360576923,77.23208968435729,115.93233173076923,104.03762662006524,36.13521634615385,5.09150073942366,20.76372078220532,101.88595712315237,4254.32672727235,10380.74825890084
104108979815,0.060240963855421686,0.0396,0.0655,0.0,0.0009,0.0046,0.1003,0.0,0.0844,0.0,0.0,0.7048,1,35.4328125,44.396936536439235,47.25291466346154,76.39255554428368,79.024609375,86.86132862214151,47.65925480769231,5.253071162246533,14.608006515409135,84.66928716382105,2994.5219750895303,7168.888188829592
104108981612,0.22088353413654618,0.0384,0.0762,0.0025,0.0008,0.0014,0.0104,0.0,0.0539,0.0,0.0,0.8164,2,38.377764423076925,57.22141510767863,30.035426682692307,62.771123769812775,74.05186298076923,93.62439863286622,37.14663461538461,5.162870642534155,11.228512697713148,91.60777847477785,2761.1380635450014,8391.985077083971
104108982061,0.23092369477911648,0.035,0.0926,0.0025,0.0001,0.0051,0.0184,0.0,0.0618,0.0,0.0,0.7844,2,60.142037259615385,60.16962940371448,40.61763822115385,73.19535763966813,75.55330528846154,91.61690026056282,44.46409254807692,5.23553568939418,11.533603437038538,89.30541858979248,4200.686047738882,7975.457789498052
104108982584,2.1987951807228914,0.103,0.1425,0.0147,0.0127,0.0165,0.0069,0.0,0.0745,0.0044,0.0038,0.6211,2,74.25306490384615,47.28093611269666,46.82701322115385,63.58857794482826,149.82079326923076,90.13878408857576,53.59750600961539,5.280456687937852,21.26986571623347,88.66867687711336,3996.5632931599816,7862.134259137937
104108983415,4.2269076305220885,0.1736,0.019,0.0559,0.0,0.0544,0.0351,0.0,0.0622,0.0001,0.0,0.5996,2,59.29555288461538,49.63524251914867,25.32403846153846,52.873429114130495,147.57439903846154,102.70005918737714,31.98993389423077,4.965497434318683,10.96806362735352,101.51089030534403,2620.2444203745827,10304.46085058359
104108984172,2.7710843373493974,0.1004,0.2133,0.0042,0.0011,0.0112,0.0205,0.0,0.0744,0.0,0.0,0.5749,2,66.40516826923077,49.18350728805722,37.68527644230769,63.33508348493567,137.32548076923078,88.5568253149638,52.86192908653846,5.1945429642716725,13.107722699783755,87.12859672666214,4607.441317749023,7591.392367557321
104108984672,3.1726907630522088,0.1549,0.1053,0.0,0.0,0.0,0.0011,0.0,0.0741,0.0,0.0,0.6646,3,58.19344951923077,49.00975808325994,46.49059495192308,76.27343016756124,109.89137620192308,106.06639344041557,33.92082331730769,4.99266954615918,15.1479496850507,104.36072564603202,2980.21878511869,10891.161057366366
104108985360,2.0281124497991967,0.0579,0.0734,0.0001,0.0006,0.0001,0.0069,0.0017,0.0488,0.0034,0.0,0.807,3,74.25501802884615,58.060581202766485,63.97821514423077,80.24731551157515,93.78329326923075,90.60413239705797,44.43344350961539,5.258484903655775,26.652145546108905,87.9706440844012,3415.3577965514055,7738.834220624392
104108985619,3.5240963855421685,0.1646,0.0731,0.0007,0.0001,0.0008,0.0094,0.0,0.0777,0.0047,0.0035,0.6654,3,71.10399639423076,48.9516530363416,41.79248798076923,71.49012483117693,150.50396634615385,101.76183419008149,40.91646634615385,4.9268465160112225,12.171530378778046,100.79835162770804,4610.525664552768,10160.307690863072
104108986978,3.4538152610441766,0.1092,0.0305,0.0027,0.0006,0.0027,0.0549,0.0,0.1005,0.0047,0.0,0.6942,2,38.34026442307693,48.26428359650568,43.799609375,80.32783350236673,67.38377403846154,96.34632112795614,28.580228365384617,4.998477440073384,12.536480734342272,94.294460502291,3098.728675774569,8891.445281418119
104108987545,0.21084337349397592,0.0287,0.1161,0.0,0.0007,0.0008,0.0043,0.0,0.0447,0.0,0.0,0.8048,2,75.27869591346153,60.02500583075398,44.95688100961539,73.54753399903498,122.6712439903846,93.13014861872472,58.18719951923077,5.2897389646532424,10.817847422448724,91.4430669756571,4741.129937097673,8361.83449791451
104108987911,2.640562248995984,0.0889,0.1078,0.0116,0.0005,0.0063,0.0293,0.0066,0.0912,0.0002,0.0,0.6576,2,70.66938100961538,56.17533110268829,37.42415865384616,65.83762089423715,86.95561899038462,88.60659687570273,41.58308293269231,5.1837954024588235,13.637591010808777,86.09069376711301,3005.6673116279917,7411.607553302832
104108988188,1.3052208835341366,0.0843,0.1285,0.0057,0.0014,0.0038,0.026,0.0,0.0534,0.0,0.0,0.6969,2,46.821484375,57.39673640303696,26.601652644230768,56.36872036413387,121.63801081730767,101.1810936164368,47.55964543269231,4.8977450566196925,10.507513770116711,99.81480887512105,5228.564323903824,9962.996070776944
104108988788,0.572289156626506,0.0568,0.1833,0.0006,0.0016,0.0072,0.0255,0.0,0.1119,0.0,0.0,0.6132,2,52.136778846153845,56.88956950505358,51.039242788461536,87.85730939067585,64.12421875,87.64174893417298,29.576322115384617,4.978663630577285,8.803752110593447,84.81435445361025,3170.3905907589165,7193.474721382637
104108989567,2.8012048192771086,0.0822,0.0622,0.0019,0.0066,0.0023,0.0551,0.0,0.0561,0.006,0.0,0.7276,1,54.623828125,49.24848558545576,42.42472956730769,72.99932071428184,89.03927283653846,99.95584747488842,31.26201923076923,5.101863341108279,14.956176133766272,97.40749692617752,2675.856489918726,9488.220457423286
104108989954,0.6726907630522089,0.0586,0.1468,0.0,0.0,0.0019,0.0748,0.0,0.1074,0.0,0.0,0.6107,1,57.90841346153846,56.332532092940106,51.945492788461536,77.15020726405709,70.78109975961539,79.43877667824879,33.95147235576923,5.073386016157558,17.44750010160979,76.46953272968925,2173.5827347469894,5847.5894358970145
104108990768,4.4879518072289155,0.215,0.0078,0.0577,0.0003,0.0062,0.0388,0.0001,0.0721,0.0075,0.0,0.5946,2,71.22064302884615,47.84257877976533,60.18650841346154,79.95751488739178,118.52067307692307,105.53253630638518,31.231370192307693,4.906512464549293,23.890509842944564,103.02348789387511,3001.857007774038,10613.839057819434
104108992130,3.7650602409638556,0.1994,0.1502,0.0042,0.0013,0.0008,0.0067,0.0,0.1221,0.0014,0.0039,0.5099,3,71.21682692307692,47.28700454232039,46.20138221153846,67.87971596460643,123.72127403846154,98.16295819869698,46.77043269230769,5.294178908526605,19.83577022477204,96.34927327177148,5856.587008713039,9283.1824599985
104108993069,1.9076305220883534,0.138,0.0556,0.0,0.0,0.002,0.0132,0.0,0.1025,0.0,0.0,0.6887,3,70.04242788461538,58.56117930429017,59.724549278846155,83.34655370872494,97.34771634615385,103.54148651570094,33.767578125,4.943286702498174,17.041704968674008,101.4417345339413,3847.670869688677,10290.42550525462
104108994336,4.718875502008032,0.1155,0.0447,0.0,0.0001,0.0,0.0143,0.0023,0.0588,0.0,0.0,0.7643,3,74.11114783653846,50.55772413267572,44.31144831730769,77.97596916983137,131.40856370192307,109.29703069273909,36.00495793269231,4.796472346958673,10.761631171858578,108.12398946896484,4462.187074609339,11690.79709868482
104108995273,3.965863453815261,0.1939,0.0259,0.0862,0.0047,0.0245,0.0285,0.0,0.0593,0.0052,0.0,0.5717,1,66.12163461538462,47.0390780998297,58.96246995192307,72.64734160129932,123.80171274038462,101.97234414007696,30.46514423076923,5.081865454001871,36.31221055647261,99.1212435497591,2268.340663972211,9825.02092285066
104108996622,2.2791164658634537,0.1417,0.1382,0.0068,0.0022,0.0041,0.0244,0.0,0.0858,0.0,0.0,0.5968,3,61.601502403846155,52.42019435855743,52.84284855769231,80.48709212125705,104.9106670673077,98.1395284769354,44.17292668269231,4.9820954813875105,13.29327288675018,96.59489285882503,3925.733452289288,9330.573326407888
104108997771,1.3152610441767068,0.1019,0.2313,0.0111,0.0,0.0114,0.0155,0.0,0.0439,0.0008,0.006,0.5781,2,66.41111778846154,50.531820434205414,46.18464543269231,71.62849920004413,114.20225360576924,96.7665005978314,37.62169471153846,5.176680503305418,21.990521314750097,94.06774697908097,2472.965385604046,8848.741021720392
104108999963,2.7409638554216866,0.1632,0.2055,0.0309,0.0021,0.0223,0.0419,0.0011,0.075,0.0104,0.0037,0.4438,3,46.60588942307693,45.29565165735775,66.27527043269231,79.1701879958274,129.08260216346153,98.2396335434818,42.41060697115385,5.152398382935294,26.04950304446657,96.13174136053335,3075.8250262333795,9241.311697008485
104109004950,3.825301204819277,0.091,0.163,0.0,0.0073,0.0071,0.0721,0.0,0.0829,0.0,0.0,0.5765,2,67.41763822115385,48.56875462344079,48.086478365384615,67.51734132550983,138.77644230769232,92.93345665425456,59.55874399038461,5.259489286754778,21.089561646576698,91.7224558301376,5899.640587756817,8413.008903511543
104109005490,0.40160642570281124,0.0638,0.1174,0.0064,0.0,0.0321,0.0194,0.0001,0.0685,0.0,0.0,0.6924,2,70.34032451923076,49.27070273470443,53.024098557692305,77.11051608499409,127.15763221153846,101.94880099678484,49.28365384615385,5.150391952287592,20.05345432610005,100.0959611357543,4512.126021669827,10019.201435690436
104109005505,3.3132530120481927,0.1982,0.1678,0.0018,0.016,0.0188,0.0239,0.0,0.047,0.0002,0.0,0.5262,3,63.611147836538464,49.32341111621541,42.35438701923077,64.25781865577365,130.71150841346153,95.29045602463734,38.96259014423077,5.217166585168738,27.925421220771696,92.98365482874034,3463.4011116488305,8645.960065310326
104109007141,1.8875502008032128,0.0934,0.1348,0.0169,0.0,0.0,0.0042,0.0,0.0803,0.0025,0.0,0.6679,2,48.12596153846154,59.80387415928887,32.10778245192308,67.72427804021287,73.77151442307692,94.56682183481315,33.66030649038461,5.175265796399706,9.040658888598308,92.68021520027162,3188.6491156683023,8589.622289568659
104109008763,1.606425702811245,0.1076,0.2,0.0032,0.0014,0.0033,0.0135,0.0,0.088,0.0,0.0,0.5831,2,78.82533052884615,45.64143527951245,63.84269831730769,81.52750050819243,106.1990685096154,95.54200964028064,52.74699519230769,5.260736334037425,20.83711494711233,92.86893413950764,6361.618412008794,8624.63892820821
104109009682,2.1887550200803214,0.0402,0.0409,0.0053,0.0571,0.0125,0.0659,0.0,0.1005,0.0,0.0026,0.6752,1,39.99789663461539,51.26016311424429,43.44834735576923,72.59746830378955,79.63314302884615,93.6562287517043,40.55634014423077,5.3080211643553685,15.830822647609642,91.22015820478228,4192.897379604543,8321.117262905507
104109010293,2.7610441767068274,0.0994,0.1131,0.0195,0.0015,0.0008,0.033,0.0164,0.0558,0.0002,0.0,0.6602,2,56.63392427884615,55.758674487775345,37.38915264423077,71.63308432949141,100.75727163461538,99.3532431493144,42.42593149038461,5.034235022339573,11.301463841192437,97.42454927001882,3685.06852678378,9491.542800466324
104109010635,1.355421686746988,0.0433,0.0862,0.0005,0.009,0.0069,0.021,0.0,0.0818,0.0,0.0,0.7514,1,56.44308894230769,58.930022419659,45.54254807692307,75.93077561077233,73.95952524038462,88.62307698366972,40.93179086538461,5.208631118379843,12.287090111720794,86.00230330840924,3754.6533593136032,7396.396174351618
104109011054,2.931726907630522,0.1282,0.0922,0.0008,0.0002,0.001,0.0209,0.0058,0.0951,0.0062,0.0043,0.6453,3,57.67581129807692,50.10699109638916,58.52629206730769,87.87001247513876,94.01180889423075,102.28787095469455,40.98542668269231,4.967352726913184,13.156896878545368,100.20580842684058,4714.834516540166,10041.204042476676
104109011775,0.6224899598393574,0.0403,0.1329,0.0,0.0,0.0022,0.0296,0.0,0.0677,0.0,0.0,0.7274,2,63.142037259615385,56.378846979296746,49.52061298076923,78.18033307009621,94.95853365384616,95.24381080620562,50.36403245192308,5.22393714033471,15.302057156563322,92.88689690057764,5780.102440971962,8627.975615818543
104109014683,1.6967871485943775,0.1334,0.0888,0.0,0.0014,0.012,0.0415,0.0,0.0705,0.0,0.0,0.6524,3,49.52887620192307,50.18669419615163,41.27370793269231,70.12933488642119,89.13599759615384,98.33991354480638,32.19681490384615,5.200332136105242,19.62185589477513,96.02556627665572,3098.4992873829497,9220.9093787524
104109016876,3.785140562248996,0.186,0.0638,0.0114,0.0001,0.0159,0.0367,0.0044,0.0866,0.0076,0.0,0.5876,3,64.42713341346153,54.41323790853964,28.51856971153846,54.78112878566119,157.36481370192308,97.32740668718792,41.35321514423077,4.72118826849513,13.408304535062902,97.1207480085525,3666.48795001329,9432.439693740756
104109017528,1.0441767068273093,0.0189,0.0983,0.0,0.0049,0.0058,0.0801,0.0,0.0607,0.0,0.0,0.7313,1,52.74143629807692,58.51957165091247,39.51829927884615,66.57693569893009,67.61736778846154,71.66187959313837,48.93118990384615,5.224777930819461,10.973668289442823,68.3044019999503,2163.676716077455,4665.491332570815
104109020493,4.98995983935743,0.1572,0.0002,0.0111,0.0119,0.0029,0.0176,0.0159,0.0842,0.0156,0.0233,0.6601,2,59.9296875,41.39096596316498,45.648257211538464,65.00582502073294,160.04044471153847,102.61448659627752,37.154296875,4.8587447375990624,20.216060162505663,101.47693576597791,4576.026843908186,10297.568492452408
104109021662,2.3694779116465865,0.2156,0.1681,0.0205,0.0029,0.0132,0.028,0.0013,0.0721,0.0043,0.0008,0.473,3,61.69957932692308,47.03232841023734,49.50886418269231,74.3537747236617,137.6462139423077,95.40377038006976,41.31490384615385,5.176512564992218,16.746428599884652,93.75552254166844,3472.999849239553,8790.098007061297
104109022874,3.534136546184739,0.1309,0.0673,0.0339,0.0001,0.0063,0.0249,0.0,0.0654,0.0008,0.0002,0.6703,3,53.287650240384615,50.13981273440429,33.64444110576923,60.72445590880836,135.4671875,101.94876195995109,41.65204326923077,5.075997063746587,11.675546569284672,100.77074306911824,3707.3479509441663,10154.742658702242
104109023688,0.28112449799196787,0.0689,0.1171,0.0009,0.0,0.0024,0.0478,0.0002,0.0906,0.0,0.0,0.6722,1,60.467457932692305,55.27046772075977,41.78843149038462,71.51562483637329,105.31246995192308,97.84812598083744,47.65159254807692,5.192758123914196,13.050797949557827,95.80673858801649,5185.543349911842,9178.931158872523
104109027205,4.387550200803213,0.1548,0.1118,0.0002,0.0004,0.0032,0.0131,0.0,0.1011,0.0013,0.0002,0.614,3,67.41412259615385,47.65646187291484,50.50267427884615,68.95495406396569,124.79029447115384,96.98168311040858,39.345703125,5.160729770113365,25.525496352456777,94.5160197820037,3887.376263662485,8933.277995432114
104109028923,1.4457831325301205,0.0568,0.1798,0.0004,0.0068,0.0169,0.0394,0.0,0.0837,0.0,0.0,0.6162,1,62.37169471153846,51.635329724266526,35.61911057692308,61.68730560858845,124.08338341346152,93.41619187366562,51.93479567307692,5.313669629243363,14.120703546211104,91.37053412870613,4221.578577302109,8348.574506965051
104109029831,4.598393574297189,0.2247,0.0166,0.0314,0.0003,0.0007,0.019,0.0118,0.0961,0.0009,0.0034,0.5951,3,73.10102163461538,53.39389706837824,34.583653846153844,60.406463549627574,122.85486778846152,103.05251517433508,24.028846153846153,4.894470880319899,14.37484088099792,101.42257727911225,1862.3666990661625,10286.539181937493
104109033778,4.477911646586345,0.1711,0.0054,0.0023,0.0349,0.0014,0.0573,0.0138,0.0545,0.0151,0.0012,0.6431,3,43.68212139423077,50.23294240307689,33.97487980769231,70.5093630834762,96.83121995192307,107.13006744623918,23.615084134615383,4.8706339276695,12.682196875904314,105.55122599106676,2245.784017182299,11141.061308217246
104109034938,3.0823293172690764,0.1137,0.0912,0.0,0.0032,0.0042,0.0253,0.0005,0.0355,0.0064,0.0019,0.7179,3,65.0966045673077,45.44143473609612,31.68293269230769,61.48912659549035,151.47701322115384,101.28421851960564,39.25375600961539,4.6952665609860205,13.024315770782364,100.74959867143282,3267.9423705828967,10150.481632454776
104109038191,0.8232931726907631,0.1093,0.0,0.0,0.0,0.0,0.173,0.0,0.0848,0.0,0.0,0.6329,1,71.09275841346154,35.01648678262692,71.32578125,72.73376104935616,119.04134615384616,90.57918256715514,48.310546875,5.0588938003566675,24.42543336136162,88.55618784014688,3551.047685778014,7842.198404779379
104109039511,3.7751004016064256,0.1597,0.1253,0.002,0.0057,0.0101,0.0617,0.0001,0.1109,0.0004,0.0,0.5243,2,63.41135817307692,50.48283710476017,33.56222956730769,58.09580147580002,123.47782451923077,97.916577651188,48.53275240384615,5.1781866629327515,12.585695922327814,96.70914968273678,5079.450766687337,9352.659632357989
104109042223,0.45180722891566266,0.1165,0.1572,0.0006,0.0015,0.0059,0.021,0.0,0.1033,0.0,0.0,0.594,2,40.36685697115384,46.92653962835489,46.46986177884615,73.40628341670084,113.65970552884616,103.9115134099396,43.48332331730769,5.176202108377157,15.777136705742771,102.1290432045093,5836.017983412883,10430.341465868529
104109044506,0.3413654618473896,0.0428,0.1683,0.0177,0.002,0.0362,0.0429,0.0,0.1098,0.0,0.0003,0.58,1,67.85525841346154,54.828609645790166,39.69272836538462,67.46821452478042,97.8923076923077,89.96985773805206,53.09945913461539,5.334274867277511,11.285801701754494,87.5225231465142,4711.381580845759,7660.192057932114
104109046484,2.459839357429719,0.0867,0.0754,0.0007,0.0016,0.0017,0.0173,0.0017,0.0545,0.0031,0.0,0.7573,2,45.39453125,52.29658618708819,31.57274639423077,68.04391563952123,84.44600360576923,101.68683232377364,32.48031850961539,4.8624497712811445,10.038973082889584,100.03157776001557,3820.940670352913,10006.316549158042
104109048481,2.4899598393574296,0.0962,0.0215,0.0162,0.0064,0.0089,0.0323,0.0,0.0631,0.0201,0.0011,0.7342,2,59.97286658653846,52.161696896792705,55.58563701923077,81.06893840722236,93.05591947115384,98.82021708386968,37.30754206730769,5.195371086330695,21.654603349035018,96.29913446284392,3599.1638112003843,9273.523298292894
104109049053,4.959839357429719,0.1848,0.0197,0.0333,0.0048,0.0132,0.0227,0.0,0.1242,0.0048,0.0309,0.5618,3,65.37611177884615,49.69561412002423,40.035096153846155,62.918833409297314,131.73581730769232,105.86198001773025,32.99368990384615,5.046511039690456,16.164727653911434,104.30762303969176,3364.88545795057,10880.080224190437
104109051954,3.8453815261044175,0.1042,0.025,0.0008,0.0029,0.0083,0.0403,0.0,0.0666,0.007,0.0,0.7449,2,51.46102764423077,49.92734006978489,34.31865985576923,63.59149072537274,142.75880408653848,104.06689019966632,39.69050480769231,4.476108737531944,15.210879605854684,103.1514501739942,3782.833560664611,10640.22167299801
104109052464,3.744979919678715,0.1767,0.0674,0.0128,0.0001,0.0095,0.0187,0.0,0.055,0.0121,0.0,0.6478,1,44.101502403846155,54.57391807265147,15.016706730769233,39.95721897591214,116.23088942307692,108.67432848121742,31.982271634615383,4.392564287484782,8.31339768560718,108.04637831870376,3127.7730439054053,11674.01986778846
104109053645,2.680722891566265,0.123,0.1329,0.0187,0.0006,0.0124,0.0661,0.0,0.1043,0.0025,0.0,0.5395,1,63.90333533653846,56.189364762677485,35.40345552884615,62.41494496229135,120.779296875,94.33652869965997,53.50555889423077,5.184516671527073,12.725261552313375,93.0964900313733,4482.535512398262,8666.95645616159
104109057282,0.9136546184738956,0.047,0.15,0.0028,0.011,0.0102,0.0238,0.0,0.1353,0.0,0.0,0.6199,1,61.69654447115385,57.84678307891072,41.80333533653846,75.75339978522258,73.87286658653846,86.19183258385036,46.98497596153846,5.22124026049823,9.991179481201716,83.35160421193369,3912.94553099051,6947.4899247028425
104109057340,0.7228915662650602,0.111,0.1356,0.0024,0.001,0.0066,0.0159,0.0,0.0941,0.0,0.0,0.6334,3,55.33440504807693,60.960803090248504,22.5203125,56.58332496703796,86.90570913461538,99.06531513157024,38.40324519230769,5.17829328028805,7.0653235320635925,97.15318529819316,3975.694842882325,9438.741413585054
104109063442,2.108433734939759,0.1442,0.0711,0.0258,0.0002,0.0033,0.0293,0.0,0.0529,0.0162,0.0,0.6569,3,71.67430889423076,56.44932654488387,25.636087740384617,57.41960612566858,124.5309795673077,106.89252387542692,29.637620192307693,4.913380280184073,8.754299102720154,105.46156151257242,2187.268225299903,11122.140956670097
104109070181,1.465863453815261,0.0859,0.1134,0.0011,0.0032,0.0116,0.0143,0.0,0.0879,0.0,0.0,0.6827,1,79.13614783653846,57.31361569727958,55.80411658653846,75.66658742804276,115.60546875,91.2145399693686,53.70477764423077,5.339802585683277,20.79525265483243,88.87365365878209,4507.889960727128,7898.5263146611505
104109071073,3.6144578313253013,0.1747,0.115,0.0048,0.0,0.0083,0.0096,0.0,0.0329,0.0018,0.0,0.653,3,41.356760817307695,46.97855266418024,30.347025240384617,64.48437478576791,81.54453125,104.3999886606909,16.274639423076923,4.9352009241297985,15.555551937304092,102.0156966883726,1860.519256627009,10407.202370814037
104109072715,1.4156626506024097,0.0614,0.1338,0.0006,0.0002,0.0082,0.019,0.0,0.0822,0.0,0.0,0.6946,2,74.54645432692308,56.21913634621881,53.32899639423077,70.02497683229154,107.81586538461538,85.65119855082833,56.68539663461539,5.345326794668625,23.07446234492013,83.06298903801256,4483.265079958764,6899.460147928995
104109074652,0.6927710843373494,0.083,0.151,0.0051,0.003,0.0098,0.0336,0.0,0.0946,0.0017,0.0001,0.618,1,79.45399639423077,52.2025293790646,65.3141826923077,80.37993332332876,107.52581129807692,89.21965281910431,56.63942307692308,5.243600978994169,18.871187434058772,87.02999478728513,4310.579750585613,7574.219992674878
104109075036,2.86144578313253,0.1635,0.0143,0.065,0.0063,0.0051,0.0569,0.0083,0.0621,0.0001,0.0,0.6184,1,38.49011418269231,44.74937242642714,28.069260817307693,63.95149466968902,108.60123197115384,106.15200386787308,28.963341346153847,4.679307695393014,9.498382446263497,104.76623110844206,2614.2883947600412,10975.963180667492
104109078999,1.4357429718875503,0.1461,0.1172,0.0023,0.0102,0.021,0.0141,0.0,0.1111,0.0028,0.0,0.575,2,31.235997596153847,47.945535905939,31.250390625,64.44401465215242,81.02496995192308,100.53328600045648,34.29627403846154,5.180932662547557,11.456053088794564,98.89405445968154,4618.291795430381,9780.034007474458
104109079480,2.0883534136546187,0.0972,0.1727,0.0077,0.0004,0.0263,0.0409,0.0077,0.1415,0.0019,0.0,0.5038,2,61.86721754807692,56.4249161354075,45.715865384615384,69.0731472873083,90.5239483173077,86.94466232199531,40.25751201923077,5.3482547492201515,16.629289661642435,83.89470383116824,2946.3411403100727,7038.321330919435
104109081519,1.285140562248996,0.0868,0.0957,0.0015,0.0,0.0006,0.052,0.0,0.0838,0.0003,0.0,0.6794,1,68.37427884615384,48.77961193311528,61.33596754807692,81.80213076786208,99.32629206730768,98.59623614664451,40.43374399038461,5.094896798232606,18.829167152499245,95.99871287789864,3820.0845052721374,9215.752874213224
104109086516,2.359437751004016,0.0797,0.138,0.0049,0.0097,0.0148,0.0492,0.0,0.0405,0.0,0.0,0.6632,1,69.20060096153846,48.62150310863179,43.26808894230769,67.32403169525446,116.33049879807692,96.16404501161747,43.67487980769231,5.1683419448828225,14.368551725563837,93.94329853909883,2995.3010608840127,8825.343340406249
104109088490,4.357429718875502,0.1537,0.0546,0.0634,0.0267,0.0241,0.0488,0.0058,0.0837,0.0018,0.0007,0.5367,3,66.31899038461539,43.36445560084434,58.79660456730769,74.45373341855613,149.50192307692308,92.64267418655612,41.58308293269231,5.153539492137332,23.783810796676857,90.93773343659652,2905.5983082923663,8269.671362585485
104109090435,0.6526104417670683,0.0852,0.1489,0.0009,0.0,0.003,0.0091,0.0,0.0753,0.0062,0.0,0.6714,2,49.809134615384615,58.60743484373504,24.472265625,59.38043811158414,87.6377704326923,101.59637191423126,36.13521634615385,5.091806218142281,6.8832680134718185,99.8799917237548,4162.164831029226,9976.012746737328
104109103352,2.4799196787148596,0.1032,0.0814,0.0118,0.0,0.0015,0.0069,0.0001,0.0524,0.0,0.0,0.7427,3,42.61676682692307,57.31703966693681,26.816045673076925,61.31341150218584,75.02391826923076,99.06101839480752,26.840895432692307,4.8309987824975735,9.314062518902936,97.54798701112102,2589.5439478324574,9515.609769921835
