Image 1,Image 2,Selected Image
104108976984.jpg,104107560265.jpg,104108976984.jpg
104109011775.jpg,104109010293.jpg,104109010293.jpg
104108919133.jpg,104108544266.jpg,104108919133.jpg
104108781507.jpg,104108970398.jpg,104108970398.jpg
104106881654.jpg,104108337629.jpg,104106881654.jpg
104109011054.jpg,104108114295.jpg,104108114295.jpg
104108881377.jpg,104108253740.jpg,104108881377.jpg
104108965923.jpg,104109007141.jpg,104108965923.jpg
104108050876.jpg,104109103352.jpg,104108050876.jpg
104107512304.jpg,104107455173.jpg,104107455173.jpg
104108827215.jpg,104108984672.jpg,104108984672.jpg
104108391504.jpg,104108302429.jpg,104108391504.jpg
104108926443.jpg,104108973712.jpg,104108926443.jpg
104106931220.jpg,104108612795.jpg,104106931220.jpg
104108149725.jpg,104108745885.jpg,104108745885.jpg
104108337629.jpg,104108820453.jpg,104108820453.jpg
104108995273.jpg,104108647249.jpg,104108995273.jpg
104108931542.jpg,104109072715.jpg,104109072715.jpg
104106715943.jpg,104107184967.jpg,104106715943.jpg
104109046484.jpg,104106734438.jpg,104109046484.jpg
104108257061.jpg,104108615890.jpg,104108615890.jpg
104107560265.jpg,104105683403.jpg,104105683403.jpg
104107566104.jpg,104108253740.jpg,104107566104.jpg
104108967028.jpg,104108457626.jpg,104108457626.jpg
104107479776.jpg,104108678419.jpg,104108678419.jpg
104107277214.jpg,104108442047.jpg,104108442047.jpg
104108688960.jpg,104109078999.jpg,104109078999.jpg
104108952273.jpg,104109004950.jpg,104109004950.jpg
104108914376.jpg,104108739992.jpg,104108914376.jpg
104108850287.jpg,104108993069.jpg,104108993069.jpg
104108552929.jpg,104106746366.jpg,104106746366.jpg
104108926551.jpg,104108342587.jpg,104108926551.jpg
104108537471.jpg,104107503214.jpg,104108537471.jpg
104108538306.jpg,104108729176.jpg,104108729176.jpg
104107858772.jpg,104107512304.jpg,104107512304.jpg
104108888986.jpg,104108603773.jpg,104108888986.jpg
104108531872.jpg,104108876134.jpg,104108876134.jpg
104108602176.jpg,104107112373.jpg,104108602176.jpg
104106057649.jpg,104108964030.jpg,104106057649.jpg
104108707624.jpg,104108379716.jpg,104108707624.jpg
104108976984.jpg,104108987545.jpg,104108976984.jpg
104108850287.jpg,104108553448.jpg,104108553448.jpg
104108385467.jpg,104108707005.jpg,104108707005.jpg
104108479327.jpg,104108979815.jpg,104108979815.jpg
104106729605.jpg,104106750365.jpg,104106750365.jpg
104106729605.jpg,104108994336.jpg,104108994336.jpg
104108894082.jpg,104108630890.jpg,104108630890.jpg
104108531872.jpg,104108876134.jpg,104108876134.jpg
104108783257.jpg,104108884118.jpg,104108884118.jpg
104109051954.jpg,104108630312.jpg,104108630312.jpg
104108732600.jpg,104108971045.jpg,104108971045.jpg
104109053645.jpg,104107258151.jpg,104109053645.jpg
104108670376.jpg,104108424195.jpg,104108424195.jpg
104109022874.jpg,104107560265.jpg,104109022874.jpg
104108004256.jpg,104108920555.jpg,104108920555.jpg
104107525811.jpg,104108426589.jpg,104107525811.jpg
104107563575.jpg,104108609843.jpg,104108609843.jpg
104109005505.jpg,104108820409.jpg,104108820409.jpg
104108739176.jpg,104108989567.jpg,104108989567.jpg
104108640643.jpg,104108788928.jpg,104108640643.jpg
104108583735.jpg,104108509599.jpg,104108509599.jpg
104109078999.jpg,104108858221.jpg,104109078999.jpg
104108231125.jpg,104108424232.jpg,104108231125.jpg
104107836185.jpg,104108790088.jpg,104107836185.jpg
104108914376.jpg,104107181532.jpg,104107181532.jpg
104107785618.jpg,104108964392.jpg,104107785618.jpg
104108281868.jpg,104108820453.jpg,104108820453.jpg
104108789981.jpg,104108374459.jpg,104108789981.jpg
104108622201.jpg,104108646106.jpg,104108622201.jpg
104108690599.jpg,104109074652.jpg,104108690599.jpg
104108455088.jpg,104108977018.jpg,104108977018.jpg
104108814105.jpg,104107707060.jpg,104107707060.jpg
104108538409.jpg,104106746366.jpg,104106746366.jpg
104107305834.jpg,104108455088.jpg,104107305834.jpg
104108623685.jpg,104106729605.jpg,104106729605.jpg
104108856552.jpg,104108475014.jpg,104108856552.jpg
104108462484.jpg,104108912548.jpg,104108462484.jpg
104108556974.jpg,104107573578.jpg,104108556974.jpg
104108930083.jpg,104108623685.jpg,104108930083.jpg
104108622201.jpg,104108640643.jpg,104108640643.jpg
104108838791.jpg,104109021662.jpg,104108838791.jpg
104106756808.jpg,104108920656.jpg,104106756808.jpg
104108810212.jpg,104108457626.jpg,104108457626.jpg
104107503214.jpg,104108556974.jpg,104108556974.jpg
104105683403.jpg,104108757423.jpg,104105683403.jpg
104108933702.jpg,104108555767.jpg,104108555767.jpg
104108985619.jpg,104109051954.jpg,104109051954.jpg
104108877288.jpg,104108799848.jpg,104108877288.jpg
104108045572.jpg,104108140332.jpg,104108140332.jpg
104108447874.jpg,104108979500.jpg,104108447874.jpg
104108739176.jpg,104108296291.jpg,104108296291.jpg
104107181532.jpg,104108853728.jpg,104108853728.jpg
104109011775.jpg,104109021662.jpg,104109011775.jpg
104108777350.jpg,104108788928.jpg,104108788928.jpg
104108424749.jpg,104108583735.jpg,104108424749.jpg
104107408279.jpg,104108707962.jpg,104107408279.jpg
104108282347.jpg,104109057340.jpg,104109057340.jpg
104108544828.jpg,104108455088.jpg,104108544828.jpg
104108926443.jpg,104107707060.jpg,104108926443.jpg
104109052464.jpg,104108597661.jpg,104108597661.jpg
104108739176.jpg,104108622319.jpg,104108622319.jpg
104108597661.jpg,104108479327.jpg,104108597661.jpg
104108447874.jpg,104108912548.jpg,104108912548.jpg
104108931680.jpg,104108729738.jpg,104108931680.jpg
104107134966.jpg,104108745962.jpg,104107134966.jpg
104108826085.jpg,104109020493.jpg,104109020493.jpg
104108953674.jpg,104108760626.jpg,104108760626.jpg
104108896286.jpg,104107850200.jpg,104108896286.jpg
104108953299.jpg,104108626167.jpg,104108626167.jpg
104108783945.jpg,104107110887.jpg,104108783945.jpg
104108504580.jpg,104108826085.jpg,104108826085.jpg
104108114295.jpg,104106746366.jpg,104106746366.jpg
104109052464.jpg,104108667134.jpg,104108667134.jpg
104108296291.jpg,104108739176.jpg,104108296291.jpg
104108791651.jpg,104108970189.jpg,104108791651.jpg
104107525811.jpg,104108438364.jpg,104108438364.jpg
104107110878.jpg,104109014683.jpg,104109014683.jpg
104108329417.jpg,104107258151.jpg,104108329417.jpg
104109038191.jpg,104108331521.jpg,104108331521.jpg
104108583735.jpg,104108525589.jpg,104108525589.jpg
104108350295.jpg,104108568354.jpg,104108568354.jpg
104108337629.jpg,104107112373.jpg,104108337629.jpg
104109049053.jpg,104108558803.jpg,104108558803.jpg
104108743726.jpg,104108879762.jpg,104108879762.jpg
104109057340.jpg,104108282347.jpg,104109057340.jpg
104108219831.jpg,104108986978.jpg,104108986978.jpg
104104481434.jpg,104108378455.jpg,104104481434.jpg
104108350295.jpg,104106715943.jpg,104106715943.jpg
104109086516.jpg,104108964030.jpg,104109086516.jpg
104108965923.jpg,104109075036.jpg,104109075036.jpg
104108870597.jpg,104108996622.jpg,104108870597.jpg
104108967028.jpg,104108791651.jpg,104108791651.jpg
104108606686.jpg,104108814105.jpg,104108606686.jpg
104108970398.jpg,104109005505.jpg,104108970398.jpg
104109020493.jpg,104108812608.jpg,104109020493.jpg
104108970189.jpg,104108004071.jpg,104108004071.jpg
104109022874.jpg,104108931542.jpg,104109022874.jpg
104108583735.jpg,104107931630.jpg,104107931630.jpg
104108595272.jpg,104108555767.jpg,104108595272.jpg
104108253740.jpg,104108967028.jpg,104108967028.jpg
104109088490.jpg,104106746366.jpg,104106746366.jpg
104108990768.jpg,104108707005.jpg,104108707005.jpg
104108988188.jpg,104108613968.jpg,104108613968.jpg
104106709500.jpg,104109072715.jpg,104106709500.jpg
104108568354.jpg,104108856628.jpg,104108568354.jpg
104108987911.jpg,104107305834.jpg,104108987911.jpg
104108595636.jpg,104107858772.jpg,104108595636.jpg
104108993069.jpg,104109086516.jpg,104109086516.jpg
104108931542.jpg,104108746166.jpg,104108746166.jpg
104108945746.jpg,104108438364.jpg,104108438364.jpg
104108907676.jpg,104108757423.jpg,104108757423.jpg
104108866643.jpg,104108745885.jpg,104108745885.jpg
104108097531.jpg,104108688960.jpg,104108097531.jpg
104108403161.jpg,104108542880.jpg,104108542880.jpg
104109078999.jpg,104108439840.jpg,104109078999.jpg
104108486184.jpg,104108329417.jpg,104108329417.jpg
104108795931.jpg,104108655852.jpg,104108795931.jpg
104108391504.jpg,104108486184.jpg,104108391504.jpg
104108298920.jpg,104109008763.jpg,104108298920.jpg
104108219831.jpg,104108707005.jpg,104108707005.jpg
104107238512.jpg,104108595636.jpg,104108595636.jpg
104108812608.jpg,104107096406.jpg,104107096406.jpg
104108627229.jpg,104108364492.jpg,104108627229.jpg
104108404615.jpg,104108920656.jpg,104108920656.jpg
104108114295.jpg,104108931542.jpg,104108114295.jpg
104108845850.jpg,104108758944.jpg,104108845850.jpg
104108984672.jpg,104108486184.jpg,104108984672.jpg
104108295496.jpg,104108958236.jpg,104108295496.jpg
104109090435.jpg,104107196040.jpg,104107196040.jpg
104108334861.jpg,104108933702.jpg,104108334861.jpg
104107479776.jpg,104108790088.jpg,104107479776.jpg
104108709585.jpg,104108689696.jpg,104108709585.jpg
104108707005.jpg,104108839865.jpg,104108707005.jpg
104108906517.jpg,104107796270.jpg,104108906517.jpg
104108925239.jpg,104108856552.jpg,104108856552.jpg
104108630923.jpg,104108772466.jpg,104108772466.jpg
104108745962.jpg,104107573578.jpg,104107573578.jpg
104106881654.jpg,104108967028.jpg,104106881654.jpg
104108920656.jpg,104108443832.jpg,104108920656.jpg
104106715943.jpg,104108610169.jpg,104106715943.jpg
104108930083.jpg,104108982584.jpg,104108930083.jpg
104108987911.jpg,104107305834.jpg,104108987911.jpg
104106852409.jpg,104106734438.jpg,104106852409.jpg
104107238512.jpg,104108467765.jpg,104108467765.jpg
104108953674.jpg,104108045572.jpg,104108953674.jpg
104109090435.jpg,104108933035.jpg,104108933035.jpg
104107427714.jpg,104108615890.jpg,104107427714.jpg
104108024282.jpg,104109034938.jpg,104108024282.jpg
104107573578.jpg,104108745962.jpg,104107573578.jpg
104108613968.jpg,104108574933.jpg,104108613968.jpg
104108986978.jpg,104109075036.jpg,104109075036.jpg
104107185014.jpg,104109046484.jpg,104107185014.jpg
104108964392.jpg,104107785618.jpg,104107785618.jpg
104108925239.jpg,104109005490.jpg,104108925239.jpg
104108940280.jpg,104108929350.jpg,104108929350.jpg
104109029831.jpg,104108973712.jpg,104108973712.jpg
104108426319.jpg,104106945388.jpg,104108426319.jpg
104108281868.jpg,104108024282.jpg,104108281868.jpg
104108219831.jpg,104108920555.jpg,104108920555.jpg
104108820453.jpg,104108281868.jpg,104108820453.jpg
104108874835.jpg,104108410829.jpg,104108874835.jpg
104108163803.jpg,104108334861.jpg,104108334861.jpg
104108626167.jpg,104108953299.jpg,104108626167.jpg
104108375027.jpg,104106820573.jpg,104106820573.jpg
104108560046.jpg,104108933772.jpg,104108560046.jpg
104107858772.jpg,104108984172.jpg,104108984172.jpg
104108050876.jpg,104106813033.jpg,104106813033.jpg
104109075036.jpg,104108965923.jpg,104109075036.jpg
104108482433.jpg,104109044506.jpg,104109044506.jpg
104109042223.jpg,104108839865.jpg,104109042223.jpg
104107090377.jpg,104108783257.jpg,104108783257.jpg
104108754062.jpg,104109016876.jpg,104109016876.jpg
104107086323.jpg,104108788928.jpg,104107086323.jpg
104107479776.jpg,104108508211.jpg,104108508211.jpg
104107671918.jpg,104108465606.jpg,104108465606.jpg
104108979815.jpg,104108981612.jpg,104108979815.jpg
104108972455.jpg,104109071073.jpg,104108972455.jpg
104108858221.jpg,104108829152.jpg,104108829152.jpg
104108907676.jpg,104108334861.jpg,104108334861.jpg
104108913569.jpg,104108251388.jpg,104108913569.jpg
104108920555.jpg,104108219831.jpg,104108920555.jpg
104108149725.jpg,104108125521.jpg,104108125521.jpg
104108438364.jpg,104108794974.jpg,104108438364.jpg
104108375027.jpg,104108822531.jpg,104108375027.jpg
104108525589.jpg,104109070181.jpg,104108525589.jpg
104108971045.jpg,104108732600.jpg,104108971045.jpg
104106756808.jpg,104108516063.jpg,104106756808.jpg
104108504580.jpg,104109016876.jpg,104109016876.jpg
104107796270.jpg,104108920656.jpg,104107796270.jpg
104108482433.jpg,104108522829.jpg,104108522829.jpg
104108953674.jpg,104106734438.jpg,104106734438.jpg
104108114295.jpg,104108486750.jpg,104108486750.jpg
104107286515.jpg,104108997771.jpg,104107286515.jpg
104108683768.jpg,104108601239.jpg,104108601239.jpg
104109046484.jpg,104107185014.jpg,104107185014.jpg
104108136936.jpg,104108140332.jpg,104108140332.jpg
104108970398.jpg,104108781507.jpg,104108970398.jpg
104108295496.jpg,104108888986.jpg,104108888986.jpg
104107526523.jpg,104108574933.jpg,104108574933.jpg
104105980871.jpg,104108874835.jpg,104108874835.jpg
104108231125.jpg,104108995273.jpg,104108231125.jpg
104108729176.jpg,104108298920.jpg,104108729176.jpg
104108896286.jpg,104108850287.jpg,104108896286.jpg
104109023688.jpg,104108334861.jpg,104108334861.jpg
104108609843.jpg,104107563575.jpg,104108609843.jpg
104109051954.jpg,104108587526.jpg,104109051954.jpg
104107563575.jpg,104108976984.jpg,104108976984.jpg
104108800692.jpg,104108777350.jpg,104108777350.jpg
104107408279.jpg,104108460439.jpg,104107408279.jpg
104109011775.jpg,104108734198.jpg,104109011775.jpg
104108953299.jpg,104108114295.jpg,104108953299.jpg
104108845850.jpg,104108788617.jpg,104108845850.jpg
104108509884.jpg,104108740569.jpg,104108740569.jpg
104108525589.jpg,104107427714.jpg,104107427714.jpg
104107110878.jpg,104109049053.jpg,104109049053.jpg
104107985531.jpg,104108772466.jpg,104108772466.jpg
104107526523.jpg,104108957038.jpg,104108957038.jpg
104108041370.jpg,104106746366.jpg,104106746366.jpg
104108555767.jpg,104108595272.jpg,104108595272.jpg
104108568354.jpg,104108350295.jpg,104108568354.jpg
104107844041.jpg,104108114295.jpg,104108114295.jpg
104108424232.jpg,104108378455.jpg,104108424232.jpg
104107973752.jpg,104108790088.jpg,104107973752.jpg
104108940280.jpg,104108646106.jpg,104108646106.jpg
104108378455.jpg,104109090435.jpg,104108378455.jpg
104108299949.jpg,104108994336.jpg,104108994336.jpg
104108004256.jpg,104108849407.jpg,104108849407.jpg
104108732600.jpg,104108544266.jpg,104108732600.jpg
104108964030.jpg,104106057649.jpg,104106057649.jpg
104108964030.jpg,104108622359.jpg,104108622359.jpg
104109052464.jpg,104108752262.jpg,104108752262.jpg
104108364492.jpg,104108457626.jpg,104108457626.jpg
104109027205.jpg,104108402765.jpg,104108402765.jpg
104108622201.jpg,104108640643.jpg,104108640643.jpg
104108888986.jpg,104107286515.jpg,104108888986.jpg
104109016876.jpg,104108866643.jpg,104109016876.jpg
104108615890.jpg,104107427714.jpg,104107427714.jpg
104108259525.jpg,104108426319.jpg,104108426319.jpg
104108732600.jpg,104107277214.jpg,104108732600.jpg
104108611766.jpg,104108341967.jpg,104108341967.jpg
104108746964.jpg,104108790088.jpg,104108746964.jpg
104108225562.jpg,104108734198.jpg,104108734198.jpg
104108317853.jpg,104108857740.jpg,104108317853.jpg
104108757423.jpg,104108379716.jpg,104108757423.jpg
104108486750.jpg,104108611766.jpg,104108486750.jpg
104108542880.jpg,104108827215.jpg,104108542880.jpg
104106881654.jpg,104108041370.jpg,104106881654.jpg
104108971045.jpg,104108957038.jpg,104108957038.jpg
104108531872.jpg,104108323626.jpg,104108531872.jpg
104108745648.jpg,104108391504.jpg,104108745648.jpg
104109072715.jpg,104108611766.jpg,104109072715.jpg
104109079480.jpg,104108964030.jpg,104109079480.jpg
104108423834.jpg,104108952273.jpg,104108952273.jpg
104106715634.jpg,104109039511.jpg,104109039511.jpg
104106750365.jpg,104106729605.jpg,104106750365.jpg
104108815872.jpg,104108788617.jpg,104108788617.jpg
104108810212.jpg,104108163803.jpg,104108163803.jpg
104108142104.jpg,104108866981.jpg,104108142104.jpg
104108958485.jpg,104108977018.jpg,104108958485.jpg
104108603862.jpg,104108410829.jpg,104108603862.jpg
104108788928.jpg,104108989567.jpg,104108989567.jpg
104108125521.jpg,104108985619.jpg,104108125521.jpg
104108442047.jpg,104108595272.jpg,104108595272.jpg
104108971045.jpg,104109033778.jpg,104108971045.jpg
104108136936.jpg,104108812608.jpg,104108136936.jpg
104109044506.jpg,104109004950.jpg,104109004950.jpg
104108987545.jpg,104108041370.jpg,104108041370.jpg
104108140332.jpg,104108826085.jpg,104108826085.jpg
104107526523.jpg,104108482433.jpg,104108482433.jpg
104109023688.jpg,104108753924.jpg,104109023688.jpg
104108925239.jpg,104108812334.jpg,104108925239.jpg
104108479327.jpg,104108378455.jpg,104108378455.jpg
104107277214.jpg,104108865747.jpg,104108865747.jpg
104108988788.jpg,104108105366.jpg,104108105366.jpg
104108758944.jpg,104108845850.jpg,104108845850.jpg
104108860715.jpg,104107196040.jpg,104108860715.jpg
104108531872.jpg,104106931220.jpg,104108531872.jpg
104108678513.jpg,104109022874.jpg,104109022874.jpg
104108730392.jpg,104108913569.jpg,104108730392.jpg
104108424749.jpg,104108870597.jpg,104108870597.jpg
104108602176.jpg,104108670376.jpg,104108670376.jpg
104108584673.jpg,104107455173.jpg,104107455173.jpg
104106931220.jpg,104108615890.jpg,104108615890.jpg
104108965923.jpg,104107526523.jpg,104108965923.jpg
104108993069.jpg,104108592506.jpg,104108592506.jpg
104107258151.jpg,104108950576.jpg,104108950576.jpg
104109020493.jpg,104107001320.jpg,104109020493.jpg
104107850200.jpg,104108718686.jpg,104107850200.jpg
104108839146.jpg,104108086956.jpg,104108839146.jpg
104108745962.jpg,104108884118.jpg,104108884118.jpg
104108985619.jpg,104109071073.jpg,104109071073.jpg
104108718686.jpg,104108854371.jpg,104108854371.jpg
104108653387.jpg,104108884118.jpg,104108653387.jpg
104108769212.jpg,104108543776.jpg,104108543776.jpg
104108045572.jpg,104107525811.jpg,104107525811.jpg
104105683403.jpg,104108746964.jpg,104105683403.jpg
104109011775.jpg,104108509884.jpg,104109011775.jpg
104108558803.jpg,104108988788.jpg,104108558803.jpg
104108916291.jpg,104108642604.jpg,104108642604.jpg
104108364492.jpg,104108739176.jpg,104108364492.jpg
104108957038.jpg,104108424195.jpg,104108957038.jpg
104108976984.jpg,104108595636.jpg,104108595636.jpg
104108045572.jpg,104107525811.jpg,104107525811.jpg
104108560046.jpg,104108678513.jpg,104108560046.jpg
104108334861.jpg,104108933702.jpg,104108334861.jpg
104108739176.jpg,104108622319.jpg,104108622319.jpg
104106709500.jpg,104108690599.jpg,104106709500.jpg
104108906517.jpg,104108987545.jpg,104108906517.jpg
104108516063.jpg,104106756808.jpg,104106756808.jpg
104107184967.jpg,104108822531.jpg,104107184967.jpg
104108874835.jpg,104108410829.jpg,104108874835.jpg
104108601667.jpg,104108988788.jpg,104108601667.jpg
104108601239.jpg,104108447874.jpg,104108601239.jpg
104107844041.jpg,104107250587.jpg,104107250587.jpg
104108926443.jpg,104108615890.jpg,104108926443.jpg
104108561221.jpg,104108926443.jpg,104108926443.jpg
104107850200.jpg,104108783945.jpg,104108783945.jpg
104108610169.jpg,104108543776.jpg,104108543776.jpg
104107181532.jpg,104108914376.jpg,104107181532.jpg
104109033778.jpg,104108971045.jpg,104108971045.jpg
104108781507.jpg,104108754062.jpg,104108754062.jpg
104108906517.jpg,104108745014.jpg,104108745014.jpg
104108993069.jpg,104108920656.jpg,104108993069.jpg
104109078999.jpg,104108820409.jpg,104108820409.jpg
104108373886.jpg,104108729738.jpg,104108373886.jpg
104108350295.jpg,104109014683.jpg,104109014683.jpg
104107086323.jpg,104108788928.jpg,104107086323.jpg
104107238512.jpg,104108709585.jpg,104108709585.jpg
104108508211.jpg,104109010293.jpg,104108508211.jpg
104108612795.jpg,104106931220.jpg,104106931220.jpg
104108140332.jpg,104108648056.jpg,104108140332.jpg
104108544266.jpg,104108745885.jpg,104108745885.jpg
104107931630.jpg,104108703120.jpg,104107931630.jpg
104107096406.jpg,104108050876.jpg,104107096406.jpg
104108985619.jpg,104108443832.jpg,104108985619.jpg
104107850200.jpg,104107524436.jpg,104107850200.jpg
104106936543.jpg,104108584673.jpg,104106936543.jpg
104108424232.jpg,104108983415.jpg,104108424232.jpg
104107445277.jpg,104108781507.jpg,104107445277.jpg
104107796270.jpg,104108906517.jpg,104108906517.jpg
104108640643.jpg,104108988188.jpg,104108640643.jpg
104108958236.jpg,104108743726.jpg,104108743726.jpg
104107305834.jpg,104108331324.jpg,104108331324.jpg
104108424195.jpg,104107560265.jpg,104108424195.jpg
104108798362.jpg,104108688960.jpg,104108798362.jpg
104107408279.jpg,104108997771.jpg,104107408279.jpg
104109090435.jpg,104108701046.jpg,104108701046.jpg
104108757604.jpg,104107722079.jpg,104108757604.jpg
104108971431.jpg,104109088490.jpg,104108971431.jpg
104108757423.jpg,104108574933.jpg,104108574933.jpg
104108926551.jpg,104108812334.jpg,104108926551.jpg
104108296291.jpg,104108225562.jpg,104108296291.jpg
104109090435.jpg,104108933035.jpg,104108933035.jpg
104107083244.jpg,104108906517.jpg,104108906517.jpg
104108865747.jpg,104106709500.jpg,104106709500.jpg
104107305834.jpg,104108317853.jpg,104107305834.jpg
104108977018.jpg,104108996622.jpg,104108977018.jpg
104107445277.jpg,104108920656.jpg,104107445277.jpg
104108789981.jpg,104109086516.jpg,104108789981.jpg
104108707624.jpg,104108836631.jpg,104108707624.jpg
104108302429.jpg,104107836185.jpg,104107836185.jpg
104108538409.jpg,104108079090.jpg,104108538409.jpg
104108945282.jpg,104108854371.jpg,104108945282.jpg
104108783257.jpg,104108794974.jpg,104108783257.jpg
104108522829.jpg,104108482433.jpg,104108522829.jpg
104106931220.jpg,104107479776.jpg,104106931220.jpg
104109023688.jpg,104108989954.jpg,104108989954.jpg
104108683768.jpg,104108646106.jpg,104108683768.jpg
104108977018.jpg,104108769212.jpg,104108977018.jpg
104107850200.jpg,104108772466.jpg,104108772466.jpg
104106750365.jpg,104107057634.jpg,104106750365.jpg
104108964030.jpg,104108622319.jpg,104108622319.jpg
104108426319.jpg,104108894082.jpg,104108426319.jpg
104108822531.jpg,104107184967.jpg,104107184967.jpg
104108045572.jpg,104108953674.jpg,104108953674.jpg
104108334861.jpg,104108163803.jpg,104108334861.jpg
104108910520.jpg,104108729464.jpg,104108729464.jpg
104108707416.jpg,104108597661.jpg,104108597661.jpg
104107134966.jpg,104108745885.jpg,104108745885.jpg
104106715634.jpg,104108987911.jpg,104108987911.jpg
104108486184.jpg,104108385467.jpg,104108385467.jpg
104108726540.jpg,104108730392.jpg,104108730392.jpg
104108544266.jpg,104108251388.jpg,104108544266.jpg
104108810212.jpg,104107540001.jpg,104107540001.jpg
104108896286.jpg,104109039511.jpg,104109039511.jpg
104108037471.jpg,104108989567.jpg,104108989567.jpg
104108471272.jpg,104108522829.jpg,104108522829.jpg
104108969697.jpg,104107550926.jpg,104107550926.jpg
104108525589.jpg,104109070181.jpg,104108525589.jpg
104108866981.jpg,104108462484.jpg,104108462484.jpg
104108626167.jpg,104108878064.jpg,104108626167.jpg
104108552929.jpg,104108583839.jpg,104108583839.jpg
104107479776.jpg,104106931220.jpg,104106931220.jpg
104108630890.jpg,104108894082.jpg,104108630890.jpg
104109021662.jpg,104109034938.jpg,104109021662.jpg
104108879762.jpg,104108926551.jpg,104108879762.jpg
104108566263.jpg,104108870597.jpg,104108870597.jpg
104107566104.jpg,104106852409.jpg,104106852409.jpg
104108471272.jpg,104108647249.jpg,104108471272.jpg
104108743726.jpg,104108812608.jpg,104108743726.jpg
104108543776.jpg,104108610169.jpg,104108543776.jpg
104108926551.jpg,104108879762.jpg,104108879762.jpg
104108342587.jpg,104107525811.jpg,104108342587.jpg
104105980871.jpg,104108560046.jpg,104108560046.jpg
104107239815.jpg,104108342587.jpg,104108342587.jpg
104108576174.jpg,104107286515.jpg,104107286515.jpg
104108800692.jpg,104108423834.jpg,104108800692.jpg
104108860715.jpg,104108746964.jpg,104108746964.jpg
104107985531.jpg,104107110887.jpg,104107110887.jpg
104107795179.jpg,104108989567.jpg,104108989567.jpg
104109063442.jpg,104108630923.jpg,104108630923.jpg
104108752262.jpg,104108958236.jpg,104108752262.jpg
104108486750.jpg,104109063442.jpg,104108486750.jpg
104108865747.jpg,104107525811.jpg,104108865747.jpg
104107512304.jpg,104107858772.jpg,104107512304.jpg
104107144403.jpg,104108783945.jpg,104108783945.jpg
104108790045.jpg,104108509599.jpg,104108790045.jpg
104109029831.jpg,104106936543.jpg,104106936543.jpg
104108601667.jpg,104107836185.jpg,104107836185.jpg
104108317853.jpg,104108758944.jpg,104108758944.jpg
104108740569.jpg,104108929764.jpg,104108929764.jpg
104107350098.jpg,104107258151.jpg,104107350098.jpg
104108754062.jpg,104108781507.jpg,104108754062.jpg
104109034938.jpg,104108985360.jpg,104109034938.jpg
104108646106.jpg,104108970189.jpg,104108970189.jpg
104108953299.jpg,104108640643.jpg,104108640643.jpg
104108653387.jpg,104109027205.jpg,104108653387.jpg
104108601239.jpg,104108086956.jpg,104108601239.jpg
104105588631.jpg,104106945388.jpg,104106945388.jpg
104108583735.jpg,104108745885.jpg,104108745885.jpg
104108607496.jpg,104108746166.jpg,104108607496.jpg
104107090377.jpg,104107455173.jpg,104107455173.jpg
104108404615.jpg,104108281868.jpg,104108281868.jpg
104108383685.jpg,104108981612.jpg,104108981612.jpg
104108795931.jpg,104108504580.jpg,104108504580.jpg
104108125521.jpg,104108997771.jpg,104108125521.jpg
104108595636.jpg,104107238512.jpg,104108595636.jpg
104108947440.jpg,104108538409.jpg,104108538409.jpg
104107350098.jpg,104108551485.jpg,104108551485.jpg
104108815872.jpg,104107083244.jpg,104107083244.jpg
104108947440.jpg,104108568354.jpg,104108568354.jpg
104108969952.jpg,104107305834.jpg,104107305834.jpg
104108930083.jpg,104108785710.jpg,104108930083.jpg
104108883315.jpg,104108037471.jpg,104108883315.jpg
104107057634.jpg,104107671918.jpg,104107671918.jpg
104106734438.jpg,104106852409.jpg,104106852409.jpg
104107408279.jpg,104108958236.jpg,104107408279.jpg
104108926443.jpg,104108839865.jpg,104108926443.jpg
104107350098.jpg,104108544828.jpg,104108544828.jpg
104108225562.jpg,104108734198.jpg,104108734198.jpg
104107096406.jpg,104108050876.jpg,104107096406.jpg
104108777350.jpg,104108888986.jpg,104108888986.jpg
104107796270.jpg,104108931149.jpg,104107796270.jpg
104108772466.jpg,104108403161.jpg,104108772466.jpg
104108783945.jpg,104107110887.jpg,104108783945.jpg
104105980871.jpg,104108874835.jpg,104108874835.jpg
104108774361.jpg,104108331324.jpg,104108774361.jpg
104109088490.jpg,104108743726.jpg,104108743726.jpg
104108777350.jpg,104108888653.jpg,104108888653.jpg
104108931680.jpg,104109028923.jpg,104109028923.jpg
104107305834.jpg,104108438364.jpg,104108438364.jpg
104107156101.jpg,104108695903.jpg,104108695903.jpg
104107340288.jpg,104108826085.jpg,104107340288.jpg
104108538409.jpg,104108695903.jpg,104108695903.jpg
104108925239.jpg,104108812334.jpg,104108925239.jpg
104108281868.jpg,104108622201.jpg,104108622201.jpg
104109014683.jpg,104109072715.jpg,104109014683.jpg
104107305834.jpg,104108969952.jpg,104107305834.jpg
104109048481.jpg,104108432307.jpg,104108432307.jpg
104107566104.jpg,104108984672.jpg,104107566104.jpg
104108987545.jpg,104108041370.jpg,104108041370.jpg
104108983415.jpg,104108925239.jpg,104108925239.jpg
104108969952.jpg,104108302429.jpg,104108969952.jpg
104108983415.jpg,104108940280.jpg,104108983415.jpg
104107001320.jpg,104108542880.jpg,104108542880.jpg
104108707624.jpg,104108990768.jpg,104108707624.jpg
104108876134.jpg,104107083244.jpg,104108876134.jpg
104107540001.jpg,104108593196.jpg,104107540001.jpg
104108764295.jpg,104108985619.jpg,104108764295.jpg
104108878064.jpg,104108709585.jpg,104108709585.jpg
104108653387.jpg,104108622201.jpg,104108653387.jpg
104108950576.jpg,104108758944.jpg,104108758944.jpg
104108219831.jpg,104108874835.jpg,104108874835.jpg
104106837135.jpg,104107566104.jpg,104107566104.jpg
104106931220.jpg,104108612795.jpg,104106931220.jpg
104108707624.jpg,104108048695.jpg,104108707624.jpg
104108538306.jpg,104108426589.jpg,104108538306.jpg
104108883315.jpg,104108231125.jpg,104108231125.jpg
104108865747.jpg,104107525811.jpg,104108865747.jpg
104108391504.jpg,104108929764.jpg,104108929764.jpg
104108935073.jpg,104108509599.jpg,104108509599.jpg
104108739176.jpg,104108839865.jpg,104108839865.jpg
104107573578.jpg,104108455088.jpg,104108455088.jpg
104108972455.jpg,104108746964.jpg,104108972455.jpg
104108626167.jpg,104108905183.jpg,104108626167.jpg
104106936543.jpg,104109017528.jpg,104109017528.jpg
104108004256.jpg,104108822531.jpg,104108822531.jpg
104107403238.jpg,104108682136.jpg,104107403238.jpg
104108931542.jpg,104108839187.jpg,104108839187.jpg
104108912548.jpg,104107795179.jpg,104108912548.jpg
104108992130.jpg,104108933035.jpg,104108933035.jpg
104108964392.jpg,104108999963.jpg,104108999963.jpg
104108979815.jpg,104104481434.jpg,104108979815.jpg
104109005505.jpg,104108646106.jpg,104109005505.jpg
104109004950.jpg,104108933702.jpg,104109004950.jpg
104108444505.jpg,104108375027.jpg,104108444505.jpg
104107931630.jpg,104108105366.jpg,104108105366.jpg
104108917829.jpg,104108866981.jpg,104108917829.jpg
104108969697.jpg,104108789981.jpg,104108789981.jpg
104108537471.jpg,104108640643.jpg,104108537471.jpg
104108790088.jpg,104108746964.jpg,104108746964.jpg
104108048695.jpg,104106756808.jpg,104106756808.jpg
104106802049.jpg,104107525811.jpg,104106802049.jpg
104108647249.jpg,104109023688.jpg,104109023688.jpg
104108695903.jpg,104108593196.jpg,104108695903.jpg
104109052464.jpg,104108839146.jpg,104108839146.jpg
104108990768.jpg,104108856552.jpg,104108856552.jpg
104108225562.jpg,104108296291.jpg,104108296291.jpg
104108815872.jpg,104107110878.jpg,104107110878.jpg
104108509884.jpg,104108800692.jpg,104108800692.jpg
104108758944.jpg,104108987911.jpg,104108758944.jpg
104108968431.jpg,104108746166.jpg,104108746166.jpg
104108907676.jpg,104108757423.jpg,104108757423.jpg
104108888653.jpg,104109004950.jpg,104108888653.jpg
104108856628.jpg,104108163803.jpg,104108163803.jpg
104109049053.jpg,104108558803.jpg,104108558803.jpg
104108758944.jpg,104108987911.jpg,104108758944.jpg
104108729176.jpg,104109071073.jpg,104108729176.jpg
104108432307.jpg,104108424232.jpg,104108432307.jpg
104108467765.jpg,104106746366.jpg,104108467765.jpg
104108931680.jpg,104108688960.jpg,104108931680.jpg
104108772466.jpg,104108798362.jpg,104108798362.jpg
104108652136.jpg,104106709500.jpg,104108652136.jpg
104108231125.jpg,104108919133.jpg,104108231125.jpg
104108225562.jpg,104109070181.jpg,104108225562.jpg
104108856628.jpg,104108994336.jpg,104108994336.jpg
104108967028.jpg,104108253740.jpg,104108967028.jpg
104107777564.jpg,104108465606.jpg,104107777564.jpg
104108839146.jpg,104108508211.jpg,104108839146.jpg
104108757604.jpg,104108931542.jpg,104108757604.jpg
104108560046.jpg,104108601239.jpg,104108560046.jpg
104108785710.jpg,104108812334.jpg,104108812334.jpg
104108609843.jpg,104108522829.jpg,104108522829.jpg
104106734438.jpg,104109038191.jpg,104109038191.jpg
104108678419.jpg,104109028923.jpg,104108678419.jpg
104108329417.jpg,104108486184.jpg,104108329417.jpg
104107184967.jpg,104108931149.jpg,104107184967.jpg
104109070181.jpg,104107566104.jpg,104107566104.jpg
104108114295.jpg,104107552461.jpg,104107552461.jpg
104108607496.jpg,104108648056.jpg,104108607496.jpg
104109046484.jpg,104108486750.jpg,104109046484.jpg
104109011054.jpg,104107277214.jpg,104109011054.jpg
104108467765.jpg,104108989954.jpg,104108467765.jpg
104108597661.jpg,104107090377.jpg,104108597661.jpg
104108754062.jpg,104109016876.jpg,104109016876.jpg
104108576174.jpg,104108990768.jpg,104108990768.jpg
104108888986.jpg,104108757423.jpg,104108888986.jpg
104108739176.jpg,104108839865.jpg,104108839865.jpg
104107722079.jpg,104108757604.jpg,104108757604.jpg
104108642604.jpg,104108984172.jpg,104108984172.jpg
104108383685.jpg,104108968431.jpg,104108383685.jpg
104108912548.jpg,104107836185.jpg,104107836185.jpg
104108602675.jpg,104108804256.jpg,104108804256.jpg
104108920555.jpg,104105683403.jpg,104105683403.jpg
104109090435.jpg,104108331324.jpg,104108331324.jpg
104108777350.jpg,104108888653.jpg,104108888653.jpg
104108754062.jpg,104109057340.jpg,104108754062.jpg
104109044506.jpg,104108623685.jpg,104109044506.jpg
104108879762.jpg,104108881377.jpg,104108879762.jpg
104108426319.jpg,104108894082.jpg,104108426319.jpg
104109044506.jpg,104108707005.jpg,104109044506.jpg
104108630923.jpg,104106945388.jpg,104106945388.jpg
104108967028.jpg,104108688960.jpg,104108967028.jpg
104109014683.jpg,104107090377.jpg,104109014683.jpg
104109057282.jpg,104108790088.jpg,104109057282.jpg
104106715943.jpg,104109005505.jpg,104106715943.jpg
104107785618.jpg,104109053645.jpg,104109053645.jpg
104107239815.jpg,104108965923.jpg,104108965923.jpg
104108964392.jpg,104108985360.jpg,104108964392.jpg
104109063442.jpg,104108486750.jpg,104108486750.jpg
104109079480.jpg,104108933772.jpg,104109079480.jpg
104108652136.jpg,104108958555.jpg,104108652136.jpg
104108373886.jpg,104107844041.jpg,104108373886.jpg
104106802049.jpg,104107525811.jpg,104106802049.jpg
104108602176.jpg,104109081519.jpg,104108602176.jpg
104108769212.jpg,104108375027.jpg,104108375027.jpg
104108730392.jpg,104108726540.jpg,104108730392.jpg
104107096406.jpg,104109028923.jpg,104107096406.jpg
104108897301.jpg,104108800692.jpg,104108897301.jpg
104108739992.jpg,104108969952.jpg,104108969952.jpg
104108097531.jpg,104108688960.jpg,104108097531.jpg
104108630312.jpg,104108925730.jpg,104108630312.jpg
104107185014.jpg,104108866981.jpg,104107185014.jpg
104107090377.jpg,104108295496.jpg,104108295496.jpg
104109088490.jpg,104108866643.jpg,104108866643.jpg
104108957038.jpg,104109079480.jpg,104108957038.jpg
104108798362.jpg,104108652136.jpg,104108652136.jpg
104108522829.jpg,104107185014.jpg,104107185014.jpg
104106734438.jpg,104107185014.jpg,104107185014.jpg
104108086956.jpg,104109004950.jpg,104109004950.jpg
104108475014.jpg,104108838791.jpg,104108838791.jpg
104108595636.jpg,104108976984.jpg,104108595636.jpg
104108795931.jpg,104108995273.jpg,104108995273.jpg
104108987911.jpg,104108404615.jpg,104108987911.jpg
104108935073.jpg,104108525589.jpg,104108525589.jpg
104108982584.jpg,104108455579.jpg,104108455579.jpg
104108984672.jpg,104108486184.jpg,104108984672.jpg
104108997771.jpg,104107408279.jpg,104107408279.jpg
104109028923.jpg,104108945746.jpg,104109028923.jpg
104108587526.jpg,104109051954.jpg,104109051954.jpg
104106881654.jpg,104108929350.jpg,104106881654.jpg
104108682136.jpg,104107403238.jpg,104107403238.jpg
104109010635.jpg,104108531872.jpg,104109010635.jpg
104108996622.jpg,104108920555.jpg,104108996622.jpg
104108457626.jpg,104108329417.jpg,104108329417.jpg
104107707060.jpg,104108926443.jpg,104108926443.jpg
104108690599.jpg,104108822531.jpg,104108690599.jpg
104109053645.jpg,104108622246.jpg,104109053645.jpg
104109046484.jpg,104108486750.jpg,104109046484.jpg
104108849407.jpg,104108560046.jpg,104108560046.jpg
104109023688.jpg,104108334861.jpg,104108334861.jpg
104108568354.jpg,104109017528.jpg,104109017528.jpg
104109038191.jpg,104108773563.jpg,104108773563.jpg
104108745648.jpg,104108538409.jpg,104108745648.jpg
104107858772.jpg,104107196040.jpg,104107196040.jpg
104108794974.jpg,104108438364.jpg,104108438364.jpg
104107479776.jpg,104109005505.jpg,104109005505.jpg
104108853728.jpg,104107403238.jpg,104108853728.jpg
104107144403.jpg,104108739992.jpg,104107144403.jpg
104108558415.jpg,104109011775.jpg,104108558415.jpg
104107931630.jpg,104108583735.jpg,104107931630.jpg
104108965923.jpg,104109033778.jpg,104108965923.jpg
104108920377.jpg,104108800692.jpg,104108800692.jpg
104108783945.jpg,104107850200.jpg,104108783945.jpg
104109090435.jpg,104108331324.jpg,104108331324.jpg
104108558415.jpg,104108509884.jpg,104108558415.jpg
104108379716.jpg,104108988788.jpg,104108379716.jpg
104108323626.jpg,104108566263.jpg,104108566263.jpg
104108930083.jpg,104108653387.jpg,104108653387.jpg
104108894082.jpg,104108426589.jpg,104108894082.jpg
104108587526.jpg,104108595636.jpg,104108595636.jpg
104108689696.jpg,104108509884.jpg,104108509884.jpg
104109020493.jpg,104108753924.jpg,104109020493.jpg
104108758944.jpg,104108976984.jpg,104108758944.jpg
104108839865.jpg,104108707005.jpg,104108707005.jpg
104108790088.jpg,104107973752.jpg,104107973752.jpg
104107540001.jpg,104108219831.jpg,104107540001.jpg
104108486184.jpg,104108391504.jpg,104108391504.jpg
104106813033.jpg,104108603773.jpg,104106813033.jpg
104109070181.jpg,104108225562.jpg,104108225562.jpg
104107707060.jpg,104106894431.jpg,104106894431.jpg
104108743726.jpg,104108879762.jpg,104108879762.jpg
104108983415.jpg,104108282347.jpg,104108983415.jpg
104107185014.jpg,104108866981.jpg,104107185014.jpg
104106852409.jpg,104107408279.jpg,104107408279.jpg
104108773563.jpg,104108775417.jpg,104108773563.jpg
104108849407.jpg,104107196040.jpg,104107196040.jpg
104109039511.jpg,104108630890.jpg,104109039511.jpg
104108826085.jpg,104108504580.jpg,104108826085.jpg
104106945388.jpg,104108982584.jpg,104106945388.jpg
104108757604.jpg,104109072715.jpg,104108757604.jpg
104108743726.jpg,104108462484.jpg,104108462484.jpg
104107134966.jpg,104107184967.jpg,104107184967.jpg
104107445277.jpg,104108933035.jpg,104107445277.jpg
104108799268.jpg,104108729176.jpg,104108729176.jpg
104108509599.jpg,104108790045.jpg,104108790045.jpg
104108888653.jpg,104108777350.jpg,104108888653.jpg
104109081519.jpg,104109027205.jpg,104109081519.jpg
104107796270.jpg,104109048481.jpg,104107796270.jpg
104108331521.jpg,104108930083.jpg,104108331521.jpg
104108543776.jpg,104108703120.jpg,104108543776.jpg
104108404615.jpg,104108516063.jpg,104108516063.jpg
104108467765.jpg,104108620360.jpg,104108467765.jpg
104108482433.jpg,104108295496.jpg,104108295496.jpg
104108024282.jpg,104108622246.jpg,104108024282.jpg
104108385467.jpg,104108707005.jpg,104108707005.jpg
104108658172.jpg,104105588631.jpg,104108658172.jpg
104108970189.jpg,104109020493.jpg,104109020493.jpg
104108795931.jpg,104108983415.jpg,104108983415.jpg
104107403238.jpg,104108917829.jpg,104107403238.jpg
104108987911.jpg,104107550926.jpg,104108987911.jpg
104108622359.jpg,104108732600.jpg,104108622359.jpg
104109038191.jpg,104108987545.jpg,104109038191.jpg
104109052464.jpg,104109010293.jpg,104109010293.jpg
104108630312.jpg,104108877288.jpg,104108630312.jpg
104108458011.jpg,104108929764.jpg,104108929764.jpg
104109028923.jpg,104107096406.jpg,104107096406.jpg
104108865747.jpg,104107277214.jpg,104108865747.jpg
104108958485.jpg,104108920377.jpg,104108958485.jpg
104109028923.jpg,104108933035.jpg,104108933035.jpg
104108457626.jpg,104107524436.jpg,104108457626.jpg
104108703120.jpg,104108916291.jpg,104108703120.jpg
104108556974.jpg,104107973752.jpg,104107973752.jpg
104108788928.jpg,104108640643.jpg,104108640643.jpg
104108791651.jpg,104108967028.jpg,104108791651.jpg
104108925239.jpg,104108504580.jpg,104108925239.jpg
104108826085.jpg,104108504580.jpg,104108826085.jpg
104108313767.jpg,104108607496.jpg,104108607496.jpg
104106756808.jpg,104108920555.jpg,104106756808.jpg
104108984172.jpg,104108760626.jpg,104108984172.jpg
104108839187.jpg,104108136936.jpg,104108839187.jpg
104108982584.jpg,104109081519.jpg,104108982584.jpg
104108970398.jpg,104108896286.jpg,104108896286.jpg
104109011775.jpg,104109021662.jpg,104109011775.jpg
104108163803.jpg,104108726540.jpg,104108726540.jpg
104108458011.jpg,104108758944.jpg,104108758944.jpg
104108996622.jpg,104108403161.jpg,104108996622.jpg
104108988788.jpg,104108877288.jpg,104108877288.jpg
104108375027.jpg,104108812334.jpg,104108812334.jpg
104109048481.jpg,104108746964.jpg,104108746964.jpg
104108947440.jpg,104108857740.jpg,104108857740.jpg
104108930083.jpg,104108789981.jpg,104108789981.jpg
104108989954.jpg,104108859766.jpg,104108859766.jpg
104106690875.jpg,104108976984.jpg,104106690875.jpg
104108838791.jpg,104108475014.jpg,104108838791.jpg
104108760626.jpg,104108931542.jpg,104108760626.jpg
104108774096.jpg,104108795931.jpg,104108795931.jpg
104108364492.jpg,104108457626.jpg,104108457626.jpg
104108555767.jpg,104108689696.jpg,104108555767.jpg
104108402765.jpg,104109014683.jpg,104109014683.jpg
104109051954.jpg,104108630312.jpg,104108630312.jpg
104108391504.jpg,104108630890.jpg,104108630890.jpg
104108024282.jpg,104108281868.jpg,104108281868.jpg
104108538306.jpg,104108906517.jpg,104108906517.jpg
104108555767.jpg,104108947440.jpg,104108555767.jpg
104107144403.jpg,104108971431.jpg,104108971431.jpg
104108652136.jpg,104108774096.jpg,104108652136.jpg
104109022874.jpg,104108613968.jpg,104108613968.jpg
104109005505.jpg,104106715943.jpg,104106715943.jpg
104108994336.jpg,104108769212.jpg,104108994336.jpg
104108827215.jpg,104108972455.jpg,104108972455.jpg
104108896286.jpg,104109053645.jpg,104109053645.jpg
104108920555.jpg,104108350295.jpg,104108920555.jpg
104108845850.jpg,104108758944.jpg,104108845850.jpg
104109023688.jpg,104108739992.jpg,104109023688.jpg
104107858772.jpg,104108558415.jpg,104108558415.jpg
104109020493.jpg,104108753924.jpg,104109020493.jpg
104108615890.jpg,104108140332.jpg,104108615890.jpg
104108295662.jpg,104108866981.jpg,104108295662.jpg
104108963586.jpg,104108968431.jpg,104108963586.jpg
104106729605.jpg,104108788617.jpg,104108788617.jpg
104108981612.jpg,104108553448.jpg,104108981612.jpg
104108994336.jpg,104108953299.jpg,104108953299.jpg
104109021662.jpg,104108838791.jpg,104108838791.jpg
104108707005.jpg,104108460439.jpg,104108460439.jpg
104107563575.jpg,104108820453.jpg,104108820453.jpg
104108930083.jpg,104108558803.jpg,104108558803.jpg
104108989954.jpg,104108467765.jpg,104108467765.jpg
104109039511.jpg,104107112373.jpg,104109039511.jpg
104108482233.jpg,104108334861.jpg,104108334861.jpg
104106813033.jpg,104108097533.jpg,104106813033.jpg
104108612795.jpg,104108994336.jpg,104108994336.jpg
104108983415.jpg,104108646106.jpg,104108983415.jpg
104108745014.jpg,104108849407.jpg,104108745014.jpg
104108945746.jpg,104109028923.jpg,104109028923.jpg
104108926443.jpg,104107110887.jpg,104108926443.jpg
104108560046.jpg,104108953299.jpg,104108560046.jpg
104108424195.jpg,104108858221.jpg,104108424195.jpg
104108858221.jpg,104108920377.jpg,104108920377.jpg
104108877288.jpg,104108630312.jpg,104108630312.jpg
104108607496.jpg,104108475014.jpg,104108475014.jpg
104108331521.jpg,104108583839.jpg,104108331521.jpg
104108552929.jpg,104108931149.jpg,104108552929.jpg
104107156101.jpg,104108745885.jpg,104108745885.jpg
104108149725.jpg,104108257061.jpg,104108257061.jpg
104108752262.jpg,104109020493.jpg,104108752262.jpg
104108926443.jpg,104108598402.jpg,104108926443.jpg
104109081519.jpg,104106709500.jpg,104106709500.jpg
104108879762.jpg,104108866981.jpg,104108879762.jpg
104107238512.jpg,104108709585.jpg,104108709585.jpg
104108504580.jpg,104109016876.jpg,104109016876.jpg
104108757604.jpg,104108285616.jpg,104108285616.jpg
104108888653.jpg,104108777350.jpg,104108888653.jpg
104107785618.jpg,104109053645.jpg,104109053645.jpg
104107844041.jpg,104108622319.jpg,104108622319.jpg
104108601667.jpg,104108551485.jpg,104108551485.jpg
104108947440.jpg,104108555767.jpg,104108555767.jpg
104107573578.jpg,104108455088.jpg,104108455088.jpg
104107289175.jpg,104108874835.jpg,104108874835.jpg
104108794974.jpg,104108566263.jpg,104108566263.jpg
104108774096.jpg,104107836185.jpg,104107836185.jpg
104108729738.jpg,104108726540.jpg,104108726540.jpg
104108105366.jpg,104108995273.jpg,104108105366.jpg
104108788928.jpg,104108739992.jpg,104108788928.jpg
104108568354.jpg,104109005490.jpg,104108568354.jpg
104108913569.jpg,104108444505.jpg,104108913569.jpg
104108543776.jpg,104108810212.jpg,104108543776.jpg
104108587526.jpg,104108114295.jpg,104108114295.jpg
104108876134.jpg,104108810212.jpg,104108876134.jpg
104108757604.jpg,104108678419.jpg,104108678419.jpg
104108652136.jpg,104108606686.jpg,104108652136.jpg
104108364492.jpg,104108627229.jpg,104108627229.jpg
104107096406.jpg,104108812608.jpg,104107096406.jpg
104108678513.jpg,104109074652.jpg,104108678513.jpg
104108432307.jpg,104109048481.jpg,104108432307.jpg
104108997771.jpg,104108125521.jpg,104108125521.jpg
104109071073.jpg,104108965923.jpg,104108965923.jpg
104109010635.jpg,104108622319.jpg,104109010635.jpg
104108953674.jpg,104108799268.jpg,104108953674.jpg
104108984172.jpg,104107112373.jpg,104108984172.jpg
104108703120.jpg,104107250587.jpg,104107250587.jpg
104107238512.jpg,104108925730.jpg,104107238512.jpg
104108814105.jpg,104106837135.jpg,104106837135.jpg
104108984172.jpg,104107858772.jpg,104108984172.jpg
104107258151.jpg,104108970189.jpg,104108970189.jpg
104108462484.jpg,104108997771.jpg,104108462484.jpg
104108383685.jpg,104108869071.jpg,104108869071.jpg
104107526523.jpg,104108734198.jpg,104108734198.jpg
104107086323.jpg,104107250587.jpg,104107250587.jpg
104108364492.jpg,104108509599.jpg,104108364492.jpg
104108385467.jpg,104108970189.jpg,104108385467.jpg
104107340288.jpg,104109016876.jpg,104107340288.jpg
104108933415.jpg,104108845850.jpg,104108845850.jpg
104108630312.jpg,104108877288.jpg,104108630312.jpg
104106057649.jpg,104109009682.jpg,104106057649.jpg
104107181532.jpg,104109075036.jpg,104109075036.jpg
104108906517.jpg,104108610169.jpg,104108906517.jpg
104108834683.jpg,104107795179.jpg,104108834683.jpg
104108219831.jpg,104107540001.jpg,104107540001.jpg
104108329417.jpg,104107563575.jpg,104108329417.jpg
104108810212.jpg,104108678419.jpg,104108678419.jpg
104108426319.jpg,104107057634.jpg,104108426319.jpg
104107671918.jpg,104107057634.jpg,104107671918.jpg
104106729605.jpg,104108876134.jpg,104108876134.jpg
104108820409.jpg,104108913569.jpg,104108913569.jpg
104108662703.jpg,104108439840.jpg,104108662703.jpg
104108894082.jpg,104107777564.jpg,104107777564.jpg
104109007141.jpg,104108462484.jpg,104108462484.jpg
104108836631.jpg,104108004071.jpg,104108004071.jpg
104107096406.jpg,104108050876.jpg,104107096406.jpg
104108630890.jpg,104108945282.jpg,104108630890.jpg
104107785618.jpg,104108583839.jpg,104108583839.jpg
104108953299.jpg,104106746366.jpg,104106746366.jpg
104108486750.jpg,104109046484.jpg,104109046484.jpg
104106802049.jpg,104108947440.jpg,104106802049.jpg
104109033778.jpg,104108734198.jpg,104109033778.jpg
104108783257.jpg,104107795179.jpg,104108783257.jpg
104108105366.jpg,104108970189.jpg,104108105366.jpg
104108812334.jpg,104108834683.jpg,104108834683.jpg
104109007141.jpg,104109051954.jpg,104109051954.jpg
104108820409.jpg,104109005505.jpg,104108820409.jpg
104108482433.jpg,104108754062.jpg,104108754062.jpg
104106690875.jpg,104108857740.jpg,104106690875.jpg
104107479776.jpg,104109007141.jpg,104107479776.jpg
104108865747.jpg,104108626167.jpg,104108865747.jpg
104108860715.jpg,104108746964.jpg,104108746964.jpg
104108004071.jpg,104108773563.jpg,104108004071.jpg
104108424195.jpg,104108883315.jpg,104108883315.jpg
104108971431.jpg,104108745648.jpg,104108971431.jpg
104108323626.jpg,104108729464.jpg,104108729464.jpg
104108857740.jpg,104108947440.jpg,104108857740.jpg
104108701046.jpg,104109090435.jpg,104108701046.jpg
104108866981.jpg,104108879762.jpg,104108879762.jpg
104108652136.jpg,104108958555.jpg,104108652136.jpg
104108438364.jpg,104108447874.jpg,104108438364.jpg
104109027205.jpg,104109057282.jpg,104109057282.jpg
104108799848.jpg,104108877288.jpg,104108877288.jpg
104109048481.jpg,104107184967.jpg,104107184967.jpg
104108888885.jpg,104108313767.jpg,104108888885.jpg
104108794974.jpg,104108783257.jpg,104108783257.jpg
104107086323.jpg,104108788928.jpg,104107086323.jpg
104108649028.jpg,104108758944.jpg,104108758944.jpg
104108906517.jpg,104108531872.jpg,104108906517.jpg
104108467765.jpg,104108968431.jpg,104108467765.jpg
104108630890.jpg,104109039511.jpg,104109039511.jpg
104108622246.jpg,104108912548.jpg,104108912548.jpg
104108140332.jpg,104108826085.jpg,104108826085.jpg
104109007141.jpg,104107479776.jpg,104107479776.jpg
104106715943.jpg,104108350295.jpg,104106715943.jpg
104108888885.jpg,104108866643.jpg,104108888885.jpg
104108444505.jpg,104108913569.jpg,104108913569.jpg
104108253740.jpg,104108752262.jpg,104108752262.jpg
104108799848.jpg,104108883315.jpg,104108883315.jpg
104108701046.jpg,104109079480.jpg,104109079480.jpg
104107563575.jpg,104108551485.jpg,104108551485.jpg
104107403238.jpg,104108931149.jpg,104107403238.jpg
104108982584.jpg,104108598402.jpg,104108982584.jpg
104108945746.jpg,104109011775.jpg,104109011775.jpg
104108829152.jpg,104108259525.jpg,104108829152.jpg
104105588631.jpg,104107503214.jpg,104107503214.jpg
104108945282.jpg,104108006544.jpg,104108945282.jpg
104109079480.jpg,104108964030.jpg,104109079480.jpg
104108964392.jpg,104109048481.jpg,104109048481.jpg
104108462484.jpg,104108105366.jpg,104108462484.jpg
104108964030.jpg,104109079480.jpg,104109079480.jpg
104108576174.jpg,104108508211.jpg,104108508211.jpg
104108342587.jpg,104108983415.jpg,104108342587.jpg
104108970398.jpg,104108788617.jpg,104108788617.jpg
104108566263.jpg,104108870597.jpg,104108870597.jpg
104107184967.jpg,104107134966.jpg,104107184967.jpg
104108814105.jpg,104108888653.jpg,104108888653.jpg
104108251388.jpg,104108544266.jpg,104108544266.jpg
104107525811.jpg,104108865747.jpg,104108865747.jpg
104108753924.jpg,104108259525.jpg,104108259525.jpg
104108829152.jpg,104108410829.jpg,104108829152.jpg
104108739176.jpg,104108296291.jpg,104108296291.jpg
104108373886.jpg,104108977018.jpg,104108373886.jpg
104108854371.jpg,104108859766.jpg,104108859766.jpg
104108653387.jpg,104109029831.jpg,104108653387.jpg
104108979500.jpg,104108986978.jpg,104108986978.jpg
104107858772.jpg,104108163803.jpg,104108163803.jpg
104108746166.jpg,104108558415.jpg,104108558415.jpg
104108972455.jpg,104108905183.jpg,104108972455.jpg
104109088490.jpg,104108971045.jpg,104108971045.jpg
104108598402.jpg,104108926443.jpg,104108926443.jpg
104108971431.jpg,104107550926.jpg,104108971431.jpg
104108465606.jpg,104108373886.jpg,104108373886.jpg
104108726540.jpg,104108149725.jpg,104108726540.jpg
104108739992.jpg,104108707624.jpg,104108707624.jpg
104107144403.jpg,104108609843.jpg,104108609843.jpg
104108601667.jpg,104108757604.jpg,104108757604.jpg
104108670376.jpg,104108479327.jpg,104108670376.jpg
104107785618.jpg,104108912548.jpg,104108912548.jpg
104108977018.jpg,104108958485.jpg,104108958485.jpg
104108958555.jpg,104107836185.jpg,104107836185.jpg
104108969952.jpg,104108963586.jpg,104108963586.jpg
104108537471.jpg,104108447874.jpg,104108537471.jpg
104108544828.jpg,104108883315.jpg,104108544828.jpg
104108583735.jpg,104108982061.jpg,104108982061.jpg
104108989567.jpg,104108764295.jpg,104108989567.jpg
104108655852.jpg,104108482233.jpg,104108482233.jpg
104107795179.jpg,104108703120.jpg,104107795179.jpg
104107526523.jpg,104108024282.jpg,104108024282.jpg
104108967028.jpg,104106881654.jpg,104106881654.jpg
104108942837.jpg,104108916291.jpg,104108916291.jpg
104108788617.jpg,104106729605.jpg,104108788617.jpg
104108929350.jpg,104106881654.jpg,104106881654.jpg
104108627229.jpg,104109016876.jpg,104108627229.jpg
104108916291.jpg,104108981612.jpg,104108981612.jpg
104109005490.jpg,104108957038.jpg,104108957038.jpg
104109053645.jpg,104107289175.jpg,104109053645.jpg
104106820573.jpg,104108994336.jpg,104106820573.jpg
104106769963.jpg,104108953674.jpg,104106769963.jpg
104107277214.jpg,104108317853.jpg,104108317853.jpg
104108302429.jpg,104107836185.jpg,104107836185.jpg
104108622201.jpg,104108331521.jpg,104108331521.jpg
104108443832.jpg,104108552929.jpg,104108552929.jpg
104108455579.jpg,104107563575.jpg,104108455579.jpg
104108781507.jpg,104108649028.jpg,104108781507.jpg
104107566104.jpg,104106852409.jpg,104106852409.jpg
104108798362.jpg,104108652136.jpg,104108652136.jpg
104107785618.jpg,104107289175.jpg,104107289175.jpg
104106057649.jpg,104108992130.jpg,104106057649.jpg
104108979815.jpg,104108479327.jpg,104108979815.jpg
104109046484.jpg,104108957038.jpg,104108957038.jpg
104108920656.jpg,104108774361.jpg,104108774361.jpg
104108971045.jpg,104108822531.jpg,104108971045.jpg
104108689696.jpg,104108048695.jpg,104108048695.jpg
104108331521.jpg,104108622201.jpg,104108331521.jpg
104108688960.jpg,104109078999.jpg,104109078999.jpg
104108812608.jpg,104108136936.jpg,104108136936.jpg
104108114295.jpg,104107844041.jpg,104108114295.jpg
104108337629.jpg,104106802049.jpg,104106802049.jpg
104107563575.jpg,104108551485.jpg,104108551485.jpg
104107563575.jpg,104109103352.jpg,104109103352.jpg
104108958485.jpg,104108667134.jpg,104108667134.jpg
104108958485.jpg,104108977018.jpg,104108958485.jpg
104108458011.jpg,104108836631.jpg,104108458011.jpg
104108086956.jpg,104105980871.jpg,104105980871.jpg
104108486750.jpg,104108919133.jpg,104108919133.jpg
104108952273.jpg,104108423834.jpg,104108952273.jpg
104108739176.jpg,104108933035.jpg,104108933035.jpg
104107931630.jpg,104108105366.jpg,104108105366.jpg
104108471272.jpg,104108647249.jpg,104108471272.jpg
104108560046.jpg,104108849407.jpg,104108560046.jpg
104107858772.jpg,104106690875.jpg,104106690875.jpg
104107819138.jpg,104109042223.jpg,104107819138.jpg
104108299949.jpg,104108994336.jpg,104108994336.jpg
104108558803.jpg,104106852409.jpg,104108558803.jpg
104108942837.jpg,104108568354.jpg,104108568354.jpg
104108097533.jpg,104108295662.jpg,104108295662.jpg
104108839146.jpg,104106715943.jpg,104106715943.jpg
104109029831.jpg,104108544828.jpg,104108544828.jpg
104108799268.jpg,104108729176.jpg,104108729176.jpg
104108626167.jpg,104108079090.jpg,104108626167.jpg
104107340288.jpg,104108538409.jpg,104107340288.jpg
104108670376.jpg,104108479327.jpg,104108670376.jpg
104106837135.jpg,104108707624.jpg,104108707624.jpg
104108603773.jpg,104108079090.jpg,104108603773.jpg
104108341967.jpg,104108611766.jpg,104108341967.jpg
104108740569.jpg,104108424232.jpg,104108424232.jpg
104108839865.jpg,104109042223.jpg,104109042223.jpg
104108538306.jpg,104109071073.jpg,104108538306.jpg
104108883315.jpg,104108516063.jpg,104108883315.jpg
104108331521.jpg,104108877288.jpg,104108331521.jpg
104108995273.jpg,104108231125.jpg,104108231125.jpg
104108587526.jpg,104109071073.jpg,104109071073.jpg
104108538409.jpg,104106746366.jpg,104106746366.jpg
104109020493.jpg,104108858221.jpg,104109020493.jpg
104108630923.jpg,104108958236.jpg,104108958236.jpg
104109071073.jpg,104108538306.jpg,104108538306.jpg
104108929764.jpg,104108458011.jpg,104108929764.jpg
104108630923.jpg,104108125521.jpg,104108125521.jpg
104108745014.jpg,104108006544.jpg,104108745014.jpg
104108423834.jpg,104108958485.jpg,104108958485.jpg
104108125521.jpg,104108997771.jpg,104108125521.jpg
104108597661.jpg,104108894082.jpg,104108894082.jpg
104109008763.jpg,104108555767.jpg,104108555767.jpg
104106837135.jpg,104109057282.jpg,104109057282.jpg
104108888885.jpg,104108403161.jpg,104108888885.jpg
104108149725.jpg,104108739992.jpg,104108149725.jpg
104108905183.jpg,104109057282.jpg,104109057282.jpg
104108971431.jpg,104108281868.jpg,104108971431.jpg
104108558803.jpg,104108442047.jpg,104108558803.jpg
104108592506.jpg,104108455088.jpg,104108592506.jpg
104108913569.jpg,104108251388.jpg,104108913569.jpg
104107196040.jpg,104106715943.jpg,104106715943.jpg
104108810212.jpg,104109070181.jpg,104108810212.jpg
104108690599.jpg,104108812608.jpg,104108690599.jpg
104108988788.jpg,104108105366.jpg,104108105366.jpg
104109039511.jpg,104108896286.jpg,104109039511.jpg
104108925239.jpg,104108983415.jpg,104108925239.jpg
104108447874.jpg,104108551485.jpg,104108551485.jpg
104108504580.jpg,104108592506.jpg,104108504580.jpg
104107850200.jpg,104108820409.jpg,104108820409.jpg
104108995273.jpg,104108888653.jpg,104108888653.jpg
104108037471.jpg,104107850200.jpg,104108037471.jpg
104109057340.jpg,104108920656.jpg,104109057340.jpg
104108945282.jpg,104106802049.jpg,104106802049.jpg
104108447874.jpg,104108438364.jpg,104108438364.jpg
104108916291.jpg,104108642604.jpg,104108642604.jpg
104108646106.jpg,104109005505.jpg,104109005505.jpg
104107305834.jpg,104108438364.jpg,104108438364.jpg
104109005490.jpg,104108985619.jpg,104109005490.jpg
104108538306.jpg,104108648056.jpg,104108538306.jpg
104108984672.jpg,104108774096.jpg,104108984672.jpg
104108957038.jpg,104108971045.jpg,104108957038.jpg
104108929764.jpg,104107112373.jpg,104108929764.jpg
104108140332.jpg,104108045572.jpg,104108140332.jpg
104108967028.jpg,104108350295.jpg,104108967028.jpg
104108553448.jpg,104108678513.jpg,104108678513.jpg
104108379716.jpg,104108602176.jpg,104108602176.jpg
104109078999.jpg,104108820409.jpg,104108820409.jpg
104106750365.jpg,104109086516.jpg,104106750365.jpg
104109078999.jpg,104108688960.jpg,104109078999.jpg
104108972455.jpg,104108426319.jpg,104108972455.jpg
104108822531.jpg,104107239815.jpg,104107239815.jpg
104107479776.jpg,104108688960.jpg,104107479776.jpg
104108711163.jpg,104108595272.jpg,104108595272.jpg
104107238512.jpg,104108587526.jpg,104107238512.jpg
104108622319.jpg,104108142104.jpg,104108142104.jpg
104108508211.jpg,104108655852.jpg,104108508211.jpg
104108607496.jpg,104108746964.jpg,104108746964.jpg
104108987545.jpg,104108707005.jpg,104108707005.jpg
104109009682.jpg,104108877288.jpg,104109009682.jpg
104108853728.jpg,104108551485.jpg,104108551485.jpg
104108865747.jpg,104107525811.jpg,104108865747.jpg
104106894431.jpg,104107560265.jpg,104106894431.jpg
104108041370.jpg,104108987545.jpg,104108041370.jpg
104108568354.jpg,104108888986.jpg,104108568354.jpg
104109023688.jpg,104108874835.jpg,104108874835.jpg
104108378455.jpg,104108988188.jpg,104108988188.jpg
104108149725.jpg,104108707416.jpg,104108149725.jpg
104108790045.jpg,104108925730.jpg,104108790045.jpg
104108781507.jpg,104106057649.jpg,104106057649.jpg
104108745014.jpg,104108849407.jpg,104108745014.jpg
104109049053.jpg,104108888885.jpg,104109049053.jpg
104108670376.jpg,104108979500.jpg,104108670376.jpg
104108627229.jpg,104109033778.jpg,104108627229.jpg
104108457626.jpg,104108810212.jpg,104108457626.jpg
104109079480.jpg,104108970398.jpg,104108970398.jpg
104108613968.jpg,104108969952.jpg,104108613968.jpg
104108964392.jpg,104108999963.jpg,104108999963.jpg
104108337629.jpg,104106852409.jpg,104108337629.jpg
104106931220.jpg,104108298920.jpg,104108298920.jpg
104108443832.jpg,104108920656.jpg,104108920656.jpg
104108553448.jpg,104109051954.jpg,104109051954.jpg
104106852409.jpg,104108558803.jpg,104108558803.jpg
104108957038.jpg,104108648056.jpg,104108957038.jpg
104108136936.jpg,104108812608.jpg,104108136936.jpg
104108682136.jpg,104108726540.jpg,104108726540.jpg
104108375027.jpg,104108544828.jpg,104108544828.jpg
104107563575.jpg,104108976984.jpg,104108976984.jpg
104109079480.jpg,104108701046.jpg,104109079480.jpg
104108383685.jpg,104108350295.jpg,104108383685.jpg
104108048695.jpg,104108925730.jpg,104108925730.jpg
104108979815.jpg,104108479327.jpg,104108979815.jpg
104107196040.jpg,104106820573.jpg,104106820573.jpg
104108125521.jpg,104108729464.jpg,104108729464.jpg
104108839187.jpg,104108149725.jpg,104108839187.jpg
104107112373.jpg,104108979500.jpg,104107112373.jpg
104108920555.jpg,104109063442.jpg,104108920555.jpg
104108323626.jpg,104107057634.jpg,104107057634.jpg
104108653387.jpg,104108930083.jpg,104108653387.jpg
104108925730.jpg,104108125521.jpg,104108125521.jpg
104107239815.jpg,104108965923.jpg,104108965923.jpg
104108838791.jpg,104107350098.jpg,104108838791.jpg
104108940280.jpg,104107503214.jpg,104107503214.jpg
104109086516.jpg,104108769212.jpg,104109086516.jpg
104108760626.jpg,104108878064.jpg,104108760626.jpg
104108989954.jpg,104107550926.jpg,104107550926.jpg
104108337629.jpg,104108790045.jpg,104108790045.jpg
104107777564.jpg,104108769212.jpg,104107777564.jpg
104109033778.jpg,104108627229.jpg,104108627229.jpg
104108050876.jpg,104107096406.jpg,104107096406.jpg
104108790045.jpg,104107526523.jpg,104108790045.jpg
104108865747.jpg,104108648056.jpg,104108865747.jpg
104108963586.jpg,104108968431.jpg,104108963586.jpg
104108323626.jpg,104108583735.jpg,104108323626.jpg
104108537471.jpg,104107796270.jpg,104108537471.jpg
104108970189.jpg,104108385467.jpg,104108385467.jpg
104109033778.jpg,104108601667.jpg,104109033778.jpg
104108439840.jpg,104109078999.jpg,104109078999.jpg
104109039511.jpg,104108740569.jpg,104109039511.jpg
104108888986.jpg,104108729464.jpg,104108729464.jpg
104106729605.jpg,104107844041.jpg,104106729605.jpg
104108982061.jpg,104107196040.jpg,104107196040.jpg
104108950576.jpg,104108897301.jpg,104108950576.jpg
104108653387.jpg,104109034938.jpg,104108653387.jpg
104108933035.jpg,104108739176.jpg,104108933035.jpg
104106709500.jpg,104108652136.jpg,104108652136.jpg
104108004256.jpg,104108945746.jpg,104108945746.jpg
104108097531.jpg,104108703120.jpg,104108097531.jpg
104108282347.jpg,104108987911.jpg,104108987911.jpg
104109053645.jpg,104108622246.jpg,104109053645.jpg
104109075036.jpg,104107181532.jpg,104109075036.jpg
104108919133.jpg,104107110878.jpg,104108919133.jpg
104109008763.jpg,104108509599.jpg,104108509599.jpg
104108048695.jpg,104109004950.jpg,104109004950.jpg
104109074652.jpg,104108622359.jpg,104108622359.jpg
104108373886.jpg,104107844041.jpg,104108373886.jpg
104106057649.jpg,104107455173.jpg,104106057649.jpg
104108931542.jpg,104109022874.jpg,104109022874.jpg
104108465606.jpg,104107777564.jpg,104107777564.jpg
104108378455.jpg,104104481434.jpg,104104481434.jpg
104108986978.jpg,104108979500.jpg,104108986978.jpg
104104481434.jpg,104108979815.jpg,104108979815.jpg
104108958236.jpg,104108295496.jpg,104108295496.jpg
104108423834.jpg,104108958485.jpg,104108958485.jpg
104108251388.jpg,104108006544.jpg,104108006544.jpg
104108883315.jpg,104108424195.jpg,104108883315.jpg
104109023688.jpg,104108647249.jpg,104109023688.jpg
104108999963.jpg,104108593196.jpg,104108999963.jpg
104108992130.jpg,104108455579.jpg,104108455579.jpg
104108920377.jpg,104108929764.jpg,104108929764.jpg
104108538409.jpg,104108947440.jpg,104108538409.jpg
104108558415.jpg,104108620360.jpg,104108558415.jpg
104109039511.jpg,104107144403.jpg,104109039511.jpg
104108804256.jpg,104108888653.jpg,104108888653.jpg
104108981612.jpg,104108907676.jpg,104108981612.jpg
104108558415.jpg,104108198082.jpg,104108558415.jpg
104108729464.jpg,104108888986.jpg,104108729464.jpg
104108443832.jpg,104107552461.jpg,104107552461.jpg
104108973712.jpg,104108926443.jpg,104108926443.jpg
104108447874.jpg,104107540001.jpg,104107540001.jpg
104109011054.jpg,104108860715.jpg,104108860715.jpg
104108969697.jpg,104108626167.jpg,104108626167.jpg
104108592506.jpg,104108504580.jpg,104108504580.jpg
104108566263.jpg,104108623685.jpg,104108566263.jpg
104108958236.jpg,104107408279.jpg,104107408279.jpg
104109081519.jpg,104108602176.jpg,104108602176.jpg
104109014683.jpg,104108402765.jpg,104109014683.jpg
104107566104.jpg,104108984672.jpg,104107566104.jpg
104108896286.jpg,104107850200.jpg,104108896286.jpg
104108623685.jpg,104106729605.jpg,104106729605.jpg
104108447874.jpg,104108584673.jpg,104108447874.jpg
104108859766.jpg,104108989954.jpg,104108859766.jpg
104108952273.jpg,104108732600.jpg,104108952273.jpg
104108965923.jpg,104108730392.jpg,104108730392.jpg
104108987545.jpg,104108272389.jpg,104108272389.jpg
104108989567.jpg,104108037471.jpg,104108989567.jpg
104107252612.jpg,104108945282.jpg,104107252612.jpg
104108725465.jpg,104108630890.jpg,104108630890.jpg
104109011775.jpg,104108558415.jpg,104108558415.jpg
104108827215.jpg,104108471272.jpg,104108471272.jpg
104108688960.jpg,104108931680.jpg,104108931680.jpg
104108883315.jpg,104107524436.jpg,104108883315.jpg
104108926443.jpg,104108973712.jpg,104108926443.jpg
104108957038.jpg,104109079480.jpg,104108957038.jpg
104108952273.jpg,104108732600.jpg,104108952273.jpg
104108690599.jpg,104108458011.jpg,104108690599.jpg
104108746964.jpg,104109048481.jpg,104108746964.jpg
104108789981.jpg,104108374459.jpg,104108789981.jpg
104109011775.jpg,104108984172.jpg,104108984172.jpg
104108383685.jpg,104108969697.jpg,104108383685.jpg
104109022874.jpg,104107560265.jpg,104109022874.jpg
104108964392.jpg,104108999963.jpg,104108999963.jpg
104109028923.jpg,104107777564.jpg,104107777564.jpg
104108967028.jpg,104106881654.jpg,104106881654.jpg
104108302429.jpg,104107836185.jpg,104107836185.jpg
104108718686.jpg,104109052464.jpg,104109052464.jpg
104108622201.jpg,104108653387.jpg,104108653387.jpg
104106756808.jpg,104108438364.jpg,104108438364.jpg
104108331324.jpg,104107305834.jpg,104108331324.jpg
104107671918.jpg,104108125521.jpg,104108125521.jpg
104108432307.jpg,104108800692.jpg,104108432307.jpg
104108690599.jpg,104106709500.jpg,104108690599.jpg
104106936543.jpg,104108626167.jpg,104106936543.jpg
104108973712.jpg,104108850287.jpg,104108973712.jpg
104108342587.jpg,104107239815.jpg,104108342587.jpg
104108707624.jpg,104108739992.jpg,104108707624.jpg
104109027205.jpg,104108375027.jpg,104108375027.jpg
104108834683.jpg,104108740569.jpg,104108834683.jpg
104109086516.jpg,104108789981.jpg,104108789981.jpg
104108097531.jpg,104108603862.jpg,104108603862.jpg
104108745962.jpg,104108603773.jpg,104108603773.jpg
104108475014.jpg,104108486750.jpg,104108475014.jpg
104108593196.jpg,104107057634.jpg,104107057634.jpg
104108804256.jpg,104108458011.jpg,104108804256.jpg
104107239815.jpg,104108790088.jpg,104107239815.jpg
104108989567.jpg,104108037471.jpg,104108989567.jpg
104109014683.jpg,104108963586.jpg,104109014683.jpg
104107239815.jpg,104108820453.jpg,104108820453.jpg
104108688960.jpg,104107479776.jpg,104107479776.jpg
104109044506.jpg,104108913569.jpg,104108913569.jpg
104108992130.jpg,104108931680.jpg,104108931680.jpg
104108745014.jpg,104108910520.jpg,104108745014.jpg
104109011775.jpg,104108984172.jpg,104108984172.jpg
104108378455.jpg,104108988188.jpg,104108988188.jpg
104108086956.jpg,104108990768.jpg,104108990768.jpg
104108739992.jpg,104108707624.jpg,104108707624.jpg
104108754062.jpg,104106746366.jpg,104106746366.jpg
104108509599.jpg,104109008763.jpg,104108509599.jpg
104108745648.jpg,104108603862.jpg,104108745648.jpg
104107796270.jpg,104108259525.jpg,104107796270.jpg
104108551485.jpg,104108853728.jpg,104108551485.jpg
104106729605.jpg,104108788617.jpg,104108788617.jpg
104108285616.jpg,104108798362.jpg,104108798362.jpg
104108945282.jpg,104108926551.jpg,104108926551.jpg
104108826085.jpg,104108963586.jpg,104108826085.jpg
104107796270.jpg,104109048481.jpg,104107796270.jpg
104108913569.jpg,104109070181.jpg,104108913569.jpg
104108913569.jpg,104108730392.jpg,104108730392.jpg
104108045572.jpg,104108595636.jpg,104108595636.jpg
104108607496.jpg,104108313767.jpg,104108607496.jpg
104105588631.jpg,104107524436.jpg,104107524436.jpg
104108794974.jpg,104108783257.jpg,104108783257.jpg
104108125521.jpg,104108799848.jpg,104108125521.jpg
104108566263.jpg,104107512304.jpg,104107512304.jpg
104108971431.jpg,104108745648.jpg,104108971431.jpg
104108983415.jpg,104108925239.jpg,104108925239.jpg
104108295496.jpg,104108919133.jpg,104108919133.jpg
104108652136.jpg,104107156101.jpg,104108652136.jpg
104108964030.jpg,104109086516.jpg,104109086516.jpg
104108993069.jpg,104108850287.jpg,104108993069.jpg
104108509884.jpg,104108558415.jpg,104108558415.jpg
104109029831.jpg,104108622319.jpg,104108622319.jpg
104108525589.jpg,104108935073.jpg,104108525589.jpg
104109007141.jpg,104108799848.jpg,104108799848.jpg
104108253740.jpg,104108881377.jpg,104108881377.jpg
104108996622.jpg,104108952273.jpg,104108952273.jpg
104108866643.jpg,104108888885.jpg,104108888885.jpg
104108879762.jpg,104108926551.jpg,104108879762.jpg
104108689696.jpg,104108444505.jpg,104108444505.jpg
104108919133.jpg,104108486750.jpg,104108919133.jpg
104109048481.jpg,104108613968.jpg,104108613968.jpg
104106729605.jpg,104107350098.jpg,104107350098.jpg
104108542880.jpg,104108198082.jpg,104108542880.jpg
104108642604.jpg,104108916291.jpg,104108642604.jpg
104108525589.jpg,104108935073.jpg,104108525589.jpg
104108913569.jpg,104108820409.jpg,104108913569.jpg
104108773563.jpg,104108552929.jpg,104108773563.jpg
104108282347.jpg,104108538306.jpg,104108538306.jpg
104108746964.jpg,104108760626.jpg,104108746964.jpg
104108896286.jpg,104108041370.jpg,104108896286.jpg
104107196040.jpg,104107858772.jpg,104107196040.jpg
104107560265.jpg,104108987911.jpg,104108987911.jpg
104108041370.jpg,104108896286.jpg,104108896286.jpg
104108988788.jpg,104108329417.jpg,104108329417.jpg
104108508211.jpg,104108576174.jpg,104108508211.jpg
104108866981.jpg,104108462484.jpg,104108462484.jpg
104108856552.jpg,104109052464.jpg,104108856552.jpg
104108874835.jpg,104107289175.jpg,104108874835.jpg
104108958236.jpg,104108555767.jpg,104108555767.jpg
104108574933.jpg,104108757423.jpg,104108574933.jpg
104108285616.jpg,104108798362.jpg,104108798362.jpg
104108775417.jpg,104108773563.jpg,104108773563.jpg
104108876134.jpg,104108870597.jpg,104108870597.jpg
104108598402.jpg,104108799848.jpg,104108799848.jpg
104108592506.jpg,104108688960.jpg,104108592506.jpg
104108544266.jpg,104106820573.jpg,104106820573.jpg
104108703120.jpg,104108874835.jpg,104108874835.jpg
104108984172.jpg,104109011775.jpg,104108984172.jpg
104108865747.jpg,104109022874.jpg,104108865747.jpg
104107836185.jpg,104108790088.jpg,104107836185.jpg
104106820573.jpg,104108544266.jpg,104106820573.jpg
104107238512.jpg,104108595636.jpg,104108595636.jpg
104106936543.jpg,104109017528.jpg,104109017528.jpg
104107350098.jpg,104108985619.jpg,104107350098.jpg
104108678419.jpg,104108471272.jpg,104108678419.jpg
104108444505.jpg,104108689696.jpg,104108444505.jpg
104107090377.jpg,104107560265.jpg,104107090377.jpg
104108945746.jpg,104109010635.jpg,104109010635.jpg
104108793880.jpg,104107552461.jpg,104108793880.jpg
104106852409.jpg,104106734438.jpg,104106852409.jpg
104108812334.jpg,104108097531.jpg,104108812334.jpg
104108552929.jpg,104108866643.jpg,104108866643.jpg
104108598402.jpg,104108982584.jpg,104108982584.jpg
104107408279.jpg,104108603862.jpg,104107408279.jpg
104108950576.jpg,104108758944.jpg,104108758944.jpg
104108929764.jpg,104108707962.jpg,104108929764.jpg
104106813033.jpg,104108006544.jpg,104106813033.jpg
104108829152.jpg,104108726540.jpg,104108829152.jpg
104108257061.jpg,104108615890.jpg,104108615890.jpg
104108820453.jpg,104107563575.jpg,104108820453.jpg
104109005505.jpg,104107479776.jpg,104109005505.jpg
104108125521.jpg,104108788617.jpg,104108788617.jpg
104108050876.jpg,104107566104.jpg,104107566104.jpg
104108969697.jpg,104108626167.jpg,104108626167.jpg
104108757423.jpg,104108574933.jpg,104108574933.jpg
104108979500.jpg,104108856552.jpg,104108856552.jpg
104108774361.jpg,104108649028.jpg,104108774361.jpg
104108678419.jpg,104108757604.jpg,104108678419.jpg
104108969697.jpg,104108383685.jpg,104108383685.jpg
104108198082.jpg,104107795179.jpg,104108198082.jpg
104108595272.jpg,104108576174.jpg,104108595272.jpg
104107796270.jpg,104108788928.jpg,104107796270.jpg
104106945388.jpg,104107258151.jpg,104106945388.jpg
104107110878.jpg,104108815872.jpg,104107110878.jpg
104109053645.jpg,104107844041.jpg,104109053645.jpg
104107503214.jpg,104108537471.jpg,104108537471.jpg
104108331521.jpg,104108374459.jpg,104108331521.jpg
104108542880.jpg,104108198082.jpg,104108542880.jpg
104107836185.jpg,104108601667.jpg,104107836185.jpg
104108758944.jpg,104108317853.jpg,104108758944.jpg
104108897301.jpg,104108950576.jpg,104108950576.jpg
104108992130.jpg,104107096406.jpg,104107096406.jpg
104107408279.jpg,104108592506.jpg,104107408279.jpg
104108482233.jpg,104108920377.jpg,104108482233.jpg
104108970398.jpg,104109079480.jpg,104108970398.jpg
104108984672.jpg,104108827215.jpg,104108984672.jpg
104108432307.jpg,104108883315.jpg,104108883315.jpg
104106837135.jpg,104108829152.jpg,104108829152.jpg
104108906517.jpg,104107796270.jpg,104108906517.jpg
104108979500.jpg,104108933415.jpg,104108933415.jpg
104108788617.jpg,104108609843.jpg,104108788617.jpg
104108822531.jpg,104108971045.jpg,104108971045.jpg
104108272389.jpg,104108438364.jpg,104108272389.jpg
104108479327.jpg,104108678513.jpg,104108678513.jpg
104108866981.jpg,104108879762.jpg,104108879762.jpg
104108987911.jpg,104108282347.jpg,104108987911.jpg
104108729176.jpg,104108678513.jpg,104108729176.jpg
104108709585.jpg,104108957038.jpg,104108957038.jpg
104108140332.jpg,104108826085.jpg,104108826085.jpg
104107057634.jpg,104108323626.jpg,104107057634.jpg
104108789981.jpg,104108804256.jpg,104108789981.jpg
104109042223.jpg,104109072715.jpg,104109042223.jpg
104108678513.jpg,104108560046.jpg,104108560046.jpg
104108455579.jpg,104107305834.jpg,104108455579.jpg
104108037471.jpg,104108858221.jpg,104108037471.jpg
104108800692.jpg,104108584673.jpg,104108584673.jpg
104108896286.jpg,104109053645.jpg,104109053645.jpg
104108438364.jpg,104106756808.jpg,104108438364.jpg
104108584673.jpg,104108640643.jpg,104108640643.jpg
104107252612.jpg,104108458011.jpg,104107252612.jpg
104108655852.jpg,104108508211.jpg,104108508211.jpg
104108869071.jpg,104108509599.jpg,104108869071.jpg
104108597661.jpg,104108707416.jpg,104108597661.jpg
104108940280.jpg,104108983415.jpg,104108983415.jpg
104108783945.jpg,104108225562.jpg,104108783945.jpg
104108219831.jpg,104109028923.jpg,104109028923.jpg
104108402765.jpg,104108979500.jpg,104108402765.jpg
104109016876.jpg,104107340288.jpg,104107340288.jpg
104106813033.jpg,104108050876.jpg,104106813033.jpg
104108642604.jpg,104108916291.jpg,104108642604.jpg
104108648056.jpg,104108865747.jpg,104108865747.jpg
104108620360.jpg,104108423834.jpg,104108620360.jpg
104108707416.jpg,104107973752.jpg,104107973752.jpg
104106690875.jpg,104108976984.jpg,104106690875.jpg
104108839146.jpg,104108457626.jpg,104108457626.jpg
104108754062.jpg,104109016876.jpg,104109016876.jpg
104108931680.jpg,104108907676.jpg,104108931680.jpg
104108455088.jpg,104107858772.jpg,104108455088.jpg
104108757604.jpg,104109072715.jpg,104108757604.jpg
104108967028.jpg,104108973712.jpg,104108967028.jpg
104109042223.jpg,104107250587.jpg,104107250587.jpg
104108707624.jpg,104108048695.jpg,104108707624.jpg
104108426589.jpg,104108839187.jpg,104108839187.jpg
104109057340.jpg,104108658172.jpg,104108658172.jpg
104107239815.jpg,104108820453.jpg,104108820453.jpg
104108914376.jpg,104108711163.jpg,104108711163.jpg
104108950576.jpg,104108971431.jpg,104108971431.jpg
104108860715.jpg,104106837135.jpg,104108860715.jpg
104108097531.jpg,104108688960.jpg,104108097531.jpg
104108317853.jpg,104109010293.jpg,104109010293.jpg
104108678419.jpg,104107479776.jpg,104108678419.jpg
104108745885.jpg,104108829152.jpg,104108829152.jpg
104108827215.jpg,104108752262.jpg,104108752262.jpg
104108729176.jpg,104109053645.jpg,104108729176.jpg
104108601667.jpg,104109081519.jpg,104109081519.jpg
104108987911.jpg,104106715634.jpg,104108987911.jpg
104108986978.jpg,104108219831.jpg,104108986978.jpg
104108933035.jpg,104107144403.jpg,104108933035.jpg
104108299949.jpg,104108994336.jpg,104108994336.jpg
104108136936.jpg,104108839187.jpg,104108839187.jpg
104108754062.jpg,104108781507.jpg,104108754062.jpg
104108769212.jpg,104108839865.jpg,104108769212.jpg
104108630923.jpg,104108695903.jpg,104108695903.jpg
104107850200.jpg,104108774096.jpg,104107850200.jpg
104106802049.jpg,104108947440.jpg,104106802049.jpg
104108455579.jpg,104108992130.jpg,104108455579.jpg
104108648056.jpg,104108583735.jpg,104108648056.jpg
104108482433.jpg,104107526523.jpg,104108482433.jpg
104107184967.jpg,104108231125.jpg,104108231125.jpg
104108804256.jpg,104108602675.jpg,104108804256.jpg
104108788617.jpg,104108929350.jpg,104108788617.jpg
104108860715.jpg,104106057649.jpg,104106057649.jpg
104108603773.jpg,104108745962.jpg,104108603773.jpg
104109033778.jpg,104108627229.jpg,104108627229.jpg
104108455088.jpg,104107305834.jpg,104107305834.jpg
104108482433.jpg,104107795179.jpg,104108482433.jpg
104109034938.jpg,104107455173.jpg,104107455173.jpg
104108086956.jpg,104108601239.jpg,104108601239.jpg
104106734438.jpg,104106852409.jpg,104106852409.jpg
104108313767.jpg,104108622246.jpg,104108313767.jpg
104107503214.jpg,104108537471.jpg,104108537471.jpg
104109039511.jpg,104108795931.jpg,104109039511.jpg
104108612795.jpg,104108630312.jpg,104108630312.jpg
104108678513.jpg,104108729176.jpg,104108729176.jpg
104108739176.jpg,104108296291.jpg,104108296291.jpg
104108795931.jpg,104108983415.jpg,104108983415.jpg
104108646106.jpg,104108729738.jpg,104108646106.jpg
104108876134.jpg,104108958485.jpg,104108876134.jpg
104109020493.jpg,104108858221.jpg,104109020493.jpg
104108601667.jpg,104108709585.jpg,104108709585.jpg
104106931220.jpg,104108839865.jpg,104106931220.jpg
104106931220.jpg,104107455173.jpg,104107455173.jpg
104107525811.jpg,104108045572.jpg,104107525811.jpg
104108982584.jpg,104108930083.jpg,104108930083.jpg
104108125521.jpg,104108799848.jpg,104108125521.jpg
104108785710.jpg,104107445277.jpg,104107445277.jpg
104107552461.jpg,104107427714.jpg,104107427714.jpg
104108799848.jpg,104108707962.jpg,104108707962.jpg
104107403238.jpg,104107722079.jpg,104107403238.jpg
104107277214.jpg,104106750365.jpg,104106750365.jpg
104108774361.jpg,104108424232.jpg,104108774361.jpg
104109072715.jpg,104108757604.jpg,104108757604.jpg
104108760626.jpg,104108931542.jpg,104108760626.jpg
104108896286.jpg,104108984172.jpg,104108984172.jpg
104108965923.jpg,104109071073.jpg,104108965923.jpg
104108739992.jpg,104108914376.jpg,104108914376.jpg
104107252612.jpg,104108790088.jpg,104107252612.jpg
104108865747.jpg,104108561221.jpg,104108865747.jpg
104108952273.jpg,104108945746.jpg,104108952273.jpg
104108997771.jpg,104108462484.jpg,104108462484.jpg
104108888986.jpg,104108568354.jpg,104108568354.jpg
104108827215.jpg,104108584673.jpg,104108584673.jpg
104108883315.jpg,104108799848.jpg,104108883315.jpg
104108772466.jpg,104108630923.jpg,104108772466.jpg
104108820409.jpg,104107850200.jpg,104108820409.jpg
104108739992.jpg,104108149725.jpg,104108149725.jpg
104109027205.jpg,104108926551.jpg,104108926551.jpg
104106750365.jpg,104108777350.jpg,104106750365.jpg
104107001320.jpg,104108804256.jpg,104107001320.jpg
104108331521.jpg,104108877288.jpg,104108331521.jpg
104109052464.jpg,104108856552.jpg,104108856552.jpg
104108048695.jpg,104106756808.jpg,104106756808.jpg
104108097533.jpg,104108424749.jpg,104108097533.jpg
104108253740.jpg,104108967028.jpg,104108967028.jpg
104108888653.jpg,104109029831.jpg,104108888653.jpg
104107427714.jpg,104108984672.jpg,104107427714.jpg
104108341967.jpg,104109086516.jpg,104108341967.jpg
104108979815.jpg,104108976984.jpg,104108979815.jpg
104108695903.jpg,104108757604.jpg,104108695903.jpg
104108812608.jpg,104108743726.jpg,104108743726.jpg
104108140332.jpg,104108987545.jpg,104108140332.jpg
104108969697.jpg,104109008763.jpg,104108969697.jpg
104108877288.jpg,104108331521.jpg,104108331521.jpg
104107083244.jpg,104108876134.jpg,104108876134.jpg
104108994336.jpg,104108856628.jpg,104108994336.jpg
104108804256.jpg,104108881377.jpg,104108881377.jpg
104108350295.jpg,104109014683.jpg,104109014683.jpg
104108987545.jpg,104108140332.jpg,104108140332.jpg
104108812608.jpg,104108690599.jpg,104108690599.jpg
104108952273.jpg,104108996622.jpg,104108952273.jpg
104108281868.jpg,104108822531.jpg,104108281868.jpg
104108486184.jpg,104108940280.jpg,104108486184.jpg
104108482233.jpg,104107096406.jpg,104107096406.jpg
104108558415.jpg,104108757604.jpg,104108558415.jpg
104107057634.jpg,104108257061.jpg,104107057634.jpg
104108424195.jpg,104108670376.jpg,104108424195.jpg
104107973752.jpg,104108045572.jpg,104107973752.jpg
104108299949.jpg,104107671918.jpg,104108299949.jpg
104108568354.jpg,104108874835.jpg,104108568354.jpg
104108814105.jpg,104109046484.jpg,104109046484.jpg
104108925730.jpg,104108790088.jpg,104108925730.jpg
104109048481.jpg,104107796270.jpg,104107796270.jpg
104108729738.jpg,104108373886.jpg,104108373886.jpg
104108050876.jpg,104108647249.jpg,104108647249.jpg
104108602675.jpg,104108858221.jpg,104108858221.jpg
104108620360.jpg,104108854371.jpg,104108854371.jpg
104108079090.jpg,104108626167.jpg,104108626167.jpg
104108595636.jpg,104108587526.jpg,104108595636.jpg
104109051954.jpg,104108587526.jpg,104109051954.jpg
104109103352.jpg,104108542880.jpg,104108542880.jpg
104108746964.jpg,104108607496.jpg,104108746964.jpg
104108820453.jpg,104108701046.jpg,104108820453.jpg
104109049053.jpg,104108050876.jpg,104109049053.jpg
104108812608.jpg,104107973752.jpg,104107973752.jpg
104108640643.jpg,104108746166.jpg,104108640643.jpg
104108913569.jpg,104109044506.jpg,104108913569.jpg
104108993069.jpg,104107340288.jpg,104107340288.jpg
104107503214.jpg,104105588631.jpg,104107503214.jpg
104108990768.jpg,104108299949.jpg,104108299949.jpg
104108729176.jpg,104108313767.jpg,104108729176.jpg
104108881377.jpg,104109034938.jpg,104108881377.jpg
104108542880.jpg,104108827215.jpg,104108542880.jpg
104108640643.jpg,104108988188.jpg,104108640643.jpg
104108622319.jpg,104107985531.jpg,104108622319.jpg
104108439840.jpg,104107185014.jpg,104107185014.jpg
104108296291.jpg,104108987911.jpg,104108296291.jpg
104108560046.jpg,104108849407.jpg,104108560046.jpg
104108140332.jpg,104108615890.jpg,104108615890.jpg
104108952273.jpg,104108996622.jpg,104108952273.jpg
104108804256.jpg,104108907676.jpg,104108804256.jpg
104108627229.jpg,104108364492.jpg,104108627229.jpg
104108730392.jpg,104108615890.jpg,104108730392.jpg
104108942837.jpg,104108752262.jpg,104108752262.jpg
104108986978.jpg,104109075036.jpg,104109075036.jpg
104108857740.jpg,104106690875.jpg,104106690875.jpg
104109009682.jpg,104108611766.jpg,104109009682.jpg
104109046484.jpg,104108884118.jpg,104108884118.jpg
104109027205.jpg,104108653387.jpg,104108653387.jpg
104108876134.jpg,104108958485.jpg,104108876134.jpg
104107252612.jpg,104108718686.jpg,104107252612.jpg
104108940280.jpg,104108929350.jpg,104108929350.jpg
104107973752.jpg,104108707416.jpg,104107973752.jpg
104108883315.jpg,104107573578.jpg,104108883315.jpg
104108820409.jpg,104108544828.jpg,104108544828.jpg
104108603773.jpg,104106813033.jpg,104106813033.jpg
104108602176.jpg,104109063442.jpg,104108602176.jpg
104108282347.jpg,104108622246.jpg,104108282347.jpg
104108219831.jpg,104108986978.jpg,104108986978.jpg
104108610169.jpg,104108982061.jpg,104108610169.jpg
104105683403.jpg,104107560265.jpg,104105683403.jpg
104108865747.jpg,104109022874.jpg,104108865747.jpg
104108920377.jpg,104109005505.jpg,104109005505.jpg
104108593196.jpg,104108930083.jpg,104108930083.jpg
104108105366.jpg,104108988788.jpg,104108105366.jpg
104107819138.jpg,104108004071.jpg,104108004071.jpg
104108985360.jpg,104106802049.jpg,104106802049.jpg
104108772466.jpg,104108857740.jpg,104108772466.jpg
104108458011.jpg,104109052464.jpg,104109052464.jpg
104108881377.jpg,104105588631.jpg,104108881377.jpg
104108859766.jpg,104108845850.jpg,104108859766.jpg
104108655852.jpg,104108795931.jpg,104108795931.jpg
104108612795.jpg,104109009682.jpg,104109009682.jpg
104109044506.jpg,104108482433.jpg,104109044506.jpg
104108587526.jpg,104108374459.jpg,104108587526.jpg
104108538409.jpg,104108079090.jpg,104108538409.jpg
104108985619.jpg,104108443832.jpg,104108985619.jpg
104107350098.jpg,104108544828.jpg,104108544828.jpg
104108622319.jpg,104107844041.jpg,104108622319.jpg
104106852409.jpg,104107795179.jpg,104106852409.jpg
104107524436.jpg,104107512304.jpg,104107512304.jpg
104108198082.jpg,104107671918.jpg,104107671918.jpg
104108272389.jpg,104108610169.jpg,104108272389.jpg
104107156101.jpg,104108711163.jpg,104108711163.jpg
104108471272.jpg,104108482233.jpg,104108471272.jpg
104108964392.jpg,104108888653.jpg,104108888653.jpg
104108648056.jpg,104108538306.jpg,104108538306.jpg
104106690875.jpg,104107858772.jpg,104106690875.jpg
104108845850.jpg,104108979500.jpg,104108845850.jpg
104108391504.jpg,104108460439.jpg,104108460439.jpg
104108610169.jpg,104108690599.jpg,104108690599.jpg
104108364492.jpg,104108739176.jpg,104108364492.jpg
104108917829.jpg,104108302429.jpg,104108917829.jpg
104108729464.jpg,104108910520.jpg,104108729464.jpg
104109005490.jpg,104108977018.jpg,104109005490.jpg
104108342587.jpg,104108646106.jpg,104108342587.jpg
104108969697.jpg,104108725465.jpg,104108969697.jpg
104108006544.jpg,104108251388.jpg,104108006544.jpg
104108711163.jpg,104108410829.jpg,104108711163.jpg
104109010293.jpg,104108981612.jpg,104109010293.jpg
104108856552.jpg,104109052464.jpg,104108856552.jpg
104109010635.jpg,104108933415.jpg,104109010635.jpg
104108296291.jpg,104108424749.jpg,104108296291.jpg
104108593196.jpg,104108999963.jpg,104108999963.jpg
104108006544.jpg,104106820573.jpg,104106820573.jpg
104108745014.jpg,104108888653.jpg,104108745014.jpg
104108853728.jpg,104108870597.jpg,104108870597.jpg
104108814105.jpg,104108888653.jpg,104108888653.jpg
104108457626.jpg,104107524436.jpg,104108457626.jpg
104106931220.jpg,104108531872.jpg,104108531872.jpg
104108313767.jpg,104108888885.jpg,104108888885.jpg
104108560046.jpg,104107722079.jpg,104108560046.jpg
104108378455.jpg,104108988188.jpg,104108988188.jpg
104108795931.jpg,104108504580.jpg,104108504580.jpg
104108323626.jpg,104108566263.jpg,104108566263.jpg
104107185014.jpg,104108439840.jpg,104107185014.jpg
104108804256.jpg,104107001320.jpg,104107001320.jpg
104108410829.jpg,104108711163.jpg,104108711163.jpg
104108374459.jpg,104108753924.jpg,104108374459.jpg
104108041370.jpg,104108896286.jpg,104108896286.jpg
104109023688.jpg,104108874835.jpg,104108874835.jpg
104108373886.jpg,104107250587.jpg,104108373886.jpg
104108653387.jpg,104108402765.jpg,104108653387.jpg
104108839865.jpg,104108729176.jpg,104108729176.jpg
104108856552.jpg,104108979500.jpg,104108856552.jpg
104108537471.jpg,104108952273.jpg,104108537471.jpg
104108482233.jpg,104107096406.jpg,104107096406.jpg
104108620360.jpg,104108508211.jpg,104108508211.jpg
104108378455.jpg,104104481434.jpg,104104481434.jpg
104108707005.jpg,104108935073.jpg,104108707005.jpg
104106945388.jpg,104108630923.jpg,104106945388.jpg
104108607496.jpg,104108611766.jpg,104108607496.jpg
104108812608.jpg,104109020493.jpg,104109020493.jpg
104108745962.jpg,104108729464.jpg,104108729464.jpg
104108788928.jpg,104108754062.jpg,104108788928.jpg
104108953674.jpg,104108790045.jpg,104108790045.jpg
104108725465.jpg,104108969697.jpg,104108969697.jpg
104107890258.jpg,104108781507.jpg,104108781507.jpg
104107455173.jpg,104108849407.jpg,104107455173.jpg
104108820453.jpg,104107239815.jpg,104108820453.jpg
104109070181.jpg,104108662703.jpg,104108662703.jpg
104109017528.jpg,104108979815.jpg,104109017528.jpg
104108791651.jpg,104108999963.jpg,104108791651.jpg
104108041370.jpg,104106881654.jpg,104106881654.jpg
104106852409.jpg,104106734438.jpg,104106852409.jpg
104108888885.jpg,104108743726.jpg,104108888885.jpg
104108815872.jpg,104108940280.jpg,104108940280.jpg
104108785710.jpg,104108930083.jpg,104108930083.jpg
104108746964.jpg,104108860715.jpg,104108746964.jpg
104107560265.jpg,104108935073.jpg,104108935073.jpg
104108350295.jpg,104109063442.jpg,104108350295.jpg
104108987911.jpg,104106715634.jpg,104108987911.jpg
104107858772.jpg,104108455088.jpg,104108455088.jpg
104108610169.jpg,104106715943.jpg,104106715943.jpg
104107503214.jpg,104108774096.jpg,104107503214.jpg
104108403161.jpg,104108996622.jpg,104108996622.jpg
104108988188.jpg,104108378455.jpg,104108988188.jpg
104108574933.jpg,104108613968.jpg,104108613968.jpg
104108566263.jpg,104108225562.jpg,104108566263.jpg
104108754062.jpg,104109057340.jpg,104108754062.jpg
104107252612.jpg,104108988788.jpg,104107252612.jpg
104108815872.jpg,104108907676.jpg,104108907676.jpg
104108869071.jpg,104108383685.jpg,104108869071.jpg
104105588631.jpg,104108140332.jpg,104108140332.jpg
104108281868.jpg,104108971431.jpg,104108971431.jpg
104108958555.jpg,104108730392.jpg,104108730392.jpg
104109034938.jpg,104108653387.jpg,104108653387.jpg
104108788928.jpg,104107796270.jpg,104107796270.jpg
104108929764.jpg,104108745648.jpg,104108929764.jpg
104108983415.jpg,104108814105.jpg,104108983415.jpg
104108920555.jpg,104108219831.jpg,104108920555.jpg
104109075036.jpg,104107985531.jpg,104109075036.jpg
104108764295.jpg,104106750365.jpg,104106750365.jpg
104106837135.jpg,104108829152.jpg,104108829152.jpg
104107973752.jpg,104108707416.jpg,104107973752.jpg
104109072715.jpg,104109014683.jpg,104109014683.jpg
104109010635.jpg,104108933415.jpg,104109010635.jpg
104109039511.jpg,104108795931.jpg,104109039511.jpg
104106734438.jpg,104107185014.jpg,104107185014.jpg
104109016876.jpg,104108754062.jpg,104109016876.jpg
104107258151.jpg,104108950576.jpg,104108950576.jpg
104108739992.jpg,104108443832.jpg,104108739992.jpg
104108745014.jpg,104108906517.jpg,104108745014.jpg
104108560046.jpg,104108678513.jpg,104108560046.jpg
104109007141.jpg,104108965923.jpg,104108965923.jpg
104109074652.jpg,104107110878.jpg,104109074652.jpg
104108888885.jpg,104108403161.jpg,104108888885.jpg
104108163803.jpg,104107250587.jpg,104107250587.jpg
104108457626.jpg,104108810212.jpg,104108457626.jpg
104108611766.jpg,104109009682.jpg,104109009682.jpg
104107305834.jpg,104108438364.jpg,104108438364.jpg
104108857740.jpg,104108997771.jpg,104108857740.jpg
104108958236.jpg,104107408279.jpg,104107408279.jpg
104108024282.jpg,104108958555.jpg,104108024282.jpg
104108839187.jpg,104108426589.jpg,104108839187.jpg
104108877288.jpg,104107238512.jpg,104108877288.jpg
104108707005.jpg,104108990768.jpg,104108707005.jpg
104107196040.jpg,104108849407.jpg,104107196040.jpg
104108976984.jpg,104106690875.jpg,104106690875.jpg
104108925730.jpg,104108790045.jpg,104108790045.jpg
104108622359.jpg,104109074652.jpg,104108622359.jpg
104108888986.jpg,104108777350.jpg,104108888986.jpg
104108919133.jpg,104108295496.jpg,104108919133.jpg
104109042223.jpg,104108307753.jpg,104108307753.jpg
104108869071.jpg,104108004071.jpg,104108004071.jpg
104108769212.jpg,104108969952.jpg,104108969952.jpg
104108620360.jpg,104108558415.jpg,104108558415.jpg
104107560265.jpg,104109022874.jpg,104109022874.jpg
104108933415.jpg,104108662703.jpg,104108933415.jpg
104108707962.jpg,104108799848.jpg,104108707962.jpg
104109023688.jpg,104108910520.jpg,104109023688.jpg
104108919133.jpg,104108231125.jpg,104108231125.jpg
104107408279.jpg,104109010635.jpg,104107408279.jpg
104108977018.jpg,104108769212.jpg,104108977018.jpg
104108251388.jpg,104108836631.jpg,104108251388.jpg
104109010293.jpg,104109052464.jpg,104109010293.jpg
104108442047.jpg,104108583735.jpg,104108442047.jpg
104108888653.jpg,104108814105.jpg,104108888653.jpg
104105588631.jpg,104108745648.jpg,104108745648.jpg
104109075036.jpg,104107181532.jpg,104109075036.jpg
104106709500.jpg,104108839146.jpg,104106709500.jpg
104108574933.jpg,104108613968.jpg,104108613968.jpg
104106057649.jpg,104108781507.jpg,104106057649.jpg
104109051954.jpg,104107566104.jpg,104109051954.jpg
104108439840.jpg,104108350295.jpg,104108439840.jpg
104108746964.jpg,104108972455.jpg,104108972455.jpg
104108920377.jpg,104108929764.jpg,104108929764.jpg
104108854371.jpg,104108620360.jpg,104108854371.jpg
104108800692.jpg,104108509884.jpg,104108800692.jpg
104108516063.jpg,104108525589.jpg,104108525589.jpg
104107777564.jpg,104108790045.jpg,104107777564.jpg
104107185014.jpg,104108439840.jpg,104107185014.jpg
104108910520.jpg,104109023688.jpg,104109023688.jpg
104108198082.jpg,104108307753.jpg,104108307753.jpg
104108933702.jpg,104107795179.jpg,104108933702.jpg
104108930083.jpg,104109034938.jpg,104108930083.jpg
104109038191.jpg,104108987545.jpg,104109038191.jpg
104108894082.jpg,104108853728.jpg,104108894082.jpg
104108374459.jpg,104108504580.jpg,104108504580.jpg
104108231125.jpg,104108995273.jpg,104108231125.jpg
104108542880.jpg,104109103352.jpg,104108542880.jpg
104108815872.jpg,104108906517.jpg,104108906517.jpg
104108884118.jpg,104109046484.jpg,104108884118.jpg
104108439840.jpg,104109078999.jpg,104109078999.jpg
104108281868.jpg,104108444505.jpg,104108281868.jpg
104108769212.jpg,104109086516.jpg,104109086516.jpg
104108163803.jpg,104108982061.jpg,104108163803.jpg
104108642604.jpg,104108788617.jpg,104108788617.jpg
104108989954.jpg,104108329417.jpg,104108329417.jpg
104108810212.jpg,104108622201.jpg,104108622201.jpg
104108963586.jpg,104109014683.jpg,104109014683.jpg
104108595272.jpg,104107836185.jpg,104108595272.jpg
104108990768.jpg,104108334861.jpg,104108334861.jpg
104108894082.jpg,104107289175.jpg,104108894082.jpg
104108105366.jpg,104108508211.jpg,104108508211.jpg
104107286515.jpg,104108997771.jpg,104107286515.jpg
104108630312.jpg,104106709500.jpg,104106709500.jpg
104108334861.jpg,104108482233.jpg,104108334861.jpg
104108552929.jpg,104108583839.jpg,104108583839.jpg
104108374459.jpg,104108331521.jpg,104108331521.jpg
104109063442.jpg,104108037471.jpg,104108037471.jpg
104107252612.jpg,104108925730.jpg,104107252612.jpg
104107573578.jpg,104108794974.jpg,104107573578.jpg
104108874835.jpg,104108219831.jpg,104108874835.jpg
104108774096.jpg,104108620360.jpg,104108620360.jpg
104108774096.jpg,104108652136.jpg,104108652136.jpg
104107083244.jpg,104108958555.jpg,104107083244.jpg
104108438364.jpg,104108374459.jpg,104108438364.jpg
104108732600.jpg,104108838791.jpg,104108838791.jpg
104108225562.jpg,104108734198.jpg,104108734198.jpg
104109016876.jpg,104108866643.jpg,104109016876.jpg
104107239815.jpg,104108822531.jpg,104107239815.jpg
104108646106.jpg,104108989954.jpg,104108989954.jpg
104106729605.jpg,104108460439.jpg,104108460439.jpg
104108004071.jpg,104108869071.jpg,104108004071.jpg
104108364492.jpg,104108231125.jpg,104108231125.jpg
104107524436.jpg,104105588631.jpg,104107524436.jpg
104107252612.jpg,104108790088.jpg,104107252612.jpg
104107305834.jpg,104108455579.jpg,104108455579.jpg
104108933702.jpg,104109004950.jpg,104109004950.jpg
104108743726.jpg,104107850200.jpg,104108743726.jpg
104108933035.jpg,104108739176.jpg,104108933035.jpg
104108780545.jpg,104108598402.jpg,104108598402.jpg
104108607496.jpg,104106837135.jpg,104108607496.jpg
104108373886.jpg,104107844041.jpg,104108373886.jpg
104108504580.jpg,104108795931.jpg,104108504580.jpg
104108296291.jpg,104107181532.jpg,104108296291.jpg
104107819138.jpg,104109042223.jpg,104107819138.jpg
104108272389.jpg,104108729738.jpg,104108272389.jpg
104108996622.jpg,104108595272.jpg,104108595272.jpg
104108970189.jpg,104108791651.jpg,104108791651.jpg
104108985619.jpg,104109005490.jpg,104109005490.jpg
104108917829.jpg,104106837135.jpg,104108917829.jpg
104108970398.jpg,104108914376.jpg,104108970398.jpg
104107403238.jpg,104109014683.jpg,104109014683.jpg
104108707962.jpg,104107408279.jpg,104107408279.jpg
104108726540.jpg,104108729738.jpg,104108726540.jpg
104109074652.jpg,104108957038.jpg,104108957038.jpg
104106881654.jpg,104108984672.jpg,104106881654.jpg
104108729464.jpg,104108323626.jpg,104108729464.jpg
104108630890.jpg,104108426589.jpg,104108630890.jpg
104108971431.jpg,104108281868.jpg,104108971431.jpg
104108302429.jpg,104108630312.jpg,104108630312.jpg
104108648056.jpg,104108957038.jpg,104108957038.jpg
104107445277.jpg,104107524436.jpg,104107445277.jpg
104108649028.jpg,104108097531.jpg,104108649028.jpg
104107455173.jpg,104108620360.jpg,104107455173.jpg
104109075036.jpg,104107277214.jpg,104109075036.jpg
104107252612.jpg,104108945282.jpg,104107252612.jpg
104108558803.jpg,104109049053.jpg,104108558803.jpg
104107238512.jpg,104108877288.jpg,104108877288.jpg
104108734198.jpg,104108225562.jpg,104108734198.jpg
104109048481.jpg,104108964392.jpg,104109048481.jpg
104107096406.jpg,104108603862.jpg,104107096406.jpg
104108793880.jpg,104108509599.jpg,104108793880.jpg
104108970189.jpg,104108105366.jpg,104108105366.jpg
104108455579.jpg,104109049053.jpg,104108455579.jpg
104108850287.jpg,104106715634.jpg,104106715634.jpg
104108983415.jpg,104108424232.jpg,104108424232.jpg
104108331324.jpg,104109090435.jpg,104108331324.jpg
104108576174.jpg,104109022874.jpg,104109022874.jpg
104108482233.jpg,104108655852.jpg,104108482233.jpg
104108820409.jpg,104108913569.jpg,104108913569.jpg
104108544828.jpg,104108375027.jpg,104108544828.jpg
104108630312.jpg,104108648056.jpg,104108630312.jpg
104108780545.jpg,104108598402.jpg,104108598402.jpg
104109048481.jpg,104107184967.jpg,104107184967.jpg
104108989954.jpg,104108859766.jpg,104108859766.jpg
104108839187.jpg,104108149725.jpg,104108839187.jpg
104108703120.jpg,104107931630.jpg,104107931630.jpg
104108695903.jpg,104108630923.jpg,104108695903.jpg
104108302429.jpg,104108969952.jpg,104108969952.jpg
104109074652.jpg,104108877288.jpg,104108877288.jpg
104108916291.jpg,104108504580.jpg,104108504580.jpg
104107083244.jpg,104108439840.jpg,104107083244.jpg
104108933702.jpg,104108259525.jpg,104108933702.jpg
104108745648.jpg,104109007141.jpg,104108745648.jpg
104107238512.jpg,104108383685.jpg,104107238512.jpg
104108598402.jpg,104108926443.jpg,104108926443.jpg
104107181532.jpg,104107156101.jpg,104107181532.jpg
104108857740.jpg,104108772466.jpg,104108772466.jpg
104108329417.jpg,104108988788.jpg,104108329417.jpg
104108983415.jpg,104108940280.jpg,104108983415.jpg
104109063442.jpg,104108486750.jpg,104108486750.jpg
104106057649.jpg,104108933415.jpg,104106057649.jpg
104108977018.jpg,104108444505.jpg,104108977018.jpg
104106746366.jpg,104109088490.jpg,104106746366.jpg
104108982584.jpg,104107707060.jpg,104107707060.jpg
104109074652.jpg,104108957038.jpg,104108957038.jpg
104109070181.jpg,104108337629.jpg,104108337629.jpg
104109011775.jpg,104108757423.jpg,104109011775.jpg
104106945388.jpg,104108707005.jpg,104106945388.jpg
104107844041.jpg,104108373886.jpg,104108373886.jpg
104108231125.jpg,104108883315.jpg,104108231125.jpg
104108810212.jpg,104108836631.jpg,104108810212.jpg
104108987545.jpg,104108906517.jpg,104108906517.jpg
104108630890.jpg,104107350098.jpg,104108630890.jpg
104108048695.jpg,104108689696.jpg,104108048695.jpg
104108695903.jpg,104107156101.jpg,104108695903.jpg
104108746964.jpg,104108079090.jpg,104108746964.jpg
104108984672.jpg,104107427714.jpg,104107427714.jpg
104108508211.jpg,104108576174.jpg,104108508211.jpg
104108374459.jpg,104108331521.jpg,104108331521.jpg
104108601667.jpg,104108999963.jpg,104108601667.jpg
104108601667.jpg,104108790045.jpg,104108790045.jpg
104108925730.jpg,104107252612.jpg,104107252612.jpg
104108826085.jpg,104108140332.jpg,104108826085.jpg
104107001320.jpg,104109020493.jpg,104109020493.jpg
104108845850.jpg,104108606686.jpg,104108845850.jpg
104107455173.jpg,104107512304.jpg,104107455173.jpg
104107427714.jpg,104108682136.jpg,104107427714.jpg
104108424749.jpg,104108296291.jpg,104108296291.jpg
104108997771.jpg,104108462484.jpg,104108462484.jpg
104108983415.jpg,104108424232.jpg,104108424232.jpg
104108888986.jpg,104108987545.jpg,104108888986.jpg
104108933415.jpg,104108979500.jpg,104108933415.jpg
104108410829.jpg,104108874835.jpg,104108874835.jpg
104109005490.jpg,104108471272.jpg,104108471272.jpg
104108558415.jpg,104108024282.jpg,104108558415.jpg
104108257061.jpg,104108615890.jpg,104108615890.jpg
104109034938.jpg,104108881377.jpg,104108881377.jpg
104108688960.jpg,104109078999.jpg,104109078999.jpg
104108798362.jpg,104108772466.jpg,104108798362.jpg
104108251388.jpg,104108836631.jpg,104108251388.jpg
104108933702.jpg,104108856552.jpg,104108856552.jpg
104108522829.jpg,104109103352.jpg,104108522829.jpg
104108149725.jpg,104108726540.jpg,104108726540.jpg
104104481434.jpg,104108879762.jpg,104108879762.jpg
104108925730.jpg,104108630312.jpg,104108630312.jpg
104108079090.jpg,104108746964.jpg,104108746964.jpg
104106936543.jpg,104108231125.jpg,104108231125.jpg
104108933772.jpg,104107239815.jpg,104107239815.jpg
104108640643.jpg,104108814105.jpg,104108640643.jpg
104108757423.jpg,104108574933.jpg,104108574933.jpg
104106734438.jpg,104108622359.jpg,104108622359.jpg
104108874835.jpg,104108615890.jpg,104108615890.jpg
104108707416.jpg,104108764295.jpg,104108764295.jpg
104108615890.jpg,104106931220.jpg,104108615890.jpg
104108374459.jpg,104108587526.jpg,104108587526.jpg
104107181532.jpg,104108969952.jpg,104108969952.jpg
104108622246.jpg,104108912548.jpg,104108912548.jpg
104108982061.jpg,104108610169.jpg,104108610169.jpg
104107455173.jpg,104107090377.jpg,104107455173.jpg
104108683768.jpg,104108989954.jpg,104108989954.jpg
104107819138.jpg,104108826085.jpg,104108826085.jpg
104108800692.jpg,104108920377.jpg,104108800692.jpg
104108858221.jpg,104109020493.jpg,104109020493.jpg
104108592506.jpg,104108482233.jpg,104108482233.jpg
104108850287.jpg,104108896286.jpg,104108896286.jpg
104108458011.jpg,104108929764.jpg,104108929764.jpg
104109014683.jpg,104107110878.jpg,104109014683.jpg
104108814105.jpg,104109046484.jpg,104109046484.jpg
104108615890.jpg,104107427714.jpg,104107427714.jpg
104108595636.jpg,104107858772.jpg,104108595636.jpg
104108097533.jpg,104108555767.jpg,104108555767.jpg
104108836631.jpg,104108251388.jpg,104108251388.jpg
104108613968.jpg,104105588631.jpg,104108613968.jpg
104106715634.jpg,104108850287.jpg,104106715634.jpg
104104481434.jpg,104109014683.jpg,104109014683.jpg
104108114295.jpg,104109011054.jpg,104108114295.jpg
104108682136.jpg,104107403238.jpg,104107403238.jpg
104107408279.jpg,104108707962.jpg,104107408279.jpg
104108729738.jpg,104106690875.jpg,104106690875.jpg
104108329417.jpg,104108989954.jpg,104108329417.jpg
104108479327.jpg,104105980871.jpg,104105980871.jpg
104107112373.jpg,104108984172.jpg,104108984172.jpg
104108509599.jpg,104108793880.jpg,104108793880.jpg
104108836631.jpg,104107144403.jpg,104107144403.jpg
104108774361.jpg,104108986978.jpg,104108774361.jpg
104109005490.jpg,104108471272.jpg,104108471272.jpg
104108375027.jpg,104108769212.jpg,104108375027.jpg
104106931220.jpg,104108627229.jpg,104108627229.jpg
104108970398.jpg,104108788617.jpg,104108788617.jpg
104108423834.jpg,104108827215.jpg,104108827215.jpg
104108757423.jpg,104107096406.jpg,104107096406.jpg
104109052464.jpg,104109010293.jpg,104109010293.jpg
104108827215.jpg,104108678419.jpg,104108678419.jpg
104108231125.jpg,104106936543.jpg,104108231125.jpg
104108601239.jpg,104109011054.jpg,104108601239.jpg
104108743726.jpg,104108988188.jpg,104108743726.jpg
104107563575.jpg,104108976984.jpg,104108976984.jpg
104108800692.jpg,104109038191.jpg,104109038191.jpg
104108105366.jpg,104105683403.jpg,104105683403.jpg
104109042223.jpg,104109072715.jpg,104109042223.jpg
104106936543.jpg,104108231125.jpg,104108231125.jpg
104108990768.jpg,104108707624.jpg,104108707624.jpg
104108836631.jpg,104108810212.jpg,104108810212.jpg
104108800692.jpg,104108037471.jpg,104108037471.jpg
104106945388.jpg,104107552461.jpg,104106945388.jpg
104108607496.jpg,104108746964.jpg,104108746964.jpg
104106931220.jpg,104108531872.jpg,104108531872.jpg
104108373886.jpg,104108977018.jpg,104108373886.jpg
104108538306.jpg,104108906517.jpg,104108906517.jpg
104108829152.jpg,104108259525.jpg,104108829152.jpg
104109071073.jpg,104108729176.jpg,104108729176.jpg
104108957038.jpg,104108971045.jpg,104108957038.jpg
104108865747.jpg,104108561221.jpg,104108865747.jpg
104106881654.jpg,104108916291.jpg,104106881654.jpg
104108780545.jpg,104108603773.jpg,104108603773.jpg
104108985360.jpg,104108992130.jpg,104108992130.jpg
104108509884.jpg,104108558415.jpg,104108558415.jpg
104108385467.jpg,104108970189.jpg,104108385467.jpg
104108967028.jpg,104108350295.jpg,104108967028.jpg
104108794974.jpg,104108711163.jpg,104108711163.jpg
104108970189.jpg,104107258151.jpg,104108970189.jpg
104108707624.jpg,104106837135.jpg,104108707624.jpg
104108859766.jpg,104108971431.jpg,104108859766.jpg
104108999963.jpg,104108682136.jpg,104108999963.jpg
104108378455.jpg,104108424232.jpg,104108424232.jpg
104108984672.jpg,104106881654.jpg,104106881654.jpg
104107252612.jpg,104109079480.jpg,104107252612.jpg
104108931149.jpg,104108999963.jpg,104108999963.jpg
104108984672.jpg,104106881654.jpg,104106881654.jpg
104108958555.jpg,104108678419.jpg,104108678419.jpg
104107819138.jpg,104108587526.jpg,104107819138.jpg
104108790045.jpg,104108553448.jpg,104108790045.jpg
104109048481.jpg,104108447874.jpg,104108447874.jpg
104109090435.jpg,104108701046.jpg,104108701046.jpg
104108869071.jpg,104108383685.jpg,104108869071.jpg
104108622319.jpg,104108739176.jpg,104108622319.jpg
104108878064.jpg,104108729738.jpg,104108729738.jpg
104106837135.jpg,104109028923.jpg,104109028923.jpg
104108364492.jpg,104108457626.jpg,104108457626.jpg
104107181532.jpg,104108853728.jpg,104108853728.jpg
104108690599.jpg,104107096406.jpg,104107096406.jpg
104108374459.jpg,104108789981.jpg,104108789981.jpg
104108375027.jpg,104108444505.jpg,104108444505.jpg
104108630312.jpg,104108612795.jpg,104108630312.jpg
104108732600.jpg,104108952273.jpg,104108952273.jpg
104108607496.jpg,104108475014.jpg,104108475014.jpg
104108455579.jpg,104109049053.jpg,104108455579.jpg
104108509599.jpg,104108583735.jpg,104108509599.jpg
104109081519.jpg,104108602176.jpg,104108602176.jpg
104108482233.jpg,104108920377.jpg,104108482233.jpg
104108525589.jpg,104105683403.jpg,104105683403.jpg
104108701046.jpg,104108876134.jpg,104108876134.jpg
104106931220.jpg,104108298920.jpg,104108298920.jpg
104108432307.jpg,104108993069.jpg,104108432307.jpg
104108884118.jpg,104107512304.jpg,104108884118.jpg
104108458011.jpg,104108929764.jpg,104108929764.jpg
104109038191.jpg,104108331521.jpg,104108331521.jpg
104107550926.jpg,104108810212.jpg,104107550926.jpg
104108458011.jpg,104107252612.jpg,104107252612.jpg
104107552461.jpg,104108793880.jpg,104108793880.jpg
104108839187.jpg,104109008763.jpg,104108839187.jpg
104108730392.jpg,104108965923.jpg,104108730392.jpg
104109103352.jpg,104108630312.jpg,104108630312.jpg
104108647249.jpg,104108947440.jpg,104108647249.jpg
104108942837.jpg,104108602176.jpg,104108602176.jpg
104107526523.jpg,104107671918.jpg,104107671918.jpg
104108482233.jpg,104108592506.jpg,104108482233.jpg
104108707005.jpg,104108460439.jpg,104108460439.jpg
104107550926.jpg,104108987911.jpg,104108987911.jpg
104108865747.jpg,104107277214.jpg,104108865747.jpg
104108870597.jpg,104108734198.jpg,104108870597.jpg
104108952273.jpg,104108732600.jpg,104108952273.jpg
104106729605.jpg,104108876134.jpg,104108876134.jpg
104108726540.jpg,104108997771.jpg,104108726540.jpg
104108988788.jpg,104108601667.jpg,104108601667.jpg
104106715634.jpg,104108988788.jpg,104106715634.jpg
104108740569.jpg,104108850287.jpg,104108740569.jpg
104108933702.jpg,104108259525.jpg,104108933702.jpg
104108984172.jpg,104107340288.jpg,104107340288.jpg
104108364492.jpg,104107001320.jpg,104107001320.jpg
104108969952.jpg,104108769212.jpg,104108969952.jpg
104108942837.jpg,104108602176.jpg,104108602176.jpg
104108438364.jpg,104108374459.jpg,104108438364.jpg
104108622201.jpg,104108281868.jpg,104108622201.jpg
104108544266.jpg,104108251388.jpg,104108544266.jpg
104108964392.jpg,104107785618.jpg,104107785618.jpg
104108865747.jpg,104108888653.jpg,104108865747.jpg
104108438364.jpg,104108272389.jpg,104108272389.jpg
104108050876.jpg,104109049053.jpg,104109049053.jpg
104109011054.jpg,104107890258.jpg,104109011054.jpg
104107931630.jpg,104108531872.jpg,104108531872.jpg
104108865747.jpg,104108968431.jpg,104108865747.jpg
104108140332.jpg,104108253740.jpg,104108140332.jpg
104108603773.jpg,104106813033.jpg,104106813033.jpg
104108537471.jpg,104108655852.jpg,104108537471.jpg
104108972455.jpg,104108827215.jpg,104108972455.jpg
104106750365.jpg,104108745962.jpg,104106750365.jpg
104107185014.jpg,104108439840.jpg,104107185014.jpg
104108925239.jpg,104108794974.jpg,104108925239.jpg
104108703120.jpg,104107931630.jpg,104107931630.jpg
104108652136.jpg,104108642604.jpg,104108652136.jpg
104106936543.jpg,104108458011.jpg,104106936543.jpg
104108971431.jpg,104108859766.jpg,104108859766.jpg
104108845850.jpg,104108933415.jpg,104108845850.jpg
104109004950.jpg,104108443832.jpg,104109004950.jpg
104108622246.jpg,104108024282.jpg,104108024282.jpg
104108931680.jpg,104108432307.jpg,104108432307.jpg
104108931680.jpg,104108775417.jpg,104108931680.jpg
104109005505.jpg,104106715943.jpg,104106715943.jpg
104108933035.jpg,104107445277.jpg,104107445277.jpg
104108870597.jpg,104108888986.jpg,104108870597.jpg
104108929764.jpg,104108593196.jpg,104108929764.jpg
104108516063.jpg,104108773563.jpg,104108773563.jpg
104108648056.jpg,104108583735.jpg,104108648056.jpg
104108989954.jpg,104108646106.jpg,104108989954.jpg
104108627229.jpg,104106746366.jpg,104108627229.jpg
104108982584.jpg,104108888885.jpg,104108888885.jpg
104108630890.jpg,104108969952.jpg,104108630890.jpg
104108568354.jpg,104108888986.jpg,104108568354.jpg
104108775417.jpg,104108773563.jpg,104108773563.jpg
104109010635.jpg,104107408279.jpg,104107408279.jpg
104108950576.jpg,104108884118.jpg,104108884118.jpg
104107238512.jpg,104108595636.jpg,104108595636.jpg
104108725465.jpg,104108652136.jpg,104108652136.jpg
104108385467.jpg,104107722079.jpg,104108385467.jpg
104107985531.jpg,104108462484.jpg,104108462484.jpg
104108257061.jpg,104108627229.jpg,104108627229.jpg
104108985360.jpg,104108931149.jpg,104108931149.jpg
104108364492.jpg,104107001320.jpg,104107001320.jpg
104108839146.jpg,104108947440.jpg,104108839146.jpg
104108919133.jpg,104108958485.jpg,104108919133.jpg
104108609843.jpg,104109016876.jpg,104109016876.jpg
104108538306.jpg,104108282347.jpg,104108538306.jpg
104109057282.jpg,104108560046.jpg,104108560046.jpg
104108079090.jpg,104107427714.jpg,104107427714.jpg
104108984672.jpg,104107566104.jpg,104107566104.jpg
104108479327.jpg,104108952273.jpg,104108952273.jpg
104108373886.jpg,104107250587.jpg,104108373886.jpg
104108455088.jpg,104108925730.jpg,104108455088.jpg
104108302429.jpg,104108285616.jpg,104108285616.jpg
104108849407.jpg,104108897301.jpg,104108897301.jpg
104108785710.jpg,104108930083.jpg,104108930083.jpg
104108568354.jpg,104107258151.jpg,104108568354.jpg
104108931149.jpg,104108999963.jpg,104108999963.jpg
104108455088.jpg,104108544828.jpg,104108544828.jpg
104107110878.jpg,104108711163.jpg,104108711163.jpg
104107090377.jpg,104108295662.jpg,104108295662.jpg
104107540001.jpg,104108219831.jpg,104107540001.jpg
104108745885.jpg,104107156101.jpg,104108745885.jpg
104107277214.jpg,104108945282.jpg,104108945282.jpg
104108907676.jpg,104108931680.jpg,104108931680.jpg
104109081519.jpg,104108601667.jpg,104109081519.jpg
104108879762.jpg,104108603862.jpg,104108879762.jpg
104106936543.jpg,104109029831.jpg,104106936543.jpg
104107796270.jpg,104108788928.jpg,104107796270.jpg
104107350098.jpg,104107258151.jpg,104107350098.jpg
104109014683.jpg,104108670376.jpg,104109014683.jpg
104108299949.jpg,104108331521.jpg,104108331521.jpg
104108630312.jpg,104109038191.jpg,104108630312.jpg
104108024282.jpg,104107184967.jpg,104107184967.jpg
104107836185.jpg,104108595272.jpg,104108595272.jpg
104108730392.jpg,104108424195.jpg,104108730392.jpg
104107156101.jpg,104107110887.jpg,104107110887.jpg
104108603773.jpg,104108888986.jpg,104108888986.jpg
104108555767.jpg,104108097533.jpg,104108555767.jpg
104108933702.jpg,104109004950.jpg,104109004950.jpg
104108888986.jpg,104108568354.jpg,104108568354.jpg
104107525811.jpg,104107057634.jpg,104107057634.jpg
104107550926.jpg,104108971431.jpg,104108971431.jpg
104108601239.jpg,104108986978.jpg,104108601239.jpg
104108609843.jpg,104109016876.jpg,104109016876.jpg
104108460439.jpg,104108745648.jpg,104108460439.jpg
104109014683.jpg,104104481434.jpg,104109014683.jpg
104107566104.jpg,104108253740.jpg,104107566104.jpg
104108385467.jpg,104108746964.jpg,104108746964.jpg
104108707005.jpg,104109044506.jpg,104109044506.jpg
104108538306.jpg,104109071073.jpg,104108538306.jpg
104107185014.jpg,104108423834.jpg,104107185014.jpg
104108790045.jpg,104107777564.jpg,104107777564.jpg
104108764295.jpg,104108989567.jpg,104108989567.jpg
104108458011.jpg,104109052464.jpg,104109052464.jpg
104108455579.jpg,104108878064.jpg,104108455579.jpg
104108295662.jpg,104109063442.jpg,104108295662.jpg
104108729738.jpg,104108373886.jpg,104108373886.jpg
104108231125.jpg,104107184967.jpg,104108231125.jpg
104107156101.jpg,104107181532.jpg,104107181532.jpg
104108163803.jpg,104108982061.jpg,104108163803.jpg
104107796270.jpg,104109048481.jpg,104107796270.jpg
104108627229.jpg,104106931220.jpg,104108627229.jpg
104108329417.jpg,104108894082.jpg,104108329417.jpg
104108432307.jpg,104108916291.jpg,104108432307.jpg
104107566104.jpg,104106837135.jpg,104107566104.jpg
104108812334.jpg,104108785710.jpg,104108812334.jpg
104108595272.jpg,104108986978.jpg,104108595272.jpg
104107185014.jpg,104108884118.jpg,104107185014.jpg
104108933772.jpg,104109079480.jpg,104109079480.jpg
104106881654.jpg,104109052464.jpg,104106881654.jpg
104107250587.jpg,104107086323.jpg,104107250587.jpg
104107305834.jpg,104108455579.jpg,104108455579.jpg
104109014683.jpg,104104481434.jpg,104109014683.jpg
104108460439.jpg,104107408279.jpg,104107408279.jpg
104108648056.jpg,104108630312.jpg,104108630312.jpg
104108769212.jpg,104108994336.jpg,104108994336.jpg
104108994336.jpg,104106729605.jpg,104108994336.jpg
104108758944.jpg,104108458011.jpg,104108758944.jpg
104107277214.jpg,104108945282.jpg,104108945282.jpg
104108272389.jpg,104108987545.jpg,104108272389.jpg
104108888653.jpg,104108865747.jpg,104108865747.jpg
104108609843.jpg,104108522829.jpg,104108522829.jpg
104109016876.jpg,104108609843.jpg,104109016876.jpg
104108917829.jpg,104106894431.jpg,104106894431.jpg
104108486184.jpg,104108984672.jpg,104108984672.jpg
104108734198.jpg,104107526523.jpg,104108734198.jpg
104108341967.jpg,104108037471.jpg,104108341967.jpg
104108364492.jpg,104108711163.jpg,104108711163.jpg
104108879762.jpg,104104481434.jpg,104108879762.jpg
104108866981.jpg,104108462484.jpg,104108462484.jpg
104107560265.jpg,104108785710.jpg,104107560265.jpg
104108508211.jpg,104108105366.jpg,104108508211.jpg
104109074652.jpg,104108877288.jpg,104108877288.jpg
104109074652.jpg,104108423834.jpg,104109074652.jpg
104107707060.jpg,104108593196.jpg,104107707060.jpg
104107110878.jpg,104109074652.jpg,104109074652.jpg
104108839865.jpg,104108729176.jpg,104108729176.jpg
104108707005.jpg,104108385467.jpg,104108707005.jpg
104108777350.jpg,104108888986.jpg,104108888986.jpg
104108967028.jpg,104108350295.jpg,104108967028.jpg
104108857740.jpg,104108302429.jpg,104108857740.jpg
104108426589.jpg,104108894082.jpg,104108894082.jpg
104108916291.jpg,104106881654.jpg,104106881654.jpg
104109071073.jpg,104108587526.jpg,104109071073.jpg
104108958236.jpg,104108219831.jpg,104108958236.jpg
104108888653.jpg,104108814105.jpg,104108888653.jpg
104107566104.jpg,104109070181.jpg,104107566104.jpg
104108788617.jpg,104108642604.jpg,104108788617.jpg
104108729464.jpg,104108323626.jpg,104108729464.jpg
104107777564.jpg,104108630890.jpg,104107777564.jpg
104108773563.jpg,104108516063.jpg,104108773563.jpg
104108678513.jpg,104109021662.jpg,104108678513.jpg
104106756808.jpg,104108438364.jpg,104108438364.jpg
104108531872.jpg,104109010635.jpg,104109010635.jpg
104108866643.jpg,104108888885.jpg,104108888885.jpg
104108525589.jpg,104108935073.jpg,104108525589.jpg
104108854371.jpg,104108919133.jpg,104108919133.jpg
104108583839.jpg,104108627229.jpg,104108627229.jpg
104108438364.jpg,104108859766.jpg,104108859766.jpg
104108593196.jpg,104107707060.jpg,104107707060.jpg
104107258151.jpg,104108329417.jpg,104108329417.jpg
104108968431.jpg,104109010635.jpg,104109010635.jpg
104109044506.jpg,104108707005.jpg,104109044506.jpg
104109090435.jpg,104107196040.jpg,104107196040.jpg
104108350295.jpg,104108383685.jpg,104108383685.jpg
104108753924.jpg,104108374459.jpg,104108374459.jpg
104108045572.jpg,104108595636.jpg,104108595636.jpg
104108125521.jpg,104108799848.jpg,104108125521.jpg
104106820573.jpg,104108994336.jpg,104106820573.jpg
104108917829.jpg,104106837135.jpg,104108917829.jpg
104109052464.jpg,104108458011.jpg,104109052464.jpg
104107524436.jpg,104108883315.jpg,104108883315.jpg
104108983415.jpg,104108940280.jpg,104108983415.jpg
104108350295.jpg,104108967028.jpg,104108967028.jpg
104108745962.jpg,104108729464.jpg,104108729464.jpg
104108969952.jpg,104107181532.jpg,104108969952.jpg
104107850200.jpg,104108037471.jpg,104108037471.jpg
104106837135.jpg,104108917829.jpg,104108917829.jpg
104108544266.jpg,104108732600.jpg,104108732600.jpg
104108646106.jpg,104108622201.jpg,104108622201.jpg
104108622246.jpg,104109053645.jpg,104109053645.jpg
104108757423.jpg,104109011775.jpg,104109011775.jpg
104108662703.jpg,104108602176.jpg,104108662703.jpg
104109044506.jpg,104108653387.jpg,104108653387.jpg
104108424749.jpg,104108584673.jpg,104108584673.jpg
104108525589.jpg,104109011054.jpg,104108525589.jpg
104107455173.jpg,104106931220.jpg,104107455173.jpg
104108925730.jpg,104107238512.jpg,104107238512.jpg
104108622246.jpg,104108609843.jpg,104108609843.jpg
104108703120.jpg,104107795179.jpg,104107795179.jpg
104109075036.jpg,104108986978.jpg,104109075036.jpg
104106945388.jpg,104108426319.jpg,104108426319.jpg
104108613968.jpg,104109048481.jpg,104108613968.jpg
104108940280.jpg,104108646106.jpg,104108646106.jpg
104109022874.jpg,104108866981.jpg,104109022874.jpg
104108985360.jpg,104108876134.jpg,104108876134.jpg
104108990768.jpg,104108856552.jpg,104108856552.jpg
104108198082.jpg,104108773563.jpg,104108773563.jpg
104107985531.jpg,104108984172.jpg,104108984172.jpg
104108933035.jpg,104109028923.jpg,104108933035.jpg
104109071073.jpg,104108482433.jpg,104108482433.jpg
104108251388.jpg,104108913569.jpg,104108913569.jpg
104104481434.jpg,104108920555.jpg,104108920555.jpg
104108794974.jpg,104108566263.jpg,104108566263.jpg
104108926443.jpg,104108561221.jpg,104108926443.jpg
104108655852.jpg,104108142104.jpg,104108142104.jpg
104108916291.jpg,104108432307.jpg,104108432307.jpg
104108920555.jpg,104108004256.jpg,104108920555.jpg
104108538306.jpg,104108906517.jpg,104108906517.jpg
104109057340.jpg,104108920656.jpg,104109057340.jpg
104108465606.jpg,104107671918.jpg,104108465606.jpg
104108404615.jpg,104108516063.jpg,104108516063.jpg
104107566104.jpg,104106852409.jpg,104106852409.jpg
104108930083.jpg,104108593196.jpg,104108930083.jpg
104108945746.jpg,104108004256.jpg,104108945746.jpg
104108920656.jpg,104108993069.jpg,104108993069.jpg
104108455088.jpg,104108592506.jpg,104108592506.jpg
104108947440.jpg,104108812608.jpg,104108947440.jpg
104108658172.jpg,104109057340.jpg,104108658172.jpg
104108595636.jpg,104108627229.jpg,104108627229.jpg
104108947440.jpg,104108555767.jpg,104108555767.jpg
104108457626.jpg,104108967028.jpg,104108457626.jpg
104108764295.jpg,104108989567.jpg,104108989567.jpg
104108790088.jpg,104109057282.jpg,104109057282.jpg
104109075036.jpg,104108879762.jpg,104108879762.jpg
104107836185.jpg,104108815872.jpg,104107836185.jpg
104108985360.jpg,104109034938.jpg,104109034938.jpg
104107350098.jpg,104106729605.jpg,104107350098.jpg
104108740569.jpg,104108929764.jpg,104108929764.jpg
104109017528.jpg,104109078999.jpg,104109017528.jpg
104108299949.jpg,104108878064.jpg,104108299949.jpg
104108379716.jpg,104106881654.jpg,104106881654.jpg
104108879762.jpg,104109074652.jpg,104108879762.jpg
104108979500.jpg,104107112373.jpg,104107112373.jpg
104108780545.jpg,104106931220.jpg,104106931220.jpg
104107112373.jpg,104108984172.jpg,104108984172.jpg
104108508211.jpg,104108839146.jpg,104108839146.jpg
104107134966.jpg,104108730392.jpg,104108730392.jpg
104107550926.jpg,104108920377.jpg,104107550926.jpg
104108827215.jpg,104108542880.jpg,104108542880.jpg
104108285616.jpg,104108757604.jpg,104108285616.jpg
104107795179.jpg,104108989954.jpg,104108989954.jpg
104108231125.jpg,104108883315.jpg,104108231125.jpg
104107057634.jpg,104108707416.jpg,104107057634.jpg
104108989954.jpg,104108329417.jpg,104108329417.jpg
104108574933.jpg,104108613968.jpg,104108613968.jpg
104109023688.jpg,104108334861.jpg,104108334861.jpg
104108740569.jpg,104109034938.jpg,104108740569.jpg
104108486750.jpg,104108544266.jpg,104108486750.jpg
104108914376.jpg,104108272389.jpg,104108272389.jpg
104108866643.jpg,104107722079.jpg,104108866643.jpg
104108403161.jpg,104108971045.jpg,104108971045.jpg
104108551485.jpg,104108447874.jpg,104108551485.jpg
104108859766.jpg,104108845850.jpg,104108859766.jpg
104108791651.jpg,104108970189.jpg,104108791651.jpg
104108745014.jpg,104108906517.jpg,104108745014.jpg
104109052464.jpg,104108718686.jpg,104109052464.jpg
104108037471.jpg,104108883315.jpg,104108883315.jpg
104108983415.jpg,104108940280.jpg,104108983415.jpg
104108538306.jpg,104108729176.jpg,104108729176.jpg
104109072715.jpg,104108931542.jpg,104109072715.jpg
104108870597.jpg,104108853728.jpg,104108870597.jpg
104108334861.jpg,104108933702.jpg,104108334861.jpg
104108509599.jpg,104108869071.jpg,104108869071.jpg
104108198082.jpg,104108558415.jpg,104108558415.jpg
104108272389.jpg,104108914376.jpg,104108272389.jpg
104109057340.jpg,104107090377.jpg,104109057340.jpg
104109078999.jpg,104108602176.jpg,104108602176.jpg
104108331521.jpg,104108374459.jpg,104108331521.jpg
104108467765.jpg,104107238512.jpg,104108467765.jpg
104109086516.jpg,104108853728.jpg,104108853728.jpg
104109014683.jpg,104109072715.jpg,104109014683.jpg
104108455088.jpg,104107858772.jpg,104108455088.jpg
104107785618.jpg,104109005505.jpg,104109005505.jpg
104108916291.jpg,104108703120.jpg,104108703120.jpg
104107777564.jpg,104108790045.jpg,104107777564.jpg
104108957038.jpg,104107526523.jpg,104108957038.jpg
104108945282.jpg,104107277214.jpg,104108945282.jpg
104108888986.jpg,104108295496.jpg,104108888986.jpg
104108912548.jpg,104108622246.jpg,104108912548.jpg
104107196040.jpg,104109051954.jpg,104109051954.jpg
104107973752.jpg,104108964392.jpg,104107973752.jpg
104109016876.jpg,104107566104.jpg,104109016876.jpg
104109009682.jpg,104106057649.jpg,104106057649.jpg
104109027205.jpg,104108402765.jpg,104108402765.jpg
104108965923.jpg,104109007141.jpg,104108965923.jpg
104108920377.jpg,104108979500.jpg,104108979500.jpg
104108925239.jpg,104108746166.jpg,104108925239.jpg
104108989567.jpg,104108800692.jpg,104108989567.jpg
104107540001.jpg,104106894431.jpg,104107540001.jpg
104108774096.jpg,104108795931.jpg,104108795931.jpg
104108649028.jpg,104108870597.jpg,104108870597.jpg
104108859766.jpg,104107777564.jpg,104107777564.jpg
104108114295.jpg,104108307753.jpg,104108307753.jpg
104108593196.jpg,104108930083.jpg,104108930083.jpg
104106852409.jpg,104108337629.jpg,104108337629.jpg
104108752262.jpg,104108729464.jpg,104108729464.jpg
104108869071.jpg,104108004071.jpg,104108004071.jpg
104108662703.jpg,104109070181.jpg,104108662703.jpg
104107184967.jpg,104107134966.jpg,104107184967.jpg
104108595272.jpg,104108555767.jpg,104108595272.jpg
104108800692.jpg,104108584673.jpg,104108584673.jpg
104108163803.jpg,104107250587.jpg,104107250587.jpg
104107083244.jpg,104108777350.jpg,104107083244.jpg
104108969697.jpg,104108626167.jpg,104108626167.jpg
104108798362.jpg,104108730392.jpg,104108798362.jpg
104108426319.jpg,104106945388.jpg,104108426319.jpg
104109057282.jpg,104108905183.jpg,104109057282.jpg
104108925239.jpg,104108812334.jpg,104108925239.jpg
104109028923.jpg,104106837135.jpg,104109028923.jpg
104107858772.jpg,104108595636.jpg,104108595636.jpg
104107250587.jpg,104109042223.jpg,104107250587.jpg
104107238512.jpg,104108925730.jpg,104107238512.jpg
104108822531.jpg,104108690599.jpg,104108690599.jpg
104108972455.jpg,104109071073.jpg,104108972455.jpg
104109046484.jpg,104107185014.jpg,104107185014.jpg
104108896286.jpg,104108970398.jpg,104108896286.jpg
104108967028.jpg,104108602675.jpg,104108967028.jpg
104108970189.jpg,104107258151.jpg,104108970189.jpg
104108253740.jpg,104108967028.jpg,104108967028.jpg
104108839146.jpg,104109052464.jpg,104108839146.jpg
104108253740.jpg,104107566104.jpg,104107566104.jpg
104108552929.jpg,104106746366.jpg,104106746366.jpg
104107350098.jpg,104108838791.jpg,104108838791.jpg
104109075036.jpg,104107181532.jpg,104109075036.jpg
104108471272.jpg,104108783257.jpg,104108471272.jpg
104108876134.jpg,104108985360.jpg,104108876134.jpg
104108709585.jpg,104108878064.jpg,104108709585.jpg
104108769212.jpg,104108969952.jpg,104108969952.jpg
104106709500.jpg,104109081519.jpg,104106709500.jpg
104108592506.jpg,104108455088.jpg,104108592506.jpg
104108856552.jpg,104108925239.jpg,104108856552.jpg
104108225562.jpg,104108566263.jpg,104108566263.jpg
104108231125.jpg,104107184967.jpg,104108231125.jpg
104108746166.jpg,104108460439.jpg,104108460439.jpg
104108856628.jpg,104108799268.jpg,104108799268.jpg
104107350098.jpg,104108630890.jpg,104108630890.jpg
104108603773.jpg,104108795931.jpg,104108603773.jpg
104107566104.jpg,104106852409.jpg,104106852409.jpg
104108839187.jpg,104108329417.jpg,104108329417.jpg
104108810212.jpg,104108678419.jpg,104108678419.jpg
104108993069.jpg,104108850287.jpg,104108993069.jpg
104108836631.jpg,104108707624.jpg,104108707624.jpg
104108622319.jpg,104109010635.jpg,104109010635.jpg
104105588631.jpg,104108613968.jpg,104108613968.jpg
104108125521.jpg,104107671918.jpg,104108125521.jpg
104109014683.jpg,104108350295.jpg,104109014683.jpg
104107286515.jpg,104108888986.jpg,104108888986.jpg
104108790045.jpg,104107526523.jpg,104108790045.jpg
104108544828.jpg,104109029831.jpg,104108544828.jpg
104108987545.jpg,104108041370.jpg,104108041370.jpg
104108622246.jpg,104108024282.jpg,104108024282.jpg
104107196040.jpg,104108860715.jpg,104108860715.jpg
104108609843.jpg,104108630890.jpg,104108630890.jpg
104108906517.jpg,104108987545.jpg,104108906517.jpg
104108299949.jpg,104108467765.jpg,104108467765.jpg
104108302429.jpg,104109057282.jpg,104109057282.jpg
104108329417.jpg,104107258151.jpg,104108329417.jpg
104107277214.jpg,104108865747.jpg,104108865747.jpg
104108006544.jpg,104108745014.jpg,104108745014.jpg
104108424232.jpg,104108231125.jpg,104108231125.jpg
104108509884.jpg,104108689696.jpg,104108509884.jpg
104108587526.jpg,104107819138.jpg,104107819138.jpg
104108989954.jpg,104107252612.jpg,104107252612.jpg
104107836185.jpg,104108302429.jpg,104107836185.jpg
104108140332.jpg,104105588631.jpg,104108140332.jpg
104108931149.jpg,104108999963.jpg,104108999963.jpg
104108963586.jpg,104108914376.jpg,104108963586.jpg
104108740569.jpg,104108850287.jpg,104108740569.jpg
104108725465.jpg,104107196040.jpg,104107196040.jpg
104108987911.jpg,104108758944.jpg,104108758944.jpg
104106690875.jpg,104108729738.jpg,104106690875.jpg
104108442047.jpg,104108602176.jpg,104108602176.jpg
104108646106.jpg,104108940280.jpg,104108646106.jpg
104108531872.jpg,104108942837.jpg,104108531872.jpg
104108471272.jpg,104108404615.jpg,104108471272.jpg
104108815872.jpg,104107110878.jpg,104107110878.jpg
104108707962.jpg,104108613968.jpg,104108613968.jpg
104108988788.jpg,104108558803.jpg,104108558803.jpg
104108982061.jpg,104108560046.jpg,104108560046.jpg
104108140332.jpg,104108136936.jpg,104108140332.jpg
104108894082.jpg,104108630890.jpg,104108630890.jpg
104108912548.jpg,104108295662.jpg,104108912548.jpg
104108745885.jpg,104107134966.jpg,104108745885.jpg
104108745962.jpg,104107144403.jpg,104108745962.jpg
104109020493.jpg,104108826085.jpg,104109020493.jpg
104106709500.jpg,104109081519.jpg,104106709500.jpg
104107819138.jpg,104108701046.jpg,104107819138.jpg
104108764295.jpg,104108985619.jpg,104108764295.jpg
104108342587.jpg,104108282347.jpg,104108342587.jpg
104108423834.jpg,104107184967.jpg,104107184967.jpg
104107196040.jpg,104108860715.jpg,104108860715.jpg
104108931542.jpg,104108933702.jpg,104108933702.jpg
104108726540.jpg,104108829152.jpg,104108829152.jpg
104109020493.jpg,104108970189.jpg,104109020493.jpg
104108295662.jpg,104108655852.jpg,104108295662.jpg
104108791651.jpg,104108795931.jpg,104108791651.jpg
104108878064.jpg,104108988188.jpg,104108988188.jpg
104108642604.jpg,104108652136.jpg,104108652136.jpg
104108757604.jpg,104108695903.jpg,104108695903.jpg
104107001320.jpg,104108745014.jpg,104108745014.jpg
104108163803.jpg,104108295662.jpg,104108295662.jpg
104108945282.jpg,104107252612.jpg,104107252612.jpg
104108820409.jpg,104109078999.jpg,104108820409.jpg
104108968431.jpg,104107985531.jpg,104107985531.jpg
104108982061.jpg,104109005505.jpg,104109005505.jpg
104108764295.jpg,104108385467.jpg,104108764295.jpg
104108953674.jpg,104106769963.jpg,104106769963.jpg
104107134966.jpg,104108097533.jpg,104108097533.jpg
104106945388.jpg,104108630923.jpg,104106945388.jpg
104108982584.jpg,104107340288.jpg,104107340288.jpg
104108739176.jpg,104107156101.jpg,104107156101.jpg
104109023688.jpg,104108874835.jpg,104108874835.jpg
104108662703.jpg,104108655852.jpg,104108662703.jpg
104108783945.jpg,104107110887.jpg,104108783945.jpg
104108752262.jpg,104108897301.jpg,104108752262.jpg
104108888986.jpg,104108729464.jpg,104108729464.jpg
104109021662.jpg,104108838791.jpg,104108838791.jpg
104107552461.jpg,104105683403.jpg,104105683403.jpg
104108983415.jpg,104108795931.jpg,104108983415.jpg
104108595636.jpg,104108045572.jpg,104108595636.jpg
104108024282.jpg,104108379716.jpg,104108024282.jpg
104107144403.jpg,104109039511.jpg,104109039511.jpg
104108732600.jpg,104108622359.jpg,104108622359.jpg
104107503214.jpg,104108537471.jpg,104108537471.jpg
104108958236.jpg,104108752262.jpg,104108752262.jpg
104108913569.jpg,104107289175.jpg,104108913569.jpg
104108929350.jpg,104108788617.jpg,104108788617.jpg
104108920377.jpg,104108561221.jpg,104108561221.jpg
104108888653.jpg,104108865747.jpg,104108865747.jpg
104108729464.jpg,104108745962.jpg,104108729464.jpg
104108538409.jpg,104108695903.jpg,104108695903.jpg
104108707416.jpg,104107973752.jpg,104107973752.jpg
104108707962.jpg,104107819138.jpg,104108707962.jpg
104109078999.jpg,104108858221.jpg,104109078999.jpg
104108544266.jpg,104108613968.jpg,104108613968.jpg
104107777564.jpg,104108769212.jpg,104107777564.jpg
104108795931.jpg,104108983415.jpg,104108983415.jpg
104108630890.jpg,104108609843.jpg,104108630890.jpg
104108253740.jpg,104108140332.jpg,104108140332.jpg
104108508211.jpg,104108105366.jpg,104108508211.jpg
104109051954.jpg,104108553448.jpg,104109051954.jpg
104105588631.jpg,104108140332.jpg,104108140332.jpg
104108140332.jpg,104108987545.jpg,104108140332.jpg
104109088490.jpg,104108743726.jpg,104108743726.jpg
104108707624.jpg,104108379716.jpg,104108707624.jpg
104108603862.jpg,104108879762.jpg,104108879762.jpg
104109022874.jpg,104109038191.jpg,104109038191.jpg
104108626167.jpg,104108969697.jpg,104108626167.jpg
104109005505.jpg,104109048481.jpg,104109048481.jpg
104109046484.jpg,104108432307.jpg,104108432307.jpg
104108836631.jpg,104108707624.jpg,104108707624.jpg
104107134966.jpg,104108793880.jpg,104108793880.jpg
104107671918.jpg,104108774096.jpg,104107671918.jpg
104108331324.jpg,104108856552.jpg,104108856552.jpg
104107455173.jpg,104106931220.jpg,104107455173.jpg
104108114295.jpg,104109011054.jpg,104108114295.jpg
104108857740.jpg,104108933702.jpg,104108933702.jpg
104108791651.jpg,104108996622.jpg,104108791651.jpg
104108933035.jpg,104109090435.jpg,104108933035.jpg
104108486184.jpg,104108329417.jpg,104108329417.jpg
104108652136.jpg,104108642604.jpg,104108652136.jpg
104108839146.jpg,104109052464.jpg,104108839146.jpg
104108403161.jpg,104108888885.jpg,104108888885.jpg
104108989954.jpg,104108646106.jpg,104108989954.jpg
104108302429.jpg,104107836185.jpg,104107836185.jpg
104108678419.jpg,104107479776.jpg,104108678419.jpg
104108302429.jpg,104108272389.jpg,104108272389.jpg
104108678513.jpg,104108479327.jpg,104108678513.jpg
104108601667.jpg,104108551485.jpg,104108551485.jpg
104108884118.jpg,104108653387.jpg,104108653387.jpg
104108561221.jpg,104108781507.jpg,104108781507.jpg
104108037471.jpg,104108800692.jpg,104108037471.jpg
104108584673.jpg,104108800692.jpg,104108584673.jpg
104106057649.jpg,104108860715.jpg,104106057649.jpg
104108777350.jpg,104107083244.jpg,104107083244.jpg
104107110878.jpg,104108711163.jpg,104108711163.jpg
104107560265.jpg,104106894431.jpg,104106894431.jpg
104107083244.jpg,104108439840.jpg,104107083244.jpg
104108879762.jpg,104108004071.jpg,104108004071.jpg
104108764295.jpg,104108602675.jpg,104108764295.jpg
104108745962.jpg,104108603773.jpg,104108603773.jpg
104108987911.jpg,104107560265.jpg,104108987911.jpg
104108391504.jpg,104108302429.jpg,104108391504.jpg
104108251388.jpg,104108295496.jpg,104108295496.jpg
104107844041.jpg,104109053645.jpg,104109053645.jpg
104108383685.jpg,104108772466.jpg,104108772466.jpg
104109034938.jpg,104108740569.jpg,104108740569.jpg
104108933702.jpg,104108334861.jpg,104108334861.jpg
104109034938.jpg,104108024282.jpg,104108024282.jpg
104108987545.jpg,104108707962.jpg,104108707962.jpg
104108482433.jpg,104107526523.jpg,104108482433.jpg
104108795931.jpg,104108504580.jpg,104108504580.jpg
104108794974.jpg,104108857740.jpg,104108857740.jpg
104108849407.jpg,104108869071.jpg,104108869071.jpg
104108775417.jpg,104108403161.jpg,104108403161.jpg
104108920656.jpg,104107445277.jpg,104107445277.jpg
104108970398.jpg,104109005505.jpg,104108970398.jpg
104108602675.jpg,104108426589.jpg,104108426589.jpg
104108858221.jpg,104108602675.jpg,104108858221.jpg
104108602675.jpg,104108860715.jpg,104108860715.jpg
104107526523.jpg,104108024282.jpg,104108024282.jpg
104108953674.jpg,104108760626.jpg,104108760626.jpg
104108620360.jpg,104108774096.jpg,104108620360.jpg
104108881377.jpg,104109034938.jpg,104108881377.jpg
104108945746.jpg,104108438364.jpg,104108438364.jpg
104109028923.jpg,104106837135.jpg,104109028923.jpg
104108958236.jpg,104108935073.jpg,104108958236.jpg
104108615890.jpg,104107427714.jpg,104107427714.jpg
104106729605.jpg,104108423834.jpg,104106729605.jpg
104108561221.jpg,104108926443.jpg,104108926443.jpg
104108404615.jpg,104108281868.jpg,104108281868.jpg
104108486750.jpg,104109090435.jpg,104108486750.jpg
104106852409.jpg,104108558803.jpg,104108558803.jpg
104108482233.jpg,104108920377.jpg,104108482233.jpg
104108839865.jpg,104106931220.jpg,104106931220.jpg
104108860715.jpg,104109011054.jpg,104108860715.jpg
104108777350.jpg,104107083244.jpg,104107083244.jpg
104107931630.jpg,104108601239.jpg,104108601239.jpg
104108701046.jpg,104108142104.jpg,104108142104.jpg
104108850287.jpg,104108896286.jpg,104108896286.jpg
104107156101.jpg,104108711163.jpg,104108711163.jpg
104108568354.jpg,104108888986.jpg,104108568354.jpg
104108988788.jpg,104106715634.jpg,104106715634.jpg
104108907676.jpg,104108931680.jpg,104108931680.jpg
104107057634.jpg,104108986978.jpg,104108986978.jpg
104108640643.jpg,104108834683.jpg,104108834683.jpg
104106746366.jpg,104109088490.jpg,104106746366.jpg
104107671918.jpg,104107526523.jpg,104107671918.jpg
104108987545.jpg,104109038191.jpg,104109038191.jpg
104108953674.jpg,104108709585.jpg,104108709585.jpg
104108989567.jpg,104108963586.jpg,104108989567.jpg
104108302429.jpg,104108917829.jpg,104108917829.jpg
104108424232.jpg,104108378455.jpg,104108424232.jpg
104108967028.jpg,104108602675.jpg,104108967028.jpg
104106802049.jpg,104108947440.jpg,104106802049.jpg
104109029831.jpg,104108544828.jpg,104108544828.jpg
104108968431.jpg,104108467765.jpg,104108467765.jpg
104107112373.jpg,104108979500.jpg,104107112373.jpg
104108601239.jpg,104107931630.jpg,104108601239.jpg
104108683768.jpg,104108958485.jpg,104108958485.jpg
104108486750.jpg,104108114295.jpg,104108486750.jpg
104108926551.jpg,104108879762.jpg,104108879762.jpg
104108447874.jpg,104107540001.jpg,104107540001.jpg
104108986978.jpg,104108595272.jpg,104108595272.jpg
104107144403.jpg,104108836631.jpg,104107144403.jpg
104108561221.jpg,104109057282.jpg,104109057282.jpg
104108994336.jpg,104106820573.jpg,104106820573.jpg
104108538409.jpg,104107340288.jpg,104107340288.jpg
104108307753.jpg,104108552929.jpg,104108307753.jpg
104108968431.jpg,104108865747.jpg,104108865747.jpg
104108024282.jpg,104107526523.jpg,104108024282.jpg
104108683768.jpg,104108878064.jpg,104108683768.jpg
104109038191.jpg,104108800692.jpg,104109038191.jpg
104108993069.jpg,104108432307.jpg,104108432307.jpg
104108568354.jpg,104108856628.jpg,104108568354.jpg
104108375027.jpg,104108444505.jpg,104108444505.jpg
104108426589.jpg,104108630890.jpg,104108630890.jpg
104109075036.jpg,104108375027.jpg,104109075036.jpg
104107540001.jpg,104109090435.jpg,104107540001.jpg
104108964392.jpg,104107785618.jpg,104107785618.jpg
104109004950.jpg,104108970189.jpg,104109004950.jpg
104108595272.jpg,104108442047.jpg,104108595272.jpg
104106936543.jpg,104109029831.jpg,104106936543.jpg
104108447874.jpg,104108601239.jpg,104108601239.jpg
104106715634.jpg,104108987911.jpg,104108987911.jpg
104108866981.jpg,104109022874.jpg,104109022874.jpg
104108783257.jpg,104108794974.jpg,104108783257.jpg
104109049053.jpg,104109017528.jpg,104109017528.jpg
104108971045.jpg,104108403161.jpg,104108971045.jpg
104108785710.jpg,104108006544.jpg,104108006544.jpg
104107001320.jpg,104108364492.jpg,104107001320.jpg
104108630312.jpg,104108925730.jpg,104108630312.jpg
104108574933.jpg,104107526523.jpg,104108574933.jpg
104108858221.jpg,104108920377.jpg,104108920377.jpg
104108896286.jpg,104109053645.jpg,104109053645.jpg
104106715634.jpg,104108987911.jpg,104108987911.jpg
104107305834.jpg,104108317853.jpg,104107305834.jpg
104107573578.jpg,104108556974.jpg,104108556974.jpg
104108538306.jpg,104108282347.jpg,104108538306.jpg
104108086956.jpg,104108990768.jpg,104108990768.jpg
104108745885.jpg,104108583735.jpg,104108745885.jpg
104108940280.jpg,104108983415.jpg,104108983415.jpg
104108630890.jpg,104109039511.jpg,104109039511.jpg
104108985360.jpg,104108876134.jpg,104108876134.jpg
104108552929.jpg,104108780545.jpg,104108552929.jpg
104108296291.jpg,104108658172.jpg,104108296291.jpg
104108379716.jpg,104106881654.jpg,104106881654.jpg
104106802049.jpg,104108337629.jpg,104106802049.jpg
104108914376.jpg,104108963586.jpg,104108963586.jpg
104106746366.jpg,104108467765.jpg,104108467765.jpg
104108829152.jpg,104108950576.jpg,104108829152.jpg
104106769963.jpg,104108859766.jpg,104108859766.jpg
104108385467.jpg,104108764295.jpg,104108764295.jpg
104108114295.jpg,104106746366.jpg,104106746366.jpg
104108551485.jpg,104107350098.jpg,104108551485.jpg
104108298920.jpg,104109008763.jpg,104108298920.jpg
104108958485.jpg,104108977018.jpg,104108958485.jpg
104107289175.jpg,104107340288.jpg,104107340288.jpg
104108620360.jpg,104108774096.jpg,104108620360.jpg
104108709585.jpg,104108953674.jpg,104108709585.jpg
104108963586.jpg,104107184967.jpg,104107184967.jpg
104109033778.jpg,104108627229.jpg,104108627229.jpg
104107181532.jpg,104109075036.jpg,104109075036.jpg
104108789981.jpg,104108611766.jpg,104108789981.jpg
104109027205.jpg,104108653387.jpg,104108653387.jpg
104107858772.jpg,104108988188.jpg,104108988188.jpg
104109027205.jpg,104108105366.jpg,104108105366.jpg
104108004256.jpg,104108383685.jpg,104108383685.jpg
104107525811.jpg,104106802049.jpg,104106802049.jpg
104108667134.jpg,104109005490.jpg,104108667134.jpg
104108467765.jpg,104106715634.jpg,104108467765.jpg
104108745648.jpg,104109007141.jpg,104108745648.jpg
104108795931.jpg,104108774096.jpg,104108795931.jpg
104108979815.jpg,104109017528.jpg,104109017528.jpg
104108752262.jpg,104108827215.jpg,104108752262.jpg
104108553448.jpg,104108850287.jpg,104108553448.jpg
104107795179.jpg,104108933702.jpg,104108933702.jpg
104108757604.jpg,104108695903.jpg,104108695903.jpg
104108981612.jpg,104108307753.jpg,104108307753.jpg
104108375027.jpg,104108603862.jpg,104108375027.jpg
104107540001.jpg,104108447874.jpg,104107540001.jpg
104108780545.jpg,104109057282.jpg,104109057282.jpg
104107134966.jpg,104108745962.jpg,104107134966.jpg
104108906517.jpg,104107083244.jpg,104108906517.jpg
104108982061.jpg,104108163803.jpg,104108163803.jpg
104107550926.jpg,104106756808.jpg,104107550926.jpg
104108667134.jpg,104109072715.jpg,104108667134.jpg
104107560265.jpg,104107090377.jpg,104107090377.jpg
104106802049.jpg,104107525811.jpg,104106802049.jpg
104108758944.jpg,104108458011.jpg,104108758944.jpg
104108198082.jpg,104107671918.jpg,104107671918.jpg
104108041370.jpg,104106746366.jpg,104106746366.jpg
104108037471.jpg,104108858221.jpg,104108037471.jpg
104108259525.jpg,104108953674.jpg,104108953674.jpg
104108707416.jpg,104108995273.jpg,104108995273.jpg
104107552461.jpg,104106945388.jpg,104106945388.jpg
104108695903.jpg,104108942837.jpg,104108695903.jpg
104108701046.jpg,104108729176.jpg,104108729176.jpg
104108971431.jpg,104108859766.jpg,104108859766.jpg
104108725465.jpg,104108630890.jpg,104108630890.jpg
104108086956.jpg,104108522829.jpg,104108522829.jpg
104108622246.jpg,104108334861.jpg,104108334861.jpg
104108815872.jpg,104109057340.jpg,104109057340.jpg
104108341967.jpg,104109020493.jpg,104108341967.jpg
104108531872.jpg,104108595272.jpg,104108595272.jpg
104108775417.jpg,104108947440.jpg,104108775417.jpg
104109048481.jpg,104107540001.jpg,104107540001.jpg
104108912548.jpg,104108447874.jpg,104108912548.jpg
104109027205.jpg,104108926551.jpg,104108926551.jpg
104108653387.jpg,104109029831.jpg,104108653387.jpg
104108391504.jpg,104108745648.jpg,104108745648.jpg
104108760626.jpg,104108595272.jpg,104108595272.jpg
104106690875.jpg,104108820409.jpg,104106690875.jpg
104108475014.jpg,104108607496.jpg,104108475014.jpg
104108839187.jpg,104108931542.jpg,104108839187.jpg
104108799848.jpg,104108125521.jpg,104108125521.jpg
104108556974.jpg,104108331324.jpg,104108556974.jpg
104108820453.jpg,104108337629.jpg,104108820453.jpg
104108105366.jpg,104109027205.jpg,104108105366.jpg
104107144403.jpg,104108745962.jpg,104108745962.jpg
104108231125.jpg,104108364492.jpg,104108231125.jpg
104108611766.jpg,104108486750.jpg,104108486750.jpg
104108142104.jpg,104108538409.jpg,104108142104.jpg
104107777564.jpg,104108753924.jpg,104107777564.jpg
104108552929.jpg,104108307753.jpg,104108307753.jpg
104108753924.jpg,104109020493.jpg,104109020493.jpg
104108462484.jpg,104108866981.jpg,104108462484.jpg
104107722079.jpg,104108560046.jpg,104108560046.jpg
104108331521.jpg,104108931149.jpg,104108331521.jpg
104108509599.jpg,104108799268.jpg,104108509599.jpg
104108302429.jpg,104108391504.jpg,104108391504.jpg
104108739176.jpg,104108364492.jpg,104108364492.jpg
104108622359.jpg,104108753924.jpg,104108622359.jpg
104108050876.jpg,104107722079.jpg,104107722079.jpg
104107289175.jpg,104107785618.jpg,104107289175.jpg
104108983415.jpg,104108925239.jpg,104108925239.jpg
104109008763.jpg,104108743726.jpg,104108743726.jpg
104108757423.jpg,104109011775.jpg,104109011775.jpg
104108375027.jpg,104108822531.jpg,104108375027.jpg
104108364492.jpg,104108926551.jpg,104108926551.jpg
104106837135.jpg,104108607496.jpg,104108607496.jpg
104108725465.jpg,104109021662.jpg,104109021662.jpg
104107110887.jpg,104107985531.jpg,104107110887.jpg
104108888986.jpg,104108295496.jpg,104108888986.jpg
104108917829.jpg,104108812608.jpg,104108917829.jpg
104108622246.jpg,104108375027.jpg,104108375027.jpg
104108598402.jpg,104107707060.jpg,104107707060.jpg
104108877288.jpg,104109081519.jpg,104108877288.jpg
104109005505.jpg,104108820409.jpg,104108820409.jpg
104107819138.jpg,104108004071.jpg,104108004071.jpg
104108551485.jpg,104108447874.jpg,104108551485.jpg
104107836185.jpg,104108041370.jpg,104107836185.jpg
104108820453.jpg,104108622359.jpg,104108820453.jpg
104107057634.jpg,104108257061.jpg,104107057634.jpg
104105588631.jpg,104106945388.jpg,104106945388.jpg
104108912548.jpg,104107722079.jpg,104108912548.jpg
104108219831.jpg,104108707005.jpg,104108707005.jpg
104108912548.jpg,104107785618.jpg,104108912548.jpg
104108307753.jpg,104108198082.jpg,104108307753.jpg
104108997771.jpg,104107286515.jpg,104107286515.jpg
104109021662.jpg,104108423834.jpg,104109021662.jpg
104107512304.jpg,104108566263.jpg,104107512304.jpg
104108443832.jpg,104109004950.jpg,104109004950.jpg
104108947440.jpg,104106802049.jpg,104106802049.jpg
104106729605.jpg,104106750365.jpg,104106750365.jpg
104108612795.jpg,104109023688.jpg,104109023688.jpg
104108849407.jpg,104108745014.jpg,104108745014.jpg
104107184967.jpg,104106715943.jpg,104106715943.jpg
104107001320.jpg,104108745962.jpg,104107001320.jpg
104108612795.jpg,104108630312.jpg,104108630312.jpg
104108979500.jpg,104108920377.jpg,104108979500.jpg
104109075036.jpg,104108856628.jpg,104109075036.jpg
104108919133.jpg,104108045572.jpg,104108919133.jpg
104108795931.jpg,104108983415.jpg,104108983415.jpg
104106945388.jpg,104105588631.jpg,104106945388.jpg
104108050876.jpg,104108587526.jpg,104108050876.jpg
104108745885.jpg,104108149725.jpg,104108745885.jpg
104106881654.jpg,104108967028.jpg,104106881654.jpg
104108460439.jpg,104108391504.jpg,104108460439.jpg
104108701046.jpg,104107445277.jpg,104107445277.jpg
104108912548.jpg,104109007141.jpg,104108912548.jpg
104108295662.jpg,104108925239.jpg,104108925239.jpg
104108789981.jpg,104108611766.jpg,104108789981.jpg
104108982061.jpg,104108610169.jpg,104108610169.jpg
104107973752.jpg,104108838791.jpg,104107973752.jpg
104108587526.jpg,104108050876.jpg,104108050876.jpg
104108649028.jpg,104106690875.jpg,104106690875.jpg
104108552929.jpg,104108443832.jpg,104108552929.jpg
104108410829.jpg,104108829152.jpg,104108829152.jpg
104109081519.jpg,104108602675.jpg,104109081519.jpg
104108442047.jpg,104108971045.jpg,104108971045.jpg
104108553448.jpg,104108509884.jpg,104108553448.jpg
104107785618.jpg,104108683768.jpg,104108683768.jpg
104108804256.jpg,104107001320.jpg,104107001320.jpg
104108746166.jpg,104108140332.jpg,104108140332.jpg
104106820573.jpg,104108994336.jpg,104106820573.jpg
104108888653.jpg,104108839146.jpg,104108888653.jpg
104107252612.jpg,104108774096.jpg,104107252612.jpg
104108551485.jpg,104108942837.jpg,104108551485.jpg
104108869071.jpg,104108509599.jpg,104108869071.jpg
104108977018.jpg,104108958485.jpg,104108958485.jpg
104108460439.jpg,104108746166.jpg,104108460439.jpg
104108976984.jpg,104108595636.jpg,104108595636.jpg
104108623685.jpg,104108566263.jpg,104108566263.jpg
104108593196.jpg,104109011054.jpg,104109011054.jpg
104106852409.jpg,104108282347.jpg,104106852409.jpg
104106931220.jpg,104108773563.jpg,104108773563.jpg
104108979815.jpg,104108854371.jpg,104108979815.jpg
104108799268.jpg,104107931630.jpg,104107931630.jpg
104108566263.jpg,104108794974.jpg,104108566263.jpg
104108788617.jpg,104108125521.jpg,104108788617.jpg
104108543776.jpg,104108610169.jpg,104108543776.jpg
104109028923.jpg,104108931680.jpg,104109028923.jpg
104108455579.jpg,104108881377.jpg,104108455579.jpg
104108350295.jpg,104106756808.jpg,104106756808.jpg
104107427714.jpg,104108682136.jpg,104107427714.jpg
104108125521.jpg,104108925730.jpg,104108125521.jpg
104106756808.jpg,104107550926.jpg,104107550926.jpg
104108958555.jpg,104108652136.jpg,104108652136.jpg
104106715943.jpg,104108839146.jpg,104106715943.jpg
104108622319.jpg,104109029831.jpg,104108622319.jpg
104108979500.jpg,104108670376.jpg,104108670376.jpg
104106936543.jpg,104107566104.jpg,104106936543.jpg
104107090377.jpg,104109079480.jpg,104109079480.jpg
104108920656.jpg,104107445277.jpg,104107445277.jpg
104108897301.jpg,104108910520.jpg,104108897301.jpg
104107096406.jpg,104109088490.jpg,104107096406.jpg
104106715943.jpg,104109020493.jpg,104106715943.jpg
104108950576.jpg,104107258151.jpg,104108950576.jpg
104108789981.jpg,104108374459.jpg,104108789981.jpg
104108426319.jpg,104106945388.jpg,104108426319.jpg
104108583839.jpg,104108827215.jpg,104108583839.jpg
104106931220.jpg,104108612795.jpg,104106931220.jpg
104108225562.jpg,104108709585.jpg,104108709585.jpg
104108973712.jpg,104108967028.jpg,104108967028.jpg
104108879762.jpg,104108603862.jpg,104108879762.jpg
104108967028.jpg,104108688960.jpg,104108967028.jpg
104108695903.jpg,104108757604.jpg,104108695903.jpg
104108910520.jpg,104107796270.jpg,104107796270.jpg
104108613968.jpg,104108993069.jpg,104108613968.jpg
104107083244.jpg,104108815872.jpg,104107083244.jpg
104108983415.jpg,104109016876.jpg,104109016876.jpg
104107573578.jpg,104108455088.jpg,104108455088.jpg
104107086323.jpg,104108933772.jpg,104107086323.jpg
104108740569.jpg,104107785618.jpg,104107785618.jpg
104108912548.jpg,104107722079.jpg,104108912548.jpg
104108457626.jpg,104108364492.jpg,104108457626.jpg
104107566104.jpg,104109016876.jpg,104109016876.jpg
104108682136.jpg,104108045572.jpg,104108682136.jpg
104108455579.jpg,104107563575.jpg,104108455579.jpg
104107844041.jpg,104108373886.jpg,104108373886.jpg
104107445277.jpg,104108789981.jpg,104108789981.jpg
104108004256.jpg,104107196040.jpg,104107196040.jpg
104108967028.jpg,104108935073.jpg,104108967028.jpg
104108752262.jpg,104109052464.jpg,104108752262.jpg
104108929350.jpg,104108758944.jpg,104108758944.jpg
104108950576.jpg,104108829152.jpg,104108829152.jpg
104108606686.jpg,104108486184.jpg,104108606686.jpg
104108553448.jpg,104108981612.jpg,104108981612.jpg
104107238512.jpg,104108383685.jpg,104107238512.jpg
104108601239.jpg,104108986978.jpg,104108601239.jpg
104109057282.jpg,104108790088.jpg,104109057282.jpg
104108957038.jpg,104109074652.jpg,104108957038.jpg
104106756808.jpg,104108350295.jpg,104106756808.jpg
104108341967.jpg,104108965923.jpg,104108341967.jpg
104108630923.jpg,104108307753.jpg,104108307753.jpg
104108646106.jpg,104108983415.jpg,104108983415.jpg
104108646106.jpg,104108683768.jpg,104108683768.jpg
104108658172.jpg,104108623685.jpg,104108658172.jpg
104108105366.jpg,104107931630.jpg,104108105366.jpg
104108323626.jpg,104108729464.jpg,104108729464.jpg
104108745885.jpg,104107156101.jpg,104108745885.jpg
104108342587.jpg,104109011775.jpg,104108342587.jpg
104108307753.jpg,104108822531.jpg,104108307753.jpg
104108622319.jpg,104108282347.jpg,104108622319.jpg
104108874835.jpg,104108568354.jpg,104108568354.jpg
104108854371.jpg,104107890258.jpg,104108854371.jpg
104108615890.jpg,104108140332.jpg,104108615890.jpg
104108334861.jpg,104109023688.jpg,104108334861.jpg
104108444505.jpg,104108281868.jpg,104108281868.jpg
104109016876.jpg,104107566104.jpg,104109016876.jpg
104109034938.jpg,104108930083.jpg,104108930083.jpg
104108410829.jpg,104108603862.jpg,104108603862.jpg
104109075036.jpg,104108965923.jpg,104109075036.jpg
104108826085.jpg,104108140332.jpg,104108826085.jpg
104108884118.jpg,104108783257.jpg,104108884118.jpg
104108914376.jpg,104108963586.jpg,104108963586.jpg
104108920555.jpg,104108045572.jpg,104108920555.jpg
104108525589.jpg,104109011054.jpg,104108525589.jpg
104108024282.jpg,104108558415.jpg,104108558415.jpg
104108442047.jpg,104108971045.jpg,104108971045.jpg
104108598402.jpg,104108926443.jpg,104108926443.jpg
104108894082.jpg,104108597661.jpg,104108894082.jpg
104109010293.jpg,104108703120.jpg,104109010293.jpg
104108295662.jpg,104108925239.jpg,104108925239.jpg
104108773563.jpg,104108799848.jpg,104108773563.jpg
104108859766.jpg,104108854371.jpg,104108859766.jpg
104108745885.jpg,104108790088.jpg,104108745885.jpg
104108646106.jpg,104108683768.jpg,104108683768.jpg
104108757423.jpg,104108907676.jpg,104108757423.jpg
104109044506.jpg,104108979500.jpg,104109044506.jpg
104108964030.jpg,104106769963.jpg,104106769963.jpg
104108876134.jpg,104108701046.jpg,104108876134.jpg
104108740569.jpg,104108504580.jpg,104108504580.jpg
104108897301.jpg,104108849407.jpg,104108897301.jpg
104108342587.jpg,104108282347.jpg,104108342587.jpg
104108990768.jpg,104106057649.jpg,104106057649.jpg
104108785710.jpg,104107512304.jpg,104107512304.jpg
104108626167.jpg,104108730392.jpg,104108730392.jpg
104108758944.jpg,104108976984.jpg,104108758944.jpg
104108929764.jpg,104108740569.jpg,104108929764.jpg
104108857740.jpg,104108317853.jpg,104108317853.jpg
104108836631.jpg,104108810212.jpg,104108810212.jpg
104108973712.jpg,104108967028.jpg,104108967028.jpg
104108688960.jpg,104109078999.jpg,104109078999.jpg
104108655852.jpg,104108295662.jpg,104108295662.jpg
104108729176.jpg,104108642604.jpg,104108729176.jpg
104108987545.jpg,104108140332.jpg,104108140332.jpg
104108729176.jpg,104108839865.jpg,104108729176.jpg
104108933035.jpg,104107144403.jpg,104108933035.jpg
104108045572.jpg,104107525811.jpg,104107525811.jpg
104108752262.jpg,104108253740.jpg,104108752262.jpg
104107340288.jpg,104108826085.jpg,104107340288.jpg
104108601667.jpg,104107836185.jpg,104107836185.jpg
104108707624.jpg,104108775417.jpg,104108707624.jpg
104108793880.jpg,104108257061.jpg,104108793880.jpg
104108601239.jpg,104108683768.jpg,104108601239.jpg
104108952273.jpg,104108537471.jpg,104108537471.jpg
104109009682.jpg,104108612795.jpg,104109009682.jpg
104107777564.jpg,104108894082.jpg,104107777564.jpg
104108561221.jpg,104108926443.jpg,104108926443.jpg
104107350098.jpg,104108997771.jpg,104107350098.jpg
104107931630.jpg,104108990768.jpg,104107931630.jpg
104108812608.jpg,104107973752.jpg,104107973752.jpg
104109011054.jpg,104108114295.jpg,104108114295.jpg
104106881654.jpg,104108379716.jpg,104106881654.jpg
104108455088.jpg,104107573578.jpg,104108455088.jpg
104108613968.jpg,104109022874.jpg,104108613968.jpg
104108879762.jpg,104108622246.jpg,104108879762.jpg
104108626167.jpg,104108953299.jpg,104108626167.jpg
104108987911.jpg,104107550926.jpg,104108987911.jpg
104108725465.jpg,104108739176.jpg,104108739176.jpg
104108006544.jpg,104107526523.jpg,104107526523.jpg
104108004256.jpg,104108383685.jpg,104108383685.jpg
104108907676.jpg,104108981612.jpg,104108981612.jpg
104108729738.jpg,104108878064.jpg,104108729738.jpg
104108916291.jpg,104107512304.jpg,104107512304.jpg
104108799268.jpg,104108745648.jpg,104108745648.jpg
104108555767.jpg,104108285616.jpg,104108555767.jpg
104108988788.jpg,104108329417.jpg,104108329417.jpg
104107671918.jpg,104108465606.jpg,104108465606.jpg
104108933415.jpg,104108979500.jpg,104108933415.jpg
104108442047.jpg,104107931630.jpg,104108442047.jpg
104107350098.jpg,104108838791.jpg,104108838791.jpg
104108538306.jpg,104108906517.jpg,104108906517.jpg
104108568354.jpg,104108350295.jpg,104108568354.jpg
104108905183.jpg,104109057282.jpg,104109057282.jpg
104108597661.jpg,104108707416.jpg,104108597661.jpg
104105980871.jpg,104108432307.jpg,104108432307.jpg
104108525589.jpg,104108583735.jpg,104108525589.jpg
104108603773.jpg,104106813033.jpg,104106813033.jpg
104108525589.jpg,104108935073.jpg,104108525589.jpg
104107057634.jpg,104108910520.jpg,104107057634.jpg
104108853728.jpg,104107403238.jpg,104108853728.jpg
104108592506.jpg,104108993069.jpg,104108592506.jpg
104108973712.jpg,104108553448.jpg,104108553448.jpg
104108929764.jpg,104108740569.jpg,104108929764.jpg
104108979500.jpg,104109044506.jpg,104109044506.jpg
104108709585.jpg,104108225562.jpg,104108709585.jpg
104108764295.jpg,104108707416.jpg,104108764295.jpg
104108788617.jpg,104108970398.jpg,104108788617.jpg
104108814105.jpg,104107707060.jpg,104107707060.jpg
104106881654.jpg,104108967028.jpg,104106881654.jpg
104108125521.jpg,104108985619.jpg,104108125521.jpg
104109071073.jpg,104108482433.jpg,104108482433.jpg
104108942837.jpg,104108551485.jpg,104108551485.jpg
104108929350.jpg,104108086956.jpg,104108929350.jpg
104108764295.jpg,104108707416.jpg,104108764295.jpg
104108874835.jpg,104108703120.jpg,104108874835.jpg
104108988188.jpg,104107985531.jpg,104108988188.jpg
104108504580.jpg,104108916291.jpg,104108504580.jpg
104108703120.jpg,104108874835.jpg,104108874835.jpg
104108045572.jpg,104108964392.jpg,104108964392.jpg
104108839865.jpg,104108769212.jpg,104108769212.jpg
104109009682.jpg,104108718686.jpg,104109009682.jpg
104108870597.jpg,104108424749.jpg,104108870597.jpg
104108920377.jpg,104108482233.jpg,104108482233.jpg
104108729176.jpg,104108538306.jpg,104108729176.jpg
104106813033.jpg,104108050876.jpg,104106813033.jpg
104108984672.jpg,104108745014.jpg,104108745014.jpg
104106690875.jpg,104107112373.jpg,104106690875.jpg
104108442047.jpg,104107277214.jpg,104108442047.jpg
104108313767.jpg,104108607496.jpg,104108607496.jpg
104108920555.jpg,104106756808.jpg,104106756808.jpg
104107083244.jpg,104108568354.jpg,104108568354.jpg
104108525589.jpg,104105683403.jpg,104105683403.jpg
104108606686.jpg,104108814105.jpg,104108606686.jpg
104108443832.jpg,104108985619.jpg,104108985619.jpg
104108593196.jpg,104109011054.jpg,104109011054.jpg
104108933702.jpg,104108793880.jpg,104108933702.jpg
104107550926.jpg,104108989954.jpg,104107550926.jpg
104107258151.jpg,104106945388.jpg,104106945388.jpg
104108950576.jpg,104108897301.jpg,104108950576.jpg
104108866981.jpg,104108295662.jpg,104108295662.jpg
104108662703.jpg,104108439840.jpg,104108662703.jpg
104108593196.jpg,104108930083.jpg,104108930083.jpg
104107931630.jpg,104108442047.jpg,104108442047.jpg
104109071073.jpg,104108965923.jpg,104108965923.jpg
104107083244.jpg,104108979815.jpg,104108979815.jpg
104108544266.jpg,104108732600.jpg,104108732600.jpg
104108860715.jpg,104108857740.jpg,104108860715.jpg
104108455088.jpg,104108734198.jpg,104108455088.jpg
104108584673.jpg,104108447874.jpg,104108447874.jpg
104108004071.jpg,104107819138.jpg,104108004071.jpg
104107427714.jpg,104109038191.jpg,104107427714.jpg
104108465606.jpg,104107777564.jpg,104107777564.jpg
104107931630.jpg,104108583735.jpg,104107931630.jpg
104107258151.jpg,104108950576.jpg,104108950576.jpg
104108622201.jpg,104108281868.jpg,104108622201.jpg
104108965923.jpg,104108341967.jpg,104108341967.jpg
104108785710.jpg,104108006544.jpg,104108006544.jpg
104107525811.jpg,104108426589.jpg,104107525811.jpg
104108458011.jpg,104106936543.jpg,104106936543.jpg
104108379716.jpg,104108707624.jpg,104108707624.jpg
104108979500.jpg,104108920377.jpg,104108979500.jpg
104108378455.jpg,104108988188.jpg,104108988188.jpg
104107134966.jpg,104108253740.jpg,104107134966.jpg
104108423834.jpg,104107185014.jpg,104107185014.jpg
104107083244.jpg,104108876134.jpg,104108876134.jpg
104108790045.jpg,104108601667.jpg,104108790045.jpg
104109005505.jpg,104108970398.jpg,104108970398.jpg
104107110878.jpg,104109049053.jpg,104109049053.jpg
104108375027.jpg,104109027205.jpg,104108375027.jpg
104109005490.jpg,104108878064.jpg,104109005490.jpg
104107526523.jpg,104108790045.jpg,104108790045.jpg
104108931149.jpg,104108785710.jpg,104108931149.jpg
104107305834.jpg,104108329417.jpg,104108329417.jpg
104108774096.jpg,104107850200.jpg,104107850200.jpg
104108799848.jpg,104108598402.jpg,104108799848.jpg
104108764295.jpg,104108385467.jpg,104108764295.jpg
104109063442.jpg,104108920555.jpg,104108920555.jpg
104106746366.jpg,104108041370.jpg,104106746366.jpg
104108929350.jpg,104108788617.jpg,104108788617.jpg
104108757604.jpg,104107985531.jpg,104108757604.jpg
104108879762.jpg,104108603862.jpg,104108879762.jpg
104108972455.jpg,104108231125.jpg,104108972455.jpg
104108688960.jpg,104108707416.jpg,104108707416.jpg
104107512304.jpg,104108920656.jpg,104107512304.jpg
104109053645.jpg,104107844041.jpg,104109053645.jpg
104108827215.jpg,104108583839.jpg,104108583839.jpg
104108439840.jpg,104108859766.jpg,104108859766.jpg
104108746964.jpg,104108972455.jpg,104108972455.jpg
104108373886.jpg,104107844041.jpg,104108373886.jpg
104108583735.jpg,104108424749.jpg,104108424749.jpg
104107289175.jpg,104108979815.jpg,104108979815.jpg
104106936543.jpg,104109029831.jpg,104106936543.jpg
104108979500.jpg,104108447874.jpg,104108447874.jpg
104108701046.jpg,104108729176.jpg,104108729176.jpg
104108866643.jpg,104108703120.jpg,104108866643.jpg
104108329417.jpg,104108989954.jpg,104108329417.jpg
104108272389.jpg,104108987545.jpg,104108272389.jpg
104108745962.jpg,104106750365.jpg,104106750365.jpg
104108760626.jpg,104108745014.jpg,104108745014.jpg
104108926551.jpg,104108627229.jpg,104108627229.jpg
104108997771.jpg,104108125521.jpg,104108125521.jpg
104107671918.jpg,104108299949.jpg,104108299949.jpg
104107973752.jpg,104108812608.jpg,104107973752.jpg
104108331324.jpg,104109090435.jpg,104108331324.jpg
104108707962.jpg,104107819138.jpg,104108707962.jpg
104109039511.jpg,104107144403.jpg,104109039511.jpg
104108931149.jpg,104108331521.jpg,104108331521.jpg
104109086516.jpg,104108424749.jpg,104109086516.jpg
104108874835.jpg,104108410829.jpg,104108874835.jpg
104107566104.jpg,104106936543.jpg,104106936543.jpg
104108907676.jpg,104108482233.jpg,104108482233.jpg
104108754062.jpg,104108788928.jpg,104108788928.jpg
104107156101.jpg,104108739176.jpg,104107156101.jpg
104106881654.jpg,104109052464.jpg,104106881654.jpg
104108826085.jpg,104108504580.jpg,104108826085.jpg
104108857740.jpg,104108317853.jpg,104108317853.jpg
104108402765.jpg,104109014683.jpg,104109014683.jpg
104109016876.jpg,104108983415.jpg,104109016876.jpg
104108957038.jpg,104108995273.jpg,104108957038.jpg
104108683768.jpg,104107785618.jpg,104108683768.jpg
104108551485.jpg,104108601667.jpg,104108551485.jpg
104108933035.jpg,104109028923.jpg,104108933035.jpg
104108543776.jpg,104108869071.jpg,104108543776.jpg
104108739176.jpg,104109017528.jpg,104109017528.jpg
104108799268.jpg,104108945282.jpg,104108945282.jpg
104108317853.jpg,104108971045.jpg,104108971045.jpg
104108894082.jpg,104108630890.jpg,104108630890.jpg
104108996622.jpg,104108504580.jpg,104108504580.jpg
104108853728.jpg,104108894082.jpg,104108894082.jpg
104107096406.jpg,104108992130.jpg,104107096406.jpg
104108544828.jpg,104108820409.jpg,104108544828.jpg
104107455173.jpg,104109020493.jpg,104107455173.jpg
104108969952.jpg,104108302429.jpg,104108969952.jpg
104108947440.jpg,104108839146.jpg,104108839146.jpg
104108302429.jpg,104108391504.jpg,104108391504.jpg
104108958236.jpg,104107408279.jpg,104107408279.jpg
104108334861.jpg,104108163803.jpg,104108334861.jpg
104106931220.jpg,104108839865.jpg,104106931220.jpg
104108597661.jpg,104109052464.jpg,104108597661.jpg
104108667134.jpg,104107086323.jpg,104108667134.jpg
104109079480.jpg,104108970398.jpg,104108970398.jpg
104108754062.jpg,104109016876.jpg,104109016876.jpg
104108649028.jpg,104108781507.jpg,104108781507.jpg
104108745648.jpg,104108538409.jpg,104108745648.jpg
104109007141.jpg,104108462484.jpg,104108462484.jpg
104108850287.jpg,104108896286.jpg,104108896286.jpg
104108701046.jpg,104107819138.jpg,104107819138.jpg
104108391504.jpg,104108929764.jpg,104108929764.jpg
104108798362.jpg,104108045572.jpg,104108798362.jpg
104108879762.jpg,104104481434.jpg,104108879762.jpg
104108953299.jpg,104108729464.jpg,104108729464.jpg
104108253740.jpg,104108140332.jpg,104108140332.jpg
104106715634.jpg,104108467765.jpg,104108467765.jpg
104108859766.jpg,104108438364.jpg,104108859766.jpg
104109016876.jpg,104108504580.jpg,104109016876.jpg
104108584673.jpg,104108424749.jpg,104108584673.jpg
104108866643.jpg,104109016876.jpg,104109016876.jpg
104108313767.jpg,104108622246.jpg,104108313767.jpg
104108785710.jpg,104108931149.jpg,104108931149.jpg
104107795179.jpg,104108783257.jpg,104108783257.jpg
104108827215.jpg,104108972455.jpg,104108972455.jpg
104107973752.jpg,104108790088.jpg,104107973752.jpg
104108953299.jpg,104108560046.jpg,104108560046.jpg
104108647249.jpg,104108050876.jpg,104108647249.jpg
104107550926.jpg,104108926443.jpg,104108926443.jpg
104108859766.jpg,104108780545.jpg,104108859766.jpg
104108259525.jpg,104107796270.jpg,104107796270.jpg
104106837135.jpg,104108917829.jpg,104108917829.jpg
104108718686.jpg,104108475014.jpg,104108475014.jpg
104108754062.jpg,104109057340.jpg,104108754062.jpg
104108942837.jpg,104108916291.jpg,104108916291.jpg
104109075036.jpg,104108965923.jpg,104109075036.jpg
104108612795.jpg,104108953299.jpg,104108953299.jpg
104108482433.jpg,104108995273.jpg,104108995273.jpg
104108745648.jpg,104108929764.jpg,104108929764.jpg
104108789981.jpg,104108930083.jpg,104108789981.jpg
104108648056.jpg,104108607496.jpg,104108607496.jpg
104106729605.jpg,104108623685.jpg,104106729605.jpg
104106715634.jpg,104108988788.jpg,104106715634.jpg
104108757423.jpg,104107096406.jpg,104107096406.jpg
104108764295.jpg,104108850287.jpg,104108764295.jpg
104108622359.jpg,104108964030.jpg,104108622359.jpg
104107057634.jpg,104107525811.jpg,104107057634.jpg
104107707060.jpg,104108460439.jpg,104108460439.jpg
104109008763.jpg,104108743726.jpg,104108743726.jpg
104108745648.jpg,104108971431.jpg,104108971431.jpg
104108930083.jpg,104108789981.jpg,104108789981.jpg
104108783257.jpg,104108794974.jpg,104108783257.jpg
104108839187.jpg,104108426589.jpg,104108839187.jpg
104108850287.jpg,104108553448.jpg,104108553448.jpg
104106881654.jpg,104109052464.jpg,104106881654.jpg
104109103352.jpg,104108603773.jpg,104108603773.jpg
104108849407.jpg,104108745014.jpg,104108745014.jpg
104108836631.jpg,104108537471.jpg,104108537471.jpg
104108812334.jpg,104107090377.jpg,104108812334.jpg
104108746964.jpg,104105683403.jpg,104105683403.jpg
104108933415.jpg,104108584673.jpg,104108933415.jpg
104108866643.jpg,104109016876.jpg,104109016876.jpg
104109038191.jpg,104108331521.jpg,104108331521.jpg
104108317853.jpg,104107277214.jpg,104108317853.jpg
104108231125.jpg,104106936543.jpg,104108231125.jpg
104108793880.jpg,104108933702.jpg,104108933702.jpg
104108984172.jpg,104106881654.jpg,104106881654.jpg
104108994336.jpg,104108707416.jpg,104108994336.jpg
104106894431.jpg,104107707060.jpg,104106894431.jpg
104108537471.jpg,104107540001.jpg,104108537471.jpg
104108973712.jpg,104108850287.jpg,104108973712.jpg
104107112373.jpg,104108331324.jpg,104108331324.jpg
104108531872.jpg,104107931630.jpg,104108531872.jpg
104108442047.jpg,104108595272.jpg,104108595272.jpg
104108648056.jpg,104107185014.jpg,104107185014.jpg
104108953299.jpg,104108757423.jpg,104108953299.jpg
104107427714.jpg,104107552461.jpg,104107427714.jpg
104107563575.jpg,104108865747.jpg,104108865747.jpg
104108525589.jpg,104108516063.jpg,104108525589.jpg
104107185014.jpg,104106734438.jpg,104107185014.jpg
104108888885.jpg,104108403161.jpg,104108888885.jpg
104108888885.jpg,104108853728.jpg,104108853728.jpg
104108331521.jpg,104108374459.jpg,104108331521.jpg
104106852409.jpg,104107566104.jpg,104106852409.jpg
104108516063.jpg,104108958555.jpg,104108958555.jpg
104108423834.jpg,104108800692.jpg,104108800692.jpg
104108950576.jpg,104108745014.jpg,104108745014.jpg
104105683403.jpg,104108509884.jpg,104105683403.jpg
104108814105.jpg,104108595272.jpg,104108595272.jpg
104108729738.jpg,104108726540.jpg,104108726540.jpg
104106813033.jpg,104108006544.jpg,104106813033.jpg
104108799848.jpg,104108773563.jpg,104108773563.jpg
104108374459.jpg,104108678419.jpg,104108678419.jpg
104108537471.jpg,104108655852.jpg,104108537471.jpg
104108953674.jpg,104107540001.jpg,104107540001.jpg
104108739992.jpg,104109023688.jpg,104109023688.jpg
104108758944.jpg,104108976984.jpg,104108758944.jpg
104108543776.jpg,104108810212.jpg,104108543776.jpg
104108383685.jpg,104108870597.jpg,104108870597.jpg
104108775417.jpg,104108931680.jpg,104108931680.jpg
104108622246.jpg,104108313767.jpg,104108313767.jpg
104108622319.jpg,104109010635.jpg,104109010635.jpg
104108990768.jpg,104108086956.jpg,104108990768.jpg
104108839865.jpg,104109042223.jpg,104109042223.jpg
104108050876.jpg,104106813033.jpg,104106813033.jpg
104108622246.jpg,104108912548.jpg,104108912548.jpg
104108050876.jpg,104108647249.jpg,104108647249.jpg
104108603862.jpg,104108097531.jpg,104108603862.jpg
104108905183.jpg,104108653387.jpg,104108653387.jpg
104107479776.jpg,104107239815.jpg,104107239815.jpg
104107112373.jpg,104106690875.jpg,104106690875.jpg
104108622359.jpg,104106734438.jpg,104108622359.jpg
104108482433.jpg,104108965923.jpg,104108965923.jpg
104108986978.jpg,104108601239.jpg,104108601239.jpg
104107001320.jpg,104108933415.jpg,104108933415.jpg
104108259525.jpg,104108753924.jpg,104108259525.jpg
104107083244.jpg,104108568354.jpg,104108568354.jpg
104108024282.jpg,104107526523.jpg,104108024282.jpg
104108299949.jpg,104108298920.jpg,104108298920.jpg
104108598402.jpg,104108703120.jpg,104108598402.jpg
104109044506.jpg,104108576174.jpg,104109044506.jpg
104108914376.jpg,104108769212.jpg,104108769212.jpg
104108783945.jpg,104107144403.jpg,104108783945.jpg
104108592506.jpg,104108993069.jpg,104108592506.jpg
104108979500.jpg,104108920377.jpg,104108979500.jpg
104108424232.jpg,104108740569.jpg,104108424232.jpg
104107479776.jpg,104108688960.jpg,104107479776.jpg
104108613968.jpg,104108707962.jpg,104108613968.jpg
104108798362.jpg,104108730392.jpg,104108798362.jpg
104108707005.jpg,104106945388.jpg,104106945388.jpg
104108804256.jpg,104108789981.jpg,104108789981.jpg
104108655852.jpg,104108482233.jpg,104108482233.jpg
104107090377.jpg,104108597661.jpg,104108597661.jpg
104109038191.jpg,104109022874.jpg,104109038191.jpg
104108845850.jpg,104108859766.jpg,104108859766.jpg
104108342587.jpg,104108926551.jpg,104108926551.jpg
104107258151.jpg,104108259525.jpg,104107258151.jpg
104108583839.jpg,104108804256.jpg,104108583839.jpg
104107184967.jpg,104106715943.jpg,104106715943.jpg
104108780545.jpg,104108552929.jpg,104108552929.jpg
104108509599.jpg,104108793880.jpg,104108793880.jpg
104109016876.jpg,104107566104.jpg,104109016876.jpg
104108942837.jpg,104108531872.jpg,104108531872.jpg
104108933772.jpg,104107086323.jpg,104107086323.jpg
104108999963.jpg,104108964392.jpg,104108999963.jpg
104108971045.jpg,104109088490.jpg,104108971045.jpg
104107408279.jpg,104109008763.jpg,104107408279.jpg
104108593196.jpg,104108695903.jpg,104108695903.jpg
104108916291.jpg,104108432307.jpg,104108432307.jpg
104107096406.jpg,104108482233.jpg,104107096406.jpg
104108163803.jpg,104108856628.jpg,104108163803.jpg
104108560046.jpg,104108849407.jpg,104108560046.jpg
104108630890.jpg,104107777564.jpg,104107777564.jpg
104108929350.jpg,104107573578.jpg,104107573578.jpg
104108606686.jpg,104108652136.jpg,104108652136.jpg
104108795931.jpg,104109039511.jpg,104109039511.jpg
104109063442.jpg,104108048695.jpg,104108048695.jpg
104108799848.jpg,104108773563.jpg,104108773563.jpg
104108791651.jpg,104107277214.jpg,104108791651.jpg
104109007141.jpg,104108745648.jpg,104108745648.jpg
104108298920.jpg,104108729176.jpg,104108729176.jpg
104108653387.jpg,104108884118.jpg,104108653387.jpg
104108337629.jpg,104108977018.jpg,104108337629.jpg
104108652136.jpg,104108798362.jpg,104108652136.jpg
104109088490.jpg,104107096406.jpg,104107096406.jpg
104108432307.jpg,104108876134.jpg,104108876134.jpg
104108979815.jpg,104107083244.jpg,104108979815.jpg
104107305834.jpg,104108558803.jpg,104108558803.jpg
104108931680.jpg,104108775417.jpg,104108931680.jpg
104108690599.jpg,104108695903.jpg,104108690599.jpg
104108729176.jpg,104108799268.jpg,104108729176.jpg
104108383685.jpg,104108981612.jpg,104108981612.jpg
104108987911.jpg,104106715634.jpg,104108987911.jpg
104109008763.jpg,104107408279.jpg,104107408279.jpg
104107563575.jpg,104108609843.jpg,104108609843.jpg
104107250587.jpg,104108597661.jpg,104107250587.jpg
104109027205.jpg,104108402765.jpg,104108402765.jpg
104108323626.jpg,104108509884.jpg,104108509884.jpg
104108426319.jpg,104108285616.jpg,104108426319.jpg
104108933035.jpg,104108689696.jpg,104108933035.jpg
104108603862.jpg,104108745648.jpg,104108745648.jpg
104107156101.jpg,104108424232.jpg,104108424232.jpg
104108125521.jpg,104108630923.jpg,104108125521.jpg
104109103352.jpg,104108888986.jpg,104108888986.jpg
104108331324.jpg,104107112373.jpg,104108331324.jpg
104108953299.jpg,104108114295.jpg,104108953299.jpg
104109005505.jpg,104107785618.jpg,104109005505.jpg
104106746366.jpg,104108552929.jpg,104106746366.jpg
104108769212.jpg,104107777564.jpg,104107777564.jpg
104109053645.jpg,104107844041.jpg,104109053645.jpg
104108839146.jpg,104106709500.jpg,104106709500.jpg
104108969697.jpg,104109008763.jpg,104108969697.jpg
104108460439.jpg,104108707005.jpg,104108460439.jpg
104108378455.jpg,104108479327.jpg,104108378455.jpg
104106852409.jpg,104108558803.jpg,104108558803.jpg
104108947440.jpg,104108775417.jpg,104108775417.jpg
104109007141.jpg,104108462484.jpg,104108462484.jpg
104108707624.jpg,104108379716.jpg,104108707624.jpg
104107096406.jpg,104108757423.jpg,104107096406.jpg
104107850200.jpg,104108743726.jpg,104108743726.jpg
104108983415.jpg,104108424232.jpg,104108424232.jpg
104108746964.jpg,104109048481.jpg,104108746964.jpg
104108865747.jpg,104107525811.jpg,104108865747.jpg
104108963586.jpg,104109014683.jpg,104109014683.jpg
104109011054.jpg,104108753924.jpg,104109011054.jpg
104107305834.jpg,104108455088.jpg,104107305834.jpg
104108926551.jpg,104108879762.jpg,104108879762.jpg
104109103352.jpg,104108522829.jpg,104108522829.jpg
104109022874.jpg,104107560265.jpg,104109022874.jpg
104109057282.jpg,104108561221.jpg,104109057282.jpg
104107277214.jpg,104104481434.jpg,104104481434.jpg
104108568354.jpg,104109017528.jpg,104109017528.jpg
104108897301.jpg,104108281868.jpg,104108281868.jpg
104109057282.jpg,104108780545.jpg,104109057282.jpg
104108969952.jpg,104107181532.jpg,104108969952.jpg
104108790088.jpg,104107836185.jpg,104107836185.jpg
104108391504.jpg,104108302429.jpg,104108391504.jpg
104108136936.jpg,104106813033.jpg,104106813033.jpg
104109020493.jpg,104108812608.jpg,104109020493.jpg
104108888653.jpg,104108964392.jpg,104108888653.jpg
104108295496.jpg,104108482433.jpg,104108295496.jpg
104109048481.jpg,104109005505.jpg,104109048481.jpg
104108876134.jpg,104108432307.jpg,104108876134.jpg
104108543776.jpg,104108769212.jpg,104108543776.jpg
104108298920.jpg,104109007141.jpg,104108298920.jpg
104109052464.jpg,104108458011.jpg,104109052464.jpg
104106690875.jpg,104108649028.jpg,104106690875.jpg
104108964392.jpg,104108994336.jpg,104108994336.jpg
104108615890.jpg,104108140332.jpg,104108615890.jpg
104109053645.jpg,104107785618.jpg,104109053645.jpg
104108783257.jpg,104108272389.jpg,104108272389.jpg
104108426319.jpg,104108542880.jpg,104108426319.jpg
104105588631.jpg,104107503214.jpg,104107503214.jpg
104107408279.jpg,104108958236.jpg,104107408279.jpg
104108623685.jpg,104108566263.jpg,104108566263.jpg
104108560046.jpg,104108982061.jpg,104108560046.jpg
104108971431.jpg,104107286515.jpg,104108971431.jpg
104108772466.jpg,104109008763.jpg,104108772466.jpg
104108785710.jpg,104108783257.jpg,104108783257.jpg
104108773563.jpg,104108198082.jpg,104108773563.jpg
104108829152.jpg,104108259525.jpg,104108829152.jpg
104107671918.jpg,104108968431.jpg,104107671918.jpg
104108558803.jpg,104107890258.jpg,104108558803.jpg
104108622359.jpg,104108820453.jpg,104108820453.jpg
104108609843.jpg,104108622246.jpg,104108609843.jpg
104108439840.jpg,104107185014.jpg,104107185014.jpg
104108646106.jpg,104108683768.jpg,104108683768.jpg
104108086956.jpg,104108601239.jpg,104108601239.jpg
104109081519.jpg,104108894082.jpg,104108894082.jpg
104108996622.jpg,104108403161.jpg,104108996622.jpg
104108404615.jpg,104108471272.jpg,104108471272.jpg
104108648056.jpg,104108979815.jpg,104108979815.jpg
104108707962.jpg,104108987545.jpg,104108707962.jpg
104106802049.jpg,104108607496.jpg,104106802049.jpg
104109033778.jpg,104107445277.jpg,104107445277.jpg
104108878064.jpg,104108299949.jpg,104108299949.jpg
104107503214.jpg,104108940280.jpg,104107503214.jpg
104108622201.jpg,104108810212.jpg,104108622201.jpg
104108471272.jpg,104108827215.jpg,104108471272.jpg
104108729176.jpg,104108701046.jpg,104108729176.jpg
104108662703.jpg,104108439840.jpg,104108662703.jpg
104108989567.jpg,104108739176.jpg,104108989567.jpg
104109004950.jpg,104108888653.jpg,104108888653.jpg
104108272389.jpg,104108963586.jpg,104108272389.jpg
104108482233.jpg,104108149725.jpg,104108482233.jpg
104108894082.jpg,104108426319.jpg,104108426319.jpg
104108888986.jpg,104108603773.jpg,104108888986.jpg
104108963586.jpg,104108969952.jpg,104108963586.jpg
104108050876.jpg,104108601239.jpg,104108601239.jpg
104108149725.jpg,104108839187.jpg,104108839187.jpg
104108987911.jpg,104108404615.jpg,104108987911.jpg
104108925239.jpg,104108295662.jpg,104108925239.jpg
104108780545.jpg,104108442047.jpg,104108442047.jpg
104108334861.jpg,104109023688.jpg,104108334861.jpg
104108917829.jpg,104107524436.jpg,104108917829.jpg
104108689696.jpg,104108555767.jpg,104108555767.jpg
104108739176.jpg,104108725465.jpg,104108739176.jpg
104107250587.jpg,104107844041.jpg,104107250587.jpg
104107785618.jpg,104108583839.jpg,104108583839.jpg
104108933702.jpg,104108931542.jpg,104108933702.jpg
104107239815.jpg,104108933772.jpg,104107239815.jpg
104108442047.jpg,104108558803.jpg,104108558803.jpg
104108788928.jpg,104108777350.jpg,104108788928.jpg
104108865747.jpg,104107563575.jpg,104108865747.jpg
104108331324.jpg,104109029831.jpg,104108331324.jpg
104108757604.jpg,104108285616.jpg,104108285616.jpg
104107134966.jpg,104108253740.jpg,104107134966.jpg
104108992130.jpg,104108985360.jpg,104108992130.jpg
104107525811.jpg,104108462484.jpg,104108462484.jpg
104109090435.jpg,104108378455.jpg,104108378455.jpg
104108587526.jpg,104109071073.jpg,104109071073.jpg
104108163803.jpg,104107858772.jpg,104108163803.jpg
104106709500.jpg,104108630312.jpg,104106709500.jpg
104109103352.jpg,104107563575.jpg,104109103352.jpg
104108048695.jpg,104109063442.jpg,104108048695.jpg
104108482233.jpg,104109072715.jpg,104108482233.jpg
104108734198.jpg,104109011775.jpg,104109011775.jpg
104108373886.jpg,104108642604.jpg,104108373886.jpg
104108323626.jpg,104108695903.jpg,104108695903.jpg
104108086956.jpg,104108839146.jpg,104108839146.jpg
104107156101.jpg,104108652136.jpg,104108652136.jpg
104109071073.jpg,104108972455.jpg,104108972455.jpg
104108979815.jpg,104107083244.jpg,104108979815.jpg
104108163803.jpg,104108982061.jpg,104108163803.jpg
104108790088.jpg,104107252612.jpg,104107252612.jpg
104108198082.jpg,104108542880.jpg,104108542880.jpg
104108364492.jpg,104107001320.jpg,104107001320.jpg
104109033778.jpg,104107239815.jpg,104109033778.jpg
104109046484.jpg,104108486750.jpg,104109046484.jpg
104108804256.jpg,104108583839.jpg,104108583839.jpg
104106936543.jpg,104109029831.jpg,104106936543.jpg
104108595636.jpg,104107858772.jpg,104108595636.jpg
104106881654.jpg,104108984172.jpg,104106881654.jpg
104108856552.jpg,104108424195.jpg,104108856552.jpg
104108707416.jpg,104108688960.jpg,104108707416.jpg
104109027205.jpg,104108373886.jpg,104108373886.jpg
104108455088.jpg,104107858772.jpg,104108455088.jpg
104108999963.jpg,104108931149.jpg,104108999963.jpg
104108504580.jpg,104108740569.jpg,104108504580.jpg
104108701046.jpg,104108410829.jpg,104108701046.jpg
104108982584.jpg,104106945388.jpg,104106945388.jpg
104108341967.jpg,104107110878.jpg,104108341967.jpg
104108971431.jpg,104109088490.jpg,104108971431.jpg
104108866981.jpg,104108917829.jpg,104108917829.jpg
104108050876.jpg,104107566104.jpg,104107566104.jpg
104109074652.jpg,104107110878.jpg,104109074652.jpg
104108753924.jpg,104108374459.jpg,104108374459.jpg
104105980871.jpg,104108086956.jpg,104105980871.jpg
104107277214.jpg,104109011054.jpg,104109011054.jpg
104108746166.jpg,104108607496.jpg,104108607496.jpg
104108682136.jpg,104107427714.jpg,104107427714.jpg
104108930083.jpg,104108623685.jpg,104108930083.jpg
104108869071.jpg,104108543776.jpg,104108543776.jpg
104108653387.jpg,104109044506.jpg,104108653387.jpg
104108538409.jpg,104108695903.jpg,104108695903.jpg
104108860715.jpg,104106057649.jpg,104106057649.jpg
104107560265.jpg,104108682136.jpg,104108682136.jpg
104108760626.jpg,104108984172.jpg,104108984172.jpg
104108952273.jpg,104109004950.jpg,104109004950.jpg
104108707416.jpg,104108995273.jpg,104108995273.jpg
104108945746.jpg,104108004256.jpg,104108945746.jpg
104108350295.jpg,104108006544.jpg,104108006544.jpg
104107931630.jpg,104108799268.jpg,104107931630.jpg
104108925239.jpg,104108295662.jpg,104108925239.jpg
104108894082.jpg,104107289175.jpg,104108894082.jpg
104109051954.jpg,104109007141.jpg,104109051954.jpg
104108337629.jpg,104106881654.jpg,104106881654.jpg
104108858221.jpg,104108920377.jpg,104108920377.jpg
104107973752.jpg,104108045572.jpg,104107973752.jpg
104108967028.jpg,104106881654.jpg,104106881654.jpg
104108958555.jpg,104108024282.jpg,104108024282.jpg
104108967028.jpg,104108350295.jpg,104108967028.jpg
104108994336.jpg,104108383685.jpg,104108994336.jpg
104108649028.jpg,104106690875.jpg,104106690875.jpg
104108729738.jpg,104108272389.jpg,104108272389.jpg
104109053645.jpg,104108622246.jpg,104109053645.jpg
104107722079.jpg,104108866643.jpg,104108866643.jpg
104108853728.jpg,104108888885.jpg,104108853728.jpg
104108467765.jpg,104107238512.jpg,104108467765.jpg
104108423834.jpg,104106729605.jpg,104106729605.jpg
104108443832.jpg,104108985619.jpg,104108985619.jpg
104107985531.jpg,104108988188.jpg,104108988188.jpg
104108525589.jpg,104108079090.jpg,104108525589.jpg
104108869071.jpg,104108611766.jpg,104108869071.jpg
104108615890.jpg,104105980871.jpg,104108615890.jpg
104108442047.jpg,104107931630.jpg,104108442047.jpg
104108603862.jpg,104108879762.jpg,104108879762.jpg
104109070181.jpg,104108670376.jpg,104108670376.jpg
104108789981.jpg,104108374459.jpg,104108789981.jpg
104108331324.jpg,104107305834.jpg,104108331324.jpg
104108640643.jpg,104108953299.jpg,104108640643.jpg
104108993069.jpg,104108850287.jpg,104108993069.jpg
104104481434.jpg,104107238512.jpg,104107238512.jpg
104108079090.jpg,104108538409.jpg,104108538409.jpg
104109090435.jpg,104108701046.jpg,104108701046.jpg
104106802049.jpg,104108607496.jpg,104106802049.jpg
104108045572.jpg,104108798362.jpg,104108798362.jpg
104108827215.jpg,104108984672.jpg,104108984672.jpg
104108793880.jpg,104108257061.jpg,104108793880.jpg
104109046484.jpg,104108486750.jpg,104109046484.jpg
104107479776.jpg,104106931220.jpg,104106931220.jpg
104109046484.jpg,104107479776.jpg,104109046484.jpg
104108997771.jpg,104108551485.jpg,104108551485.jpg
104108259525.jpg,104107258151.jpg,104107258151.jpg
104108584673.jpg,104106936543.jpg,104106936543.jpg
104107973752.jpg,104108556974.jpg,104107973752.jpg
104108516063.jpg,104108883315.jpg,104108883315.jpg
104108006544.jpg,104108945282.jpg,104108945282.jpg
104108707005.jpg,104109044506.jpg,104109044506.jpg
104108455579.jpg,104108982584.jpg,104108455579.jpg
104108295496.jpg,104107090377.jpg,104108295496.jpg
104108424749.jpg,104108097533.jpg,104108097533.jpg
104107096406.jpg,104108482233.jpg,104107096406.jpg
104108642604.jpg,104108984172.jpg,104108984172.jpg
104107785618.jpg,104109005505.jpg,104109005505.jpg
104108410829.jpg,104108829152.jpg,104108829152.jpg
104108986978.jpg,104107057634.jpg,104108986978.jpg
104108800692.jpg,104108777350.jpg,104108777350.jpg
104108931149.jpg,104108985360.jpg,104108931149.jpg
104108773563.jpg,104108775417.jpg,104108773563.jpg
104109053645.jpg,104108981612.jpg,104109053645.jpg
104108403161.jpg,104109004950.jpg,104109004950.jpg
104108613968.jpg,104105588631.jpg,104108613968.jpg
104108455579.jpg,104108853728.jpg,104108455579.jpg
104107001320.jpg,104108745962.jpg,104107001320.jpg
104108729738.jpg,104107427714.jpg,104107427714.jpg
104108649028.jpg,104106820573.jpg,104106820573.jpg
104108758944.jpg,104108649028.jpg,104108758944.jpg
104108508211.jpg,104108259525.jpg,104108508211.jpg
104108259525.jpg,104108829152.jpg,104108829152.jpg
104108538409.jpg,104107340288.jpg,104107340288.jpg
104109004950.jpg,104108048695.jpg,104109004950.jpg
104108282347.jpg,104108622246.jpg,104108282347.jpg
104109046484.jpg,104108814105.jpg,104109046484.jpg
104108584673.jpg,104108745885.jpg,104108745885.jpg
104108979500.jpg,104108447874.jpg,104108447874.jpg
104109039511.jpg,104106715634.jpg,104109039511.jpg
104109075036.jpg,104107985531.jpg,104109075036.jpg
104108945282.jpg,104108799268.jpg,104108945282.jpg
104108957038.jpg,104109046484.jpg,104108957038.jpg
104108678513.jpg,104108973712.jpg,104108678513.jpg
104108538409.jpg,104107238512.jpg,104108538409.jpg
104108607496.jpg,104108746166.jpg,104108607496.jpg
104108789981.jpg,104107445277.jpg,104108789981.jpg
104108670376.jpg,104109014683.jpg,104109014683.jpg
104108566263.jpg,104108475014.jpg,104108475014.jpg
104108024282.jpg,104108558415.jpg,104108558415.jpg
104108995273.jpg,104108647249.jpg,104108995273.jpg
104108929350.jpg,104108734198.jpg,104108929350.jpg
104108471272.jpg,104109005490.jpg,104108471272.jpg
104108630923.jpg,104109063442.jpg,104108630923.jpg
104108785710.jpg,104107560265.jpg,104107560265.jpg
104108781507.jpg,104108561221.jpg,104108781507.jpg
104108982061.jpg,104108583735.jpg,104108982061.jpg
104108045572.jpg,104107525811.jpg,104107525811.jpg
104105683403.jpg,104107552461.jpg,104105683403.jpg
104107795179.jpg,104108703120.jpg,104107795179.jpg
104107258151.jpg,104109053645.jpg,104109053645.jpg
104109033778.jpg,104107445277.jpg,104107445277.jpg
104107185014.jpg,104109027205.jpg,104107185014.jpg
104108858221.jpg,104108424195.jpg,104108424195.jpg
104108142104.jpg,104108701046.jpg,104108142104.jpg
104108800692.jpg,104108509884.jpg,104108800692.jpg
104108317853.jpg,104108916291.jpg,104108317853.jpg
104108985360.jpg,104109034938.jpg,104109034938.jpg
104108764295.jpg,104108850287.jpg,104108764295.jpg
104108597661.jpg,104107250587.jpg,104107250587.jpg
104108853728.jpg,104108870597.jpg,104108870597.jpg
104108630890.jpg,104109039511.jpg,104109039511.jpg
104108163803.jpg,104107858772.jpg,104108163803.jpg
104108965923.jpg,104109033778.jpg,104108965923.jpg
104109088490.jpg,104107096406.jpg,104107096406.jpg
104107340288.jpg,104108538409.jpg,104107340288.jpg
104106813033.jpg,104108136936.jpg,104106813033.jpg
104108935073.jpg,104108958236.jpg,104108958236.jpg
104109044506.jpg,104108979500.jpg,104109044506.jpg
104108568354.jpg,104108947440.jpg,104108568354.jpg
104108455088.jpg,104108544828.jpg,104108544828.jpg
104109010293.jpg,104109011775.jpg,104109010293.jpg
104108753924.jpg,104109011054.jpg,104109011054.jpg
104109079480.jpg,104108964030.jpg,104109079480.jpg
104108443832.jpg,104108552929.jpg,104108552929.jpg
104108383685.jpg,104107238512.jpg,104107238512.jpg
104108626167.jpg,104108865747.jpg,104108865747.jpg
104107185014.jpg,104108648056.jpg,104107185014.jpg
104108976984.jpg,104108758944.jpg,104108758944.jpg
104108105366.jpg,104109070181.jpg,104108105366.jpg
104107795179.jpg,104108989954.jpg,104108989954.jpg
104108993069.jpg,104109063442.jpg,104108993069.jpg
104108866643.jpg,104108457626.jpg,104108457626.jpg
104109088490.jpg,104108561221.jpg,104109088490.jpg
104108965923.jpg,104109007141.jpg,104108965923.jpg
104109042223.jpg,104107250587.jpg,104107250587.jpg
104108935073.jpg,104108707005.jpg,104108707005.jpg
104108878064.jpg,104108760626.jpg,104108760626.jpg
104109081519.jpg,104108982584.jpg,104108982584.jpg
104108822531.jpg,104108281868.jpg,104108281868.jpg
104108874835.jpg,104109023688.jpg,104108874835.jpg
104109034938.jpg,104108024282.jpg,104108024282.jpg
104108970189.jpg,104107258151.jpg,104108970189.jpg
104109005505.jpg,104108982061.jpg,104109005505.jpg
104108990768.jpg,104108707624.jpg,104108707624.jpg
104108794974.jpg,104108438364.jpg,104108438364.jpg
104108584673.jpg,104108640643.jpg,104108640643.jpg
104109017528.jpg,104108568354.jpg,104109017528.jpg
104108455579.jpg,104107563575.jpg,104108455579.jpg
104109079480.jpg,104108701046.jpg,104109079480.jpg
104108906517.jpg,104108987545.jpg,104108906517.jpg
104109049053.jpg,104108592506.jpg,104109049053.jpg
104107350098.jpg,104108551485.jpg,104108551485.jpg
104108971045.jpg,104109033778.jpg,104108971045.jpg
104107403238.jpg,104108931149.jpg,104107403238.jpg
104108707962.jpg,104108987545.jpg,104108707962.jpg
104108734198.jpg,104109011775.jpg,104109011775.jpg
104108810212.jpg,104108543776.jpg,104108543776.jpg
104109049053.jpg,104107110878.jpg,104109049053.jpg
104108623685.jpg,104108701046.jpg,104108701046.jpg
104108653387.jpg,104108884118.jpg,104108653387.jpg
104107796270.jpg,104108910520.jpg,104107796270.jpg
104109028923.jpg,104108931680.jpg,104109028923.jpg
104108950576.jpg,104108839187.jpg,104108839187.jpg
104106852409.jpg,104106734438.jpg,104106852409.jpg
104107525811.jpg,104108462484.jpg,104108462484.jpg
104108105366.jpg,104108970189.jpg,104108105366.jpg
104108285616.jpg,104106715943.jpg,104106715943.jpg
104108984672.jpg,104106813033.jpg,104106813033.jpg
104108752262.jpg,104108942837.jpg,104108752262.jpg
104108894082.jpg,104109081519.jpg,104108894082.jpg
104108622246.jpg,104108609843.jpg,104108609843.jpg
104108725465.jpg,104108850287.jpg,104108850287.jpg
104108584673.jpg,104108933415.jpg,104108933415.jpg
104107795179.jpg,104106852409.jpg,104106852409.jpg
104108947440.jpg,104108568354.jpg,104108568354.jpg
104108745014.jpg,104108006544.jpg,104108745014.jpg
104107890258.jpg,104108725465.jpg,104107890258.jpg
104108707005.jpg,104106945388.jpg,104106945388.jpg
104108967028.jpg,104108973712.jpg,104108967028.jpg
104108866981.jpg,104109022874.jpg,104109022874.jpg
104108957038.jpg,104108995273.jpg,104108957038.jpg
104108587526.jpg,104109071073.jpg,104109071073.jpg
104108658172.jpg,104108307753.jpg,104108658172.jpg
104106057649.jpg,104108990768.jpg,104106057649.jpg
104108827215.jpg,104108423834.jpg,104108827215.jpg
104109008763.jpg,104108298920.jpg,104108298920.jpg
104108916291.jpg,104108942837.jpg,104108916291.jpg
104109016876.jpg,104108627229.jpg,104108627229.jpg
104108894082.jpg,104109081519.jpg,104108894082.jpg
104109005490.jpg,104108667134.jpg,104108667134.jpg
104108969697.jpg,104108725465.jpg,104108969697.jpg
104108542880.jpg,104109103352.jpg,104108542880.jpg
104108678513.jpg,104108553448.jpg,104108678513.jpg
104108630312.jpg,104108302429.jpg,104108630312.jpg
104108878064.jpg,104108683768.jpg,104108683768.jpg
104107844041.jpg,104108142104.jpg,104108142104.jpg
104108683768.jpg,104107785618.jpg,104108683768.jpg
104108829152.jpg,104106837135.jpg,104108829152.jpg
104107340288.jpg,104108259525.jpg,104107340288.jpg
104108695903.jpg,104108538409.jpg,104108695903.jpg
104109079480.jpg,104108475014.jpg,104108475014.jpg
104108584673.jpg,104108745885.jpg,104108745885.jpg
104108977018.jpg,104108958485.jpg,104108958485.jpg
104106746366.jpg,104108627229.jpg,104108627229.jpg
104108926551.jpg,104109029831.jpg,104108926551.jpg
104108045572.jpg,104108919133.jpg,104108919133.jpg
104108670376.jpg,104107552461.jpg,104108670376.jpg
104108920377.jpg,104108858221.jpg,104108920377.jpg
104107252612.jpg,104108989954.jpg,104107252612.jpg
104108866643.jpg,104108888885.jpg,104108888885.jpg
104108560046.jpg,104108982061.jpg,104108560046.jpg
104108897301.jpg,104108910520.jpg,104108897301.jpg
104108678419.jpg,104107479776.jpg,104108678419.jpg
104109038191.jpg,104108987545.jpg,104109038191.jpg
104108995273.jpg,104108795931.jpg,104108995273.jpg
104108729738.jpg,104108373886.jpg,104108373886.jpg
104108958485.jpg,104108977018.jpg,104108958485.jpg
104108285616.jpg,104108555767.jpg,104108555767.jpg
104108555767.jpg,104108689696.jpg,104108555767.jpg
104108509884.jpg,104108323626.jpg,104108509884.jpg
104108984172.jpg,104108896286.jpg,104108984172.jpg
104108424232.jpg,104108774361.jpg,104108774361.jpg
104108595272.jpg,104108996622.jpg,104108595272.jpg
104108745648.jpg,104108929764.jpg,104108929764.jpg
104108729738.jpg,104106690875.jpg,104106690875.jpg
104108794974.jpg,104108925239.jpg,104108925239.jpg
104108097533.jpg,104106813033.jpg,104106813033.jpg
104108642604.jpg,104108916291.jpg,104108642604.jpg
104108773563.jpg,104108004071.jpg,104108004071.jpg
104108753924.jpg,104109023688.jpg,104109023688.jpg
104108734198.jpg,104109033778.jpg,104109033778.jpg
104108257061.jpg,104108379716.jpg,104108257061.jpg
104109010293.jpg,104108508211.jpg,104108508211.jpg
104108757423.jpg,104108460439.jpg,104108460439.jpg
104108689696.jpg,104108555767.jpg,104108555767.jpg
104108097531.jpg,104108603862.jpg,104108603862.jpg
104107777564.jpg,104108859766.jpg,104107777564.jpg
104107277214.jpg,104108732600.jpg,104108732600.jpg
104109022874.jpg,104108865747.jpg,104108865747.jpg
104109039511.jpg,104108856628.jpg,104109039511.jpg
104107184967.jpg,104109048481.jpg,104107184967.jpg
104108757604.jpg,104108601667.jpg,104108757604.jpg
104108926551.jpg,104108364492.jpg,104108926551.jpg
104108695903.jpg,104108757604.jpg,104108695903.jpg
104108458011.jpg,104108690599.jpg,104108690599.jpg
104108933702.jpg,104108334861.jpg,104108334861.jpg
104108981612.jpg,104108979815.jpg,104108979815.jpg
104108683768.jpg,104108543776.jpg,104108543776.jpg
104107890258.jpg,104108522829.jpg,104108522829.jpg
104108544266.jpg,104108486750.jpg,104108486750.jpg
104108140332.jpg,104105588631.jpg,104108140332.jpg
104107340288.jpg,104107289175.jpg,104107340288.jpg
104108606686.jpg,104108814105.jpg,104108606686.jpg
104106690875.jpg,104108583839.jpg,104108583839.jpg
104108613968.jpg,104108574933.jpg,104108613968.jpg
104108757423.jpg,104109011775.jpg,104109011775.jpg
104108442047.jpg,104108897301.jpg,104108442047.jpg
104108455088.jpg,104108544828.jpg,104108544828.jpg
104108050876.jpg,104108587526.jpg,104108050876.jpg
104106750365.jpg,104108764295.jpg,104106750365.jpg
104108465606.jpg,104106756808.jpg,104108465606.jpg
104108958555.jpg,104108516063.jpg,104108958555.jpg
104108839865.jpg,104108707005.jpg,104108707005.jpg
104107286515.jpg,104108576174.jpg,104107286515.jpg
104108598402.jpg,104108987911.jpg,104108987911.jpg
104108739176.jpg,104109017528.jpg,104109017528.jpg
104108798362.jpg,104106852409.jpg,104108798362.jpg
104108037471.jpg,104109063442.jpg,104108037471.jpg
104109079480.jpg,104108957038.jpg,104108957038.jpg
104108897301.jpg,104107503214.jpg,104108897301.jpg
104108538306.jpg,104108544828.jpg,104108544828.jpg
104108996622.jpg,104108403161.jpg,104108996622.jpg
104109086516.jpg,104108341967.jpg,104108341967.jpg
104108772466.jpg,104107850200.jpg,104108772466.jpg
104108979815.jpg,104107289175.jpg,104108979815.jpg
104108219831.jpg,104108874835.jpg,104108874835.jpg
104108622201.jpg,104108869071.jpg,104108869071.jpg
104108509599.jpg,104108935073.jpg,104108509599.jpg
104109044506.jpg,104108424749.jpg,104109044506.jpg
104109103352.jpg,104107563575.jpg,104109103352.jpg
104108788928.jpg,104108783945.jpg,104108783945.jpg
104108739176.jpg,104108622319.jpg,104108622319.jpg
104108439840.jpg,104107083244.jpg,104107083244.jpg
104109075036.jpg,104108879762.jpg,104108879762.jpg
104109008763.jpg,104108820453.jpg,104108820453.jpg
104108732600.jpg,104108251388.jpg,104108732600.jpg
104109017528.jpg,104109033778.jpg,104109017528.jpg
104108285616.jpg,104108426319.jpg,104108426319.jpg
104108799848.jpg,104108773563.jpg,104108773563.jpg
104108894082.jpg,104108630890.jpg,104108630890.jpg
104108834683.jpg,104108640643.jpg,104108834683.jpg
104108703120.jpg,104107250587.jpg,104107250587.jpg
104106936543.jpg,104108834683.jpg,104108834683.jpg
104108574933.jpg,104108760626.jpg,104108574933.jpg
104108856552.jpg,104108990768.jpg,104108856552.jpg
104108729176.jpg,104108799268.jpg,104108729176.jpg
104108391504.jpg,104108630890.jpg,104108630890.jpg
104108926443.jpg,104108973712.jpg,104108926443.jpg
104108964030.jpg,104106769963.jpg,104106769963.jpg
104107479776.jpg,104109046484.jpg,104109046484.jpg
104108667134.jpg,104109074652.jpg,104108667134.jpg
104108482233.jpg,104107096406.jpg,104107096406.jpg
104108760626.jpg,104108595272.jpg,104108595272.jpg
104109033778.jpg,104108627229.jpg,104108627229.jpg
104109051954.jpg,104109007141.jpg,104109051954.jpg
104108866981.jpg,104109022874.jpg,104109022874.jpg
104108457626.jpg,104108839146.jpg,104108457626.jpg
104108926443.jpg,104108839865.jpg,104108926443.jpg
104106750365.jpg,104107057634.jpg,104106750365.jpg
104108729738.jpg,104108931680.jpg,104108931680.jpg
104108857740.jpg,104108860715.jpg,104108860715.jpg
104108995273.jpg,104108795931.jpg,104108995273.jpg
104108979500.jpg,104108920377.jpg,104108979500.jpg
104107184967.jpg,104108423834.jpg,104107184967.jpg
104108653387.jpg,104108402765.jpg,104108653387.jpg
104108282347.jpg,104109057340.jpg,104109057340.jpg
104108285616.jpg,104108910520.jpg,104108285616.jpg
104108522829.jpg,104107890258.jpg,104108522829.jpg
104108734198.jpg,104108929350.jpg,104108929350.jpg
104108989954.jpg,104109023688.jpg,104108989954.jpg
104108799268.jpg,104108945282.jpg,104108945282.jpg
104108958555.jpg,104107083244.jpg,104107083244.jpg
104109017528.jpg,104106936543.jpg,104109017528.jpg
104107526523.jpg,104107671918.jpg,104107671918.jpg
104108537471.jpg,104108952273.jpg,104108537471.jpg
104108993069.jpg,104108592506.jpg,104108592506.jpg
104108827215.jpg,104108752262.jpg,104108752262.jpg
104107445277.jpg,104109033778.jpg,104107445277.jpg
104108375027.jpg,104109027205.jpg,104108375027.jpg
104108958555.jpg,104108317853.jpg,104108317853.jpg
104108933415.jpg,104109010635.jpg,104109010635.jpg
104107238512.jpg,104108595636.jpg,104108595636.jpg
104108878064.jpg,104108683768.jpg,104108683768.jpg
104108788928.jpg,104108783945.jpg,104108783945.jpg
104109016876.jpg,104108866643.jpg,104109016876.jpg
104108602675.jpg,104108967028.jpg,104108967028.jpg
104108781507.jpg,104109038191.jpg,104109038191.jpg
104107134966.jpg,104108775417.jpg,104107134966.jpg
104108729738.jpg,104108646106.jpg,104108646106.jpg
104107563575.jpg,104107524436.jpg,104107524436.jpg
104108652136.jpg,104108798362.jpg,104108652136.jpg
104108764295.jpg,104108989567.jpg,104108989567.jpg
104108285616.jpg,104108798362.jpg,104108798362.jpg
104108595272.jpg,104108814105.jpg,104108595272.jpg
104108037471.jpg,104108883315.jpg,104108883315.jpg
104108884118.jpg,104108950576.jpg,104108884118.jpg
104108551485.jpg,104108997771.jpg,104108551485.jpg
104108993069.jpg,104108613968.jpg,104108613968.jpg
104108438364.jpg,104108272389.jpg,104108272389.jpg
104108774096.jpg,104108984672.jpg,104108984672.jpg
104108627229.jpg,104108583839.jpg,104108627229.jpg
104108375027.jpg,104108544828.jpg,104108544828.jpg
104108522829.jpg,104108041370.jpg,104108522829.jpg
104108198082.jpg,104108558415.jpg,104108558415.jpg
104108926551.jpg,104109029831.jpg,104108926551.jpg
104108508211.jpg,104108839146.jpg,104108839146.jpg
104109079480.jpg,104108964030.jpg,104109079480.jpg
104108799848.jpg,104109007141.jpg,104108799848.jpg
104109029831.jpg,104108888653.jpg,104108888653.jpg
104108999963.jpg,104108601667.jpg,104108601667.jpg
104108933035.jpg,104109028923.jpg,104108933035.jpg
104108142104.jpg,104108701046.jpg,104108142104.jpg
104107819138.jpg,104108701046.jpg,104107819138.jpg
104108583735.jpg,104108509599.jpg,104108509599.jpg
104108920656.jpg,104108404615.jpg,104108920656.jpg
104108678419.jpg,104109028923.jpg,104108678419.jpg
104108404615.jpg,104108471272.jpg,104108471272.jpg
104109038191.jpg,104108773563.jpg,104108773563.jpg
104108983415.jpg,104108342587.jpg,104108342587.jpg
104108622201.jpg,104108281868.jpg,104108622201.jpg
104107057634.jpg,104108910520.jpg,104107057634.jpg
104108897301.jpg,104108800692.jpg,104108897301.jpg
104108931149.jpg,104108985360.jpg,104108931149.jpg
104109016876.jpg,104108866643.jpg,104109016876.jpg
104106750365.jpg,104108764295.jpg,104106750365.jpg
104107563575.jpg,104108455579.jpg,104108455579.jpg
104108997771.jpg,104107408279.jpg,104107408279.jpg
104108711163.jpg,104108595636.jpg,104108595636.jpg
104108620360.jpg,104108467765.jpg,104108467765.jpg
104109011054.jpg,104108601239.jpg,104108601239.jpg
104108508211.jpg,104108655852.jpg,104108508211.jpg
104108798362.jpg,104108285616.jpg,104108798362.jpg
104108999963.jpg,104108555767.jpg,104108555767.jpg
104108894082.jpg,104109081519.jpg,104108894082.jpg
104108783945.jpg,104108788928.jpg,104108783945.jpg
104108933415.jpg,104108845850.jpg,104108845850.jpg
104107144403.jpg,104108856628.jpg,104107144403.jpg
104108299949.jpg,104108925730.jpg,104108299949.jpg
104107252612.jpg,104108048695.jpg,104107252612.jpg
104107196040.jpg,104109090435.jpg,104107196040.jpg
104108788928.jpg,104108739992.jpg,104108788928.jpg
104108812334.jpg,104108925239.jpg,104108925239.jpg
104108781507.jpg,104108561221.jpg,104108781507.jpg
104108298920.jpg,104108869071.jpg,104108869071.jpg
104108041370.jpg,104108734198.jpg,104108041370.jpg
104108561221.jpg,104108926443.jpg,104108926443.jpg
104108555767.jpg,104108933702.jpg,104108555767.jpg
104108985619.jpg,104108764295.jpg,104108764295.jpg
104108583735.jpg,104108442047.jpg,104108442047.jpg
104108773563.jpg,104106931220.jpg,104108773563.jpg
104109017528.jpg,104108933035.jpg,104109017528.jpg
104108403161.jpg,104109004950.jpg,104109004950.jpg
104107573578.jpg,104108883315.jpg,104108883315.jpg
104107707060.jpg,104109007141.jpg,104107707060.jpg
104108799268.jpg,104108953674.jpg,104108953674.jpg
104108800692.jpg,104108432307.jpg,104108432307.jpg
104108086956.jpg,104108990768.jpg,104108990768.jpg
104108845850.jpg,104108859766.jpg,104108859766.jpg
104108726540.jpg,104108730392.jpg,104108730392.jpg
104107836185.jpg,104108774096.jpg,104107836185.jpg
104107057634.jpg,104107671918.jpg,104107671918.jpg
104108919133.jpg,104108854371.jpg,104108919133.jpg
104108504580.jpg,104108795931.jpg,104108504580.jpg
104108729464.jpg,104108888986.jpg,104108729464.jpg
104108622201.jpg,104108475014.jpg,104108475014.jpg
104109071073.jpg,104108745014.jpg,104108745014.jpg
104108772466.jpg,104108383685.jpg,104108772466.jpg
104108836631.jpg,104108810212.jpg,104108810212.jpg
104107252612.jpg,104108790088.jpg,104107252612.jpg
104108281868.jpg,104108971431.jpg,104108971431.jpg
104108877288.jpg,104108988788.jpg,104108877288.jpg
104108769212.jpg,104109086516.jpg,104109086516.jpg
104108865747.jpg,104108888653.jpg,104108865747.jpg
104108883315.jpg,104108544828.jpg,104108544828.jpg
104108753924.jpg,104107777564.jpg,104107777564.jpg
104108988188.jpg,104108086956.jpg,104108988188.jpg
104107512304.jpg,104107858772.jpg,104107512304.jpg
104109021662.jpg,104109011775.jpg,104109011775.jpg
104107973752.jpg,104108790088.jpg,104107973752.jpg
104108905183.jpg,104108626167.jpg,104108626167.jpg
104109004950.jpg,104108952273.jpg,104109004950.jpg
104108602675.jpg,104109081519.jpg,104109081519.jpg
104107707060.jpg,104108814105.jpg,104107707060.jpg
104107985531.jpg,104109075036.jpg,104109075036.jpg
104109081519.jpg,104109027205.jpg,104109081519.jpg
104107286515.jpg,104108576174.jpg,104107286515.jpg
104108874835.jpg,104105980871.jpg,104108874835.jpg
104107184967.jpg,104108024282.jpg,104107184967.jpg
104108595272.jpg,104108760626.jpg,104108595272.jpg
104109007141.jpg,104107707060.jpg,104107707060.jpg
104108729464.jpg,104106802049.jpg,104108729464.jpg
104108538409.jpg,104108745648.jpg,104108745648.jpg
104108504580.jpg,104108916291.jpg,104108504580.jpg
104107001320.jpg,104104481434.jpg,104107001320.jpg
104108982584.jpg,104106945388.jpg,104106945388.jpg
104106820573.jpg,104108006544.jpg,104106820573.jpg
104108653387.jpg,104108884118.jpg,104108653387.jpg
104108906517.jpg,104108538306.jpg,104108906517.jpg
104108642604.jpg,104108729176.jpg,104108729176.jpg
104108627229.jpg,104108926551.jpg,104108627229.jpg
104108299949.jpg,104108990768.jpg,104108299949.jpg
104108838791.jpg,104107973752.jpg,104107973752.jpg
104108777350.jpg,104108888653.jpg,104108888653.jpg
104106931220.jpg,104108612795.jpg,104106931220.jpg
104108773563.jpg,104106931220.jpg,104108773563.jpg
104108602176.jpg,104108942837.jpg,104108602176.jpg
104108971045.jpg,104108317853.jpg,104108971045.jpg
104108560046.jpg,104105980871.jpg,104108560046.jpg
104107110878.jpg,104108919133.jpg,104108919133.jpg
104108079090.jpg,104108603773.jpg,104108603773.jpg
104108931680.jpg,104108775417.jpg,104108931680.jpg
104108551485.jpg,104108793880.jpg,104108551485.jpg
104108537471.jpg,104108952273.jpg,104108537471.jpg
104109008763.jpg,104108839187.jpg,104108839187.jpg
104108648056.jpg,104108140332.jpg,104108140332.jpg
104109039511.jpg,104107144403.jpg,104109039511.jpg
104108925239.jpg,104108504580.jpg,104108925239.jpg
104108642604.jpg,104108373886.jpg,104108373886.jpg
104108622246.jpg,104108375027.jpg,104108375027.jpg
104108538306.jpg,104108544828.jpg,104108544828.jpg
104108964392.jpg,104108045572.jpg,104108964392.jpg
104108815872.jpg,104108006544.jpg,104108006544.jpg
104108790045.jpg,104108553448.jpg,104108790045.jpg
104108538409.jpg,104108142104.jpg,104108142104.jpg
104108609843.jpg,104108622246.jpg,104108609843.jpg
104109063442.jpg,104108667134.jpg,104108667134.jpg
104109057340.jpg,104108754062.jpg,104108754062.jpg
104108595636.jpg,104107858772.jpg,104108595636.jpg
104108964030.jpg,104108622359.jpg,104108622359.jpg
104109020493.jpg,104108753924.jpg,104109020493.jpg
104108479327.jpg,104108678513.jpg,104108678513.jpg
104108725465.jpg,104109021662.jpg,104109021662.jpg
104108323626.jpg,104108583735.jpg,104108323626.jpg
104108544266.jpg,104106820573.jpg,104106820573.jpg
104108613968.jpg,104108544266.jpg,104108613968.jpg
104108667134.jpg,104108783945.jpg,104108667134.jpg
104108856552.jpg,104108990768.jpg,104108856552.jpg
104108457626.jpg,104108866643.jpg,104108457626.jpg
104105588631.jpg,104108881377.jpg,104108881377.jpg
104108402765.jpg,104109027205.jpg,104108402765.jpg
104108595636.jpg,104108976984.jpg,104108595636.jpg
104108804256.jpg,104108907676.jpg,104108804256.jpg
104108603862.jpg,104108097531.jpg,104108603862.jpg
104108140332.jpg,104108746166.jpg,104108140332.jpg
104108906517.jpg,104108815872.jpg,104108906517.jpg
104108424232.jpg,104108432307.jpg,104108432307.jpg
104108981612.jpg,104108979815.jpg,104108979815.jpg
104108024282.jpg,104108281868.jpg,104108281868.jpg
104107819138.jpg,104109044506.jpg,104109044506.jpg
104108853728.jpg,104109086516.jpg,104108853728.jpg
104107722079.jpg,104107403238.jpg,104107403238.jpg
104108163803.jpg,104107858772.jpg,104108163803.jpg
104108404615.jpg,104108987911.jpg,104108987911.jpg
104108552929.jpg,104108307753.jpg,104108307753.jpg
104108004071.jpg,104107819138.jpg,104108004071.jpg
104108854371.jpg,104108945282.jpg,104108945282.jpg
104109051954.jpg,104108630312.jpg,104108630312.jpg
104108460439.jpg,104108745648.jpg,104108460439.jpg
104108595272.jpg,104107836185.jpg,104108595272.jpg
104108989567.jpg,104108739176.jpg,104108989567.jpg
104106852409.jpg,104106734438.jpg,104106852409.jpg
104109071073.jpg,104108538306.jpg,104108538306.jpg
104108914376.jpg,104108970398.jpg,104108970398.jpg
104108424232.jpg,104108983415.jpg,104108424232.jpg
104109021662.jpg,104108725465.jpg,104109021662.jpg
104107252612.jpg,104108718686.jpg,104107252612.jpg
104107090377.jpg,104108812334.jpg,104108812334.jpg
104108611766.jpg,104109072715.jpg,104109072715.jpg
104108839146.jpg,104108947440.jpg,104108839146.jpg
104107305834.jpg,104108455579.jpg,104108455579.jpg
104106715634.jpg,104108987911.jpg,104108987911.jpg
104108905183.jpg,104108225562.jpg,104108225562.jpg
104108788928.jpg,104108640643.jpg,104108640643.jpg
104108142104.jpg,104107844041.jpg,104108142104.jpg
104108925239.jpg,104108794974.jpg,104108925239.jpg
104108870597.jpg,104108383685.jpg,104108870597.jpg
104108467765.jpg,104108516063.jpg,104108467765.jpg
104109038191.jpg,104108800692.jpg,104109038191.jpg
104108285616.jpg,104108910520.jpg,104108285616.jpg
104107090377.jpg,104109014683.jpg,104109014683.jpg
104108772466.jpg,104107850200.jpg,104108772466.jpg
104108566263.jpg,104108323626.jpg,104108566263.jpg
104108888885.jpg,104109049053.jpg,104109049053.jpg
104108989954.jpg,104108253740.jpg,104108989954.jpg
104108648056.jpg,104108788928.jpg,104108788928.jpg
104106690875.jpg,104108041370.jpg,104106690875.jpg
104106746366.jpg,104108538409.jpg,104106746366.jpg
104108790088.jpg,104107479776.jpg,104107479776.jpg
104108979500.jpg,104108670376.jpg,104108670376.jpg
104108757423.jpg,104105683403.jpg,104105683403.jpg
104107573578.jpg,104107552461.jpg,104107552461.jpg
104108992130.jpg,104107096406.jpg,104107096406.jpg
104108969952.jpg,104108630890.jpg,104108630890.jpg
104108460439.jpg,104108391504.jpg,104108460439.jpg
104108623685.jpg,104109044506.jpg,104109044506.jpg
104107512304.jpg,104108785710.jpg,104107512304.jpg
104108341967.jpg,104108610169.jpg,104108341967.jpg
104106057649.jpg,104109009682.jpg,104106057649.jpg
104108385467.jpg,104108791651.jpg,104108791651.jpg
104108894082.jpg,104108329417.jpg,104108329417.jpg
104108613968.jpg,104109022874.jpg,104108613968.jpg
104108920377.jpg,104108929764.jpg,104108929764.jpg
104108542880.jpg,104108403161.jpg,104108542880.jpg
104108627229.jpg,104108583839.jpg,104108627229.jpg
104107289175.jpg,104108894082.jpg,104108894082.jpg
104108810212.jpg,104107550926.jpg,104107550926.jpg
104106852409.jpg,104108282347.jpg,104106852409.jpg
104109053645.jpg,104107289175.jpg,104109053645.jpg
104108930083.jpg,104108789981.jpg,104108789981.jpg
104108045572.jpg,104108919133.jpg,104108919133.jpg
104108652136.jpg,104106709500.jpg,104108652136.jpg
104108622359.jpg,104108219831.jpg,104108622359.jpg
104108462484.jpg,104109007141.jpg,104108462484.jpg
104108732600.jpg,104108774361.jpg,104108774361.jpg
104107455173.jpg,104107512304.jpg,104107455173.jpg
104108323626.jpg,104108729464.jpg,104108729464.jpg
104108612795.jpg,104108953299.jpg,104108953299.jpg
104108795931.jpg,104108655852.jpg,104108795931.jpg
104108331324.jpg,104108556974.jpg,104108556974.jpg
104109028923.jpg,104108678419.jpg,104108678419.jpg
104109007141.jpg,104108462484.jpg,104108462484.jpg
104108940280.jpg,104107503214.jpg,104107503214.jpg
104108391504.jpg,104108789981.jpg,104108789981.jpg
104108114295.jpg,104108953299.jpg,104108953299.jpg
104106945388.jpg,104108788928.jpg,104106945388.jpg
104108839187.jpg,104108149725.jpg,104108839187.jpg
104108701046.jpg,104108820453.jpg,104108820453.jpg
104108976984.jpg,104107563575.jpg,104108976984.jpg
104109029831.jpg,104108926551.jpg,104108926551.jpg
104108439840.jpg,104108662703.jpg,104108662703.jpg
104108965923.jpg,104109007141.jpg,104108965923.jpg
104108402765.jpg,104108282347.jpg,104108402765.jpg
104108730392.jpg,104108958555.jpg,104108730392.jpg
104108703120.jpg,104108097531.jpg,104108097531.jpg
104107144403.jpg,104108609843.jpg,104108609843.jpg
104108004071.jpg,104107819138.jpg,104108004071.jpg
104108839146.jpg,104108086956.jpg,104108839146.jpg
104108622319.jpg,104109010635.jpg,104109010635.jpg
104108285616.jpg,104108598402.jpg,104108285616.jpg
104108931149.jpg,104107403238.jpg,104107403238.jpg
104109017528.jpg,104108826085.jpg,104109017528.jpg
104108603773.jpg,104108888986.jpg,104108888986.jpg
104108950576.jpg,104108829152.jpg,104108829152.jpg
104108467765.jpg,104108516063.jpg,104108467765.jpg
104106813033.jpg,104108926443.jpg,104108926443.jpg
104108952273.jpg,104108479327.jpg,104108952273.jpg
104108812334.jpg,104108097531.jpg,104108812334.jpg
104108509599.jpg,104108790045.jpg,104108790045.jpg
104108799268.jpg,104108856628.jpg,104108799268.jpg
104108877288.jpg,104109074652.jpg,104108877288.jpg
104108774361.jpg,104108732600.jpg,104108774361.jpg
104108933035.jpg,104109028923.jpg,104108933035.jpg
104108931680.jpg,104108992130.jpg,104108931680.jpg
104108931542.jpg,104108757604.jpg,104108757604.jpg
104108576174.jpg,104108990768.jpg,104108990768.jpg
104108926551.jpg,104108945282.jpg,104108926551.jpg
104108438364.jpg,104107305834.jpg,104108438364.jpg
104108097531.jpg,104108603862.jpg,104108603862.jpg
104108678419.jpg,104108810212.jpg,104108678419.jpg
104108859766.jpg,104106769963.jpg,104108859766.jpg
104108555767.jpg,104108689696.jpg,104108555767.jpg
104109044506.jpg,104108653387.jpg,104108653387.jpg
104108378455.jpg,104108662703.jpg,104108662703.jpg
104106802049.jpg,104108985360.jpg,104106802049.jpg
104108992130.jpg,104106057649.jpg,104106057649.jpg
104108945746.jpg,104108940280.jpg,104108945746.jpg
104108963586.jpg,104108989567.jpg,104108989567.jpg
104108718686.jpg,104107850200.jpg,104107850200.jpg
104108822531.jpg,104108004256.jpg,104108822531.jpg
104109023688.jpg,104108334861.jpg,104108334861.jpg
104108788617.jpg,104108845850.jpg,104108845850.jpg
104108870597.jpg,104108566263.jpg,104108870597.jpg
104108917829.jpg,104106894431.jpg,104106894431.jpg
104108537471.jpg,104108447874.jpg,104108537471.jpg
104108615890.jpg,104108874835.jpg,104108615890.jpg
104108653387.jpg,104109027205.jpg,104108653387.jpg
104108627229.jpg,104108595636.jpg,104108627229.jpg
104108815872.jpg,104107836185.jpg,104107836185.jpg
104108757604.jpg,104108285616.jpg,104108285616.jpg
104108884118.jpg,104108896286.jpg,104108884118.jpg
104109014683.jpg,104108350295.jpg,104109014683.jpg
104108772466.jpg,104108798362.jpg,104108798362.jpg
104108509884.jpg,104108800692.jpg,104108800692.jpg
104108504580.jpg,104108854371.jpg,104108504580.jpg
104108757423.jpg,104108460439.jpg,104108460439.jpg
104108642604.jpg,104108566263.jpg,104108642604.jpg
104105683403.jpg,104108105366.jpg,104105683403.jpg
104108568354.jpg,104107083244.jpg,104108568354.jpg
104108783945.jpg,104108667134.jpg,104108667134.jpg
104108850287.jpg,104108973712.jpg,104108973712.jpg
104109033778.jpg,104108627229.jpg,104108627229.jpg
104108734198.jpg,104108612795.jpg,104108734198.jpg
104106813033.jpg,104109090435.jpg,104106813033.jpg
104108295662.jpg,104108839865.jpg,104108295662.jpg
104109020493.jpg,104107001320.jpg,104109020493.jpg
104108525589.jpg,104107408279.jpg,104107408279.jpg
104109011054.jpg,104108525589.jpg,104108525589.jpg
104108584673.jpg,104108800692.jpg,104108584673.jpg
104108860715.jpg,104106057649.jpg,104106057649.jpg
104108444505.jpg,104108689696.jpg,104108444505.jpg
104108595636.jpg,104108711163.jpg,104108595636.jpg
104107550926.jpg,104108465606.jpg,104108465606.jpg
104108745014.jpg,104108906517.jpg,104108745014.jpg
104108079090.jpg,104108373886.jpg,104108373886.jpg
104109057282.jpg,104109027205.jpg,104109057282.jpg
104108958236.jpg,104108935073.jpg,104108958236.jpg
104108670376.jpg,104108602176.jpg,104108670376.jpg
104107090377.jpg,104109057340.jpg,104109057340.jpg
104108800692.jpg,104108037471.jpg,104108037471.jpg
104108509599.jpg,104108364492.jpg,104108364492.jpg
104108602176.jpg,104108442047.jpg,104108602176.jpg
104108424749.jpg,104108870597.jpg,104108870597.jpg
104108707962.jpg,104108929764.jpg,104108929764.jpg
104108769212.jpg,104108543776.jpg,104108543776.jpg
104107503214.jpg,104108774096.jpg,104107503214.jpg
104107455173.jpg,104106057649.jpg,104106057649.jpg
104108465606.jpg,104107777564.jpg,104107777564.jpg
104108508211.jpg,104109010293.jpg,104108508211.jpg
104108711163.jpg,104107156101.jpg,104108711163.jpg
104109079480.jpg,104107252612.jpg,104107252612.jpg
104106746366.jpg,104108114295.jpg,104106746366.jpg
104107239815.jpg,104109033778.jpg,104109033778.jpg
104108652136.jpg,104107156101.jpg,104108652136.jpg
104108374459.jpg,104108331521.jpg,104108331521.jpg
104108834683.jpg,104108985619.jpg,104108834683.jpg
104108826085.jpg,104107340288.jpg,104107340288.jpg
104108649028.jpg,104108781507.jpg,104108781507.jpg
104108925730.jpg,104107238512.jpg,104107238512.jpg
104108990768.jpg,104108707005.jpg,104108707005.jpg
104108439840.jpg,104108906517.jpg,104108906517.jpg
104105683403.jpg,104107552461.jpg,104105683403.jpg
104108593196.jpg,104108930083.jpg,104108930083.jpg
104107785618.jpg,104108910520.jpg,104107785618.jpg
104109004950.jpg,104108403161.jpg,104109004950.jpg
104109033778.jpg,104108601667.jpg,104109033778.jpg
104108877288.jpg,104109009682.jpg,104109009682.jpg
104106769963.jpg,104108964030.jpg,104106769963.jpg
104108707005.jpg,104108987545.jpg,104108707005.jpg
104108219831.jpg,104108622359.jpg,104108622359.jpg
104108627229.jpg,104108379716.jpg,104108627229.jpg
104108972455.jpg,104108426319.jpg,104108972455.jpg
104108758944.jpg,104108929350.jpg,104108758944.jpg
104107083244.jpg,104108979815.jpg,104108979815.jpg
104109075036.jpg,104108815872.jpg,104109075036.jpg
104108791651.jpg,104108385467.jpg,104108791651.jpg
104108006544.jpg,104108785710.jpg,104108006544.jpg
104108929764.jpg,104108920377.jpg,104108929764.jpg
104109029831.jpg,104108374459.jpg,104109029831.jpg
104108981612.jpg,104109010293.jpg,104109010293.jpg
104107455173.jpg,104107512304.jpg,104107455173.jpg
104108601667.jpg,104109033778.jpg,104109033778.jpg
104108630890.jpg,104108725465.jpg,104108630890.jpg
104108988788.jpg,104108601667.jpg,104108601667.jpg
104107985531.jpg,104108968431.jpg,104107985531.jpg
104108995273.jpg,104108105366.jpg,104108105366.jpg
104108553448.jpg,104108610169.jpg,104108610169.jpg
104108888986.jpg,104107286515.jpg,104108888986.jpg
104107707060.jpg,104108598402.jpg,104107707060.jpg
104108788617.jpg,104108815872.jpg,104108788617.jpg
104108910520.jpg,104108285616.jpg,104108285616.jpg
104109072715.jpg,104108611766.jpg,104109072715.jpg
104107001320.jpg,104109010293.jpg,104109010293.jpg
104108602176.jpg,104108662703.jpg,104108662703.jpg
104108746166.jpg,104108931542.jpg,104108746166.jpg
104108711163.jpg,104107156101.jpg,104108711163.jpg
104107057634.jpg,104108986978.jpg,104108986978.jpg
104108820453.jpg,104107239815.jpg,104108820453.jpg
104108745014.jpg,104108984672.jpg,104108745014.jpg
104108856552.jpg,104108231125.jpg,104108856552.jpg
104108342587.jpg,104108282347.jpg,104108342587.jpg
104107156101.jpg,104108695903.jpg,104108695903.jpg
104108587526.jpg,104109071073.jpg,104109071073.jpg
104108926551.jpg,104107096406.jpg,104107096406.jpg
104108482233.jpg,104108471272.jpg,104108471272.jpg
104108926551.jpg,104108945282.jpg,104108926551.jpg
104109027205.jpg,104107185014.jpg,104107185014.jpg
104108775417.jpg,104108281868.jpg,104108281868.jpg
104108865747.jpg,104107563575.jpg,104108865747.jpg
104108925730.jpg,104108790045.jpg,104108790045.jpg
104108561221.jpg,104109088490.jpg,104109088490.jpg
104108613968.jpg,104108707962.jpg,104108613968.jpg
104108933772.jpg,104108097531.jpg,104108933772.jpg
104107286515.jpg,104108971431.jpg,104108971431.jpg
104108410829.jpg,104109010293.jpg,104109010293.jpg
104107973752.jpg,104108790088.jpg,104107973752.jpg
104109074652.jpg,104108690599.jpg,104108690599.jpg
104107844041.jpg,104106729605.jpg,104106729605.jpg
104108800692.jpg,104108897301.jpg,104108897301.jpg
104108718686.jpg,104108475014.jpg,104108475014.jpg
104108551485.jpg,104108942837.jpg,104108551485.jpg
104109005490.jpg,104108878064.jpg,104109005490.jpg
104108079090.jpg,104108525589.jpg,104108525589.jpg
104107427714.jpg,104108729738.jpg,104107427714.jpg
104105588631.jpg,104108658172.jpg,104108658172.jpg
104108920656.jpg,104109057340.jpg,104109057340.jpg
104108992130.jpg,104108985360.jpg,104108992130.jpg
104108856552.jpg,104109052464.jpg,104108856552.jpg
104108615890.jpg,104108257061.jpg,104108615890.jpg
104107184967.jpg,104108963586.jpg,104107184967.jpg
104107844041.jpg,104108114295.jpg,104108114295.jpg
104108465606.jpg,104108592506.jpg,104108465606.jpg
104108350295.jpg,104109014683.jpg,104109014683.jpg
104109010635.jpg,104108945746.jpg,104109010635.jpg
104108740569.jpg,104108509884.jpg,104108740569.jpg
104108231125.jpg,104108995273.jpg,104108231125.jpg
104106690875.jpg,104108976984.jpg,104106690875.jpg
104108952273.jpg,104108479327.jpg,104108952273.jpg
104108465606.jpg,104107550926.jpg,104108465606.jpg
104109057282.jpg,104108780545.jpg,104109057282.jpg
104109005490.jpg,104108878064.jpg,104109005490.jpg
104108257061.jpg,104107286515.jpg,104107286515.jpg
104108774361.jpg,104108732600.jpg,104108774361.jpg
104108341967.jpg,104109011054.jpg,104108341967.jpg
104106746366.jpg,104108953299.jpg,104106746366.jpg
104106734438.jpg,104108953674.jpg,104106734438.jpg
104108558803.jpg,104109049053.jpg,104108558803.jpg
104108845850.jpg,104108933415.jpg,104108845850.jpg
104107090377.jpg,104108597661.jpg,104108597661.jpg
104108471272.jpg,104108482233.jpg,104108471272.jpg
104108482233.jpg,104109072715.jpg,104108482233.jpg
104108465606.jpg,104107550926.jpg,104108465606.jpg
104108973712.jpg,104108683768.jpg,104108683768.jpg
104108743726.jpg,104109008763.jpg,104108743726.jpg
104108970398.jpg,104109005505.jpg,104108970398.jpg
104108317853.jpg,104108251388.jpg,104108317853.jpg
104108383685.jpg,104108994336.jpg,104108994336.jpg
104108968431.jpg,104108963586.jpg,104108963586.jpg
104108251388.jpg,104108836631.jpg,104108251388.jpg
104108746964.jpg,104108607496.jpg,104108746964.jpg
104108460439.jpg,104108757423.jpg,104108460439.jpg
104108839865.jpg,104108769212.jpg,104108769212.jpg
104108438364.jpg,104108945746.jpg,104108438364.jpg
104108933035.jpg,104108509884.jpg,104108933035.jpg
104108740569.jpg,104108504580.jpg,104108504580.jpg
104108538306.jpg,104108282347.jpg,104108538306.jpg
104108231125.jpg,104108995273.jpg,104108231125.jpg
104108990768.jpg,104107931630.jpg,104107931630.jpg
104108050876.jpg,104106813033.jpg,104106813033.jpg
104108822531.jpg,104108375027.jpg,104108375027.jpg
104108482233.jpg,104108149725.jpg,104108482233.jpg
104107110887.jpg,104108926443.jpg,104108926443.jpg
104108622246.jpg,104108282347.jpg,104108282347.jpg
104108795931.jpg,104108603773.jpg,104108603773.jpg
104107086323.jpg,104108788928.jpg,104107086323.jpg
104109020493.jpg,104106715943.jpg,104106715943.jpg
104108568354.jpg,104108942837.jpg,104108568354.jpg
104108988188.jpg,104108878064.jpg,104108988188.jpg
104108555767.jpg,104108689696.jpg,104108555767.jpg
104107836185.jpg,104108815872.jpg,104107836185.jpg
104108341967.jpg,104109086516.jpg,104108341967.jpg
104108285616.jpg,104108555767.jpg,104108555767.jpg
104108772466.jpg,104109008763.jpg,104108772466.jpg
104108136936.jpg,104108296291.jpg,104108296291.jpg
104108602675.jpg,104108804256.jpg,104108804256.jpg
104109057340.jpg,104107090377.jpg,104109057340.jpg
104109053645.jpg,104108896286.jpg,104109053645.jpg
104108282347.jpg,104108987911.jpg,104108987911.jpg
104108307753.jpg,104108630923.jpg,104108307753.jpg
104108930083.jpg,104108331521.jpg,104108331521.jpg
104108815872.jpg,104107083244.jpg,104107083244.jpg
104108609843.jpg,104108788617.jpg,104108788617.jpg
104108897301.jpg,104108442047.jpg,104108442047.jpg
104108791651.jpg,104107277214.jpg,104108791651.jpg
104108971431.jpg,104108281868.jpg,104108971431.jpg
104109022874.jpg,104108576174.jpg,104109022874.jpg
104108850287.jpg,104108764295.jpg,104108764295.jpg
104108989567.jpg,104108561221.jpg,104108989567.jpg
104108989954.jpg,104108859766.jpg,104108859766.jpg
104108730392.jpg,104107134966.jpg,104108730392.jpg
104108920656.jpg,104107796270.jpg,104107796270.jpg
104107181532.jpg,104108969952.jpg,104108969952.jpg
104109074652.jpg,104108622359.jpg,104108622359.jpg
104108163803.jpg,104108334861.jpg,104108334861.jpg
104108745962.jpg,104108603773.jpg,104108603773.jpg
104109033778.jpg,104108783257.jpg,104109033778.jpg
104107560265.jpg,104108987911.jpg,104108987911.jpg
104109070181.jpg,104108810212.jpg,104108810212.jpg
104108999963.jpg,104108682136.jpg,104108999963.jpg
104108647249.jpg,104108917829.jpg,104108917829.jpg
104108912548.jpg,104108447874.jpg,104108912548.jpg
104108504580.jpg,104108925239.jpg,104108925239.jpg
104108995273.jpg,104108795931.jpg,104108995273.jpg
104108045572.jpg,104107973752.jpg,104107973752.jpg
104108907676.jpg,104108804256.jpg,104108804256.jpg
104108881377.jpg,104105980871.jpg,104108881377.jpg
104107445277.jpg,104108701046.jpg,104107445277.jpg
104108985619.jpg,104109051954.jpg,104109051954.jpg
104108857740.jpg,104106709500.jpg,104106709500.jpg
104108627229.jpg,104108583839.jpg,104108627229.jpg
104108231125.jpg,104108856552.jpg,104108856552.jpg
104107777564.jpg,104108630890.jpg,104107777564.jpg
104106057649.jpg,104109009682.jpg,104106057649.jpg
104108757604.jpg,104107722079.jpg,104108757604.jpg
104108097531.jpg,104108649028.jpg,104108649028.jpg
104108593196.jpg,104108086956.jpg,104108086956.jpg
104108479327.jpg,104108595636.jpg,104108595636.jpg
104108630890.jpg,104107350098.jpg,104108630890.jpg
104108740569.jpg,104108834683.jpg,104108834683.jpg
104108423834.jpg,104108620360.jpg,104108620360.jpg
104108729738.jpg,104108931680.jpg,104108931680.jpg
104108383685.jpg,104108004256.jpg,104108383685.jpg
104108140332.jpg,104108648056.jpg,104108140332.jpg
104108942837.jpg,104108551485.jpg,104108551485.jpg
104107289175.jpg,104109053645.jpg,104109053645.jpg
104107671918.jpg,104108465606.jpg,104108465606.jpg
104108820409.jpg,104108780545.jpg,104108820409.jpg
104107707060.jpg,104108982584.jpg,104107707060.jpg
104108984172.jpg,104108642604.jpg,104108984172.jpg
104108383685.jpg,104108772466.jpg,104108772466.jpg
104109072715.jpg,104109042223.jpg,104109042223.jpg
104108683768.jpg,104108878064.jpg,104108683768.jpg
104109051954.jpg,104108985619.jpg,104109051954.jpg
104108652136.jpg,104106709500.jpg,104108652136.jpg
104109039511.jpg,104108795931.jpg,104109039511.jpg
104108688960.jpg,104108967028.jpg,104108967028.jpg
104107819138.jpg,104108707962.jpg,104108707962.jpg
104109039511.jpg,104108856628.jpg,104109039511.jpg
104108341967.jpg,104108965923.jpg,104108341967.jpg
104108037471.jpg,104108341967.jpg,104108341967.jpg
104107722079.jpg,104108912548.jpg,104108912548.jpg
104107305834.jpg,104108969952.jpg,104107305834.jpg
104108622201.jpg,104108331521.jpg,104108331521.jpg
104108231125.jpg,104108403161.jpg,104108231125.jpg
104109042223.jpg,104108307753.jpg,104108307753.jpg
104108812608.jpg,104108917829.jpg,104108917829.jpg
104109057340.jpg,104108920656.jpg,104109057340.jpg
104108561221.jpg,104108926443.jpg,104108926443.jpg
104108925730.jpg,104108299949.jpg,104108299949.jpg
104109081519.jpg,104108606686.jpg,104108606686.jpg
104104481434.jpg,104107277214.jpg,104104481434.jpg
104108688960.jpg,104108097531.jpg,104108097531.jpg
104108764295.jpg,104108989567.jpg,104108989567.jpg
104107819138.jpg,104108587526.jpg,104107819138.jpg
104108772466.jpg,104108757604.jpg,104108772466.jpg
104108620360.jpg,104108423834.jpg,104108620360.jpg
104107258151.jpg,104107350098.jpg,104107350098.jpg
104106715943.jpg,104108285616.jpg,104106715943.jpg
104107181532.jpg,104108296291.jpg,104108296291.jpg
104108097533.jpg,104107134966.jpg,104108097533.jpg
104108888653.jpg,104108777350.jpg,104108888653.jpg
104108989954.jpg,104108683768.jpg,104108989954.jpg
104108272389.jpg,104108914376.jpg,104108272389.jpg
104108836631.jpg,104108931542.jpg,104108931542.jpg
104105683403.jpg,104108757423.jpg,104105683403.jpg
104108701046.jpg,104109079480.jpg,104109079480.jpg
104108858221.jpg,104109078999.jpg,104109078999.jpg
104108544266.jpg,104108919133.jpg,104108919133.jpg
104108745648.jpg,104108799268.jpg,104108745648.jpg
104108874835.jpg,104108568354.jpg,104108568354.jpg
104108718686.jpg,104108606686.jpg,104108606686.jpg
104108820409.jpg,104108913569.jpg,104108913569.jpg
104108836631.jpg,104108707624.jpg,104108707624.jpg
104108989567.jpg,104108788928.jpg,104108989567.jpg
104108740569.jpg,104108919133.jpg,104108919133.jpg
104108729464.jpg,104108125521.jpg,104108729464.jpg
104108989954.jpg,104107795179.jpg,104108989954.jpg
104108746964.jpg,104108790088.jpg,104108746964.jpg
104108486750.jpg,104108475014.jpg,104108475014.jpg
104108602176.jpg,104107112373.jpg,104108602176.jpg
104108504580.jpg,104108795931.jpg,104108504580.jpg
104108603773.jpg,104108079090.jpg,104108603773.jpg
104108870597.jpg,104108566263.jpg,104108870597.jpg
104107110887.jpg,104106750365.jpg,104106750365.jpg
104108940280.jpg,104108983415.jpg,104108983415.jpg
104108688960.jpg,104108798362.jpg,104108798362.jpg
104108856552.jpg,104108990768.jpg,104108856552.jpg
104108788928.jpg,104107086323.jpg,104107086323.jpg
104108874835.jpg,104108615890.jpg,104108615890.jpg
104108982061.jpg,104107196040.jpg,104107196040.jpg
104107086323.jpg,104108971045.jpg,104107086323.jpg
104108426589.jpg,104107525811.jpg,104107525811.jpg
104106734438.jpg,104108760626.jpg,104108760626.jpg
104107340288.jpg,104108993069.jpg,104107340288.jpg
104108977018.jpg,104108958485.jpg,104108958485.jpg
104108050876.jpg,104108601239.jpg,104108601239.jpg
104108648056.jpg,104107185014.jpg,104107185014.jpg
104109009682.jpg,104108877288.jpg,104109009682.jpg
104108678419.jpg,104108374459.jpg,104108678419.jpg
104108753924.jpg,104109021662.jpg,104108753924.jpg
104109027205.jpg,104109081519.jpg,104109081519.jpg
104107524436.jpg,104106820573.jpg,104106820573.jpg
104108424232.jpg,104108774361.jpg,104108774361.jpg
104107196040.jpg,104108725465.jpg,104107196040.jpg
104108615890.jpg,104108140332.jpg,104108615890.jpg
104108971045.jpg,104108933772.jpg,104108971045.jpg
104108888653.jpg,104108995273.jpg,104108888653.jpg
104108482433.jpg,104108522829.jpg,104108522829.jpg
104106057649.jpg,104108992130.jpg,104106057649.jpg
104106945388.jpg,104108788928.jpg,104106945388.jpg
104108982061.jpg,104108560046.jpg,104108560046.jpg
104107112373.jpg,104108337629.jpg,104108337629.jpg
104108342587.jpg,104107239815.jpg,104108342587.jpg
104108647249.jpg,104108995273.jpg,104108995273.jpg
104108482233.jpg,104108592506.jpg,104108482233.jpg
104109081519.jpg,104108602176.jpg,104108602176.jpg
104108231125.jpg,104107184967.jpg,104108231125.jpg
104108592506.jpg,104108531872.jpg,104108531872.jpg
104108839187.jpg,104108136936.jpg,104108839187.jpg
104109063442.jpg,104108486750.jpg,104108486750.jpg
104109063442.jpg,104108350295.jpg,104108350295.jpg
104108745962.jpg,104106750365.jpg,104106750365.jpg
104106820573.jpg,104108866981.jpg,104106820573.jpg
104108426589.jpg,104108606686.jpg,104108606686.jpg
104108994336.jpg,104108299949.jpg,104108994336.jpg
104108432307.jpg,104108916291.jpg,104108432307.jpg
104109071073.jpg,104108985619.jpg,104109071073.jpg
104108457626.jpg,104108810212.jpg,104108457626.jpg
104107525811.jpg,104108045572.jpg,104107525811.jpg
104107144403.jpg,104108739992.jpg,104107144403.jpg
104107277214.jpg,104108317853.jpg,104108317853.jpg
104108475014.jpg,104108838791.jpg,104108838791.jpg
104108919133.jpg,104108045572.jpg,104108919133.jpg
104108881377.jpg,104109034938.jpg,104108881377.jpg
104108552929.jpg,104106746366.jpg,104106746366.jpg
104108815872.jpg,104108788617.jpg,104108788617.jpg
104108743726.jpg,104108958236.jpg,104108743726.jpg
104108839146.jpg,104108508211.jpg,104108839146.jpg
104108610169.jpg,104108272389.jpg,104108272389.jpg
104109004950.jpg,104108086956.jpg,104109004950.jpg
104107110878.jpg,104106936543.jpg,104106936543.jpg
104108788617.jpg,104108866643.jpg,104108788617.jpg
104108045572.jpg,104107525811.jpg,104107525811.jpg
104109072715.jpg,104108482233.jpg,104108482233.jpg
104108439840.jpg,104108972455.jpg,104108972455.jpg
104108331521.jpg,104108299949.jpg,104108331521.jpg
104108622201.jpg,104108331521.jpg,104108331521.jpg
104109071073.jpg,104108729176.jpg,104108729176.jpg
104108857740.jpg,104106709500.jpg,104106709500.jpg
104108426589.jpg,104108538306.jpg,104108538306.jpg
104108969952.jpg,104109021662.jpg,104108969952.jpg
104108854371.jpg,104108979815.jpg,104108979815.jpg
104109070181.jpg,104107566104.jpg,104107566104.jpg
104108983415.jpg,104108342587.jpg,104108342587.jpg
104108774096.jpg,104108652136.jpg,104108652136.jpg
104108869071.jpg,104108622201.jpg,104108869071.jpg
104106802049.jpg,104109011054.jpg,104106802049.jpg
104108622246.jpg,104108849407.jpg,104108849407.jpg
104108688960.jpg,104109078999.jpg,104109078999.jpg
104108299949.jpg,104108925730.jpg,104108299949.jpg
104108820453.jpg,104107239815.jpg,104108820453.jpg
